model,target,metric,ranking,absolute,relative,hybrid
wavlm_layer12,arousal,overall,absolute > hybrid > relative,0.7185729664324982,0.6812601190281449,0.6983722746457275
wavlm_layer12,arousal,between,absolute > hybrid > relative,0.8011246835203146,-0.1716704639392956,0.24366478325478583
wavlm_layer12,arousal,within,hybrid > absolute > relative,0.7131477424490653,0.7070098097828422,0.7145129886324183
wavlm_layer12,dominance,overall,absolute > hybrid > relative,0.5270255716930115,0.5048777884896954,0.5216825218602009
wavlm_layer12,dominance,between,absolute > hybrid > relative,0.3098284719684598,-0.22923548191268375,0.10306819063099695
wavlm_layer12,dominance,within,hybrid > absolute > relative,0.5381515773392473,0.5349808098908587,0.5420658282361813
wavlm_layer24,arousal,overall,absolute > hybrid > relative,0.7067372099327531,0.6642719027978068,0.6825080910318845
wavlm_layer24,arousal,between,absolute > hybrid > relative,0.8499025253088468,-0.2446144719899543,0.20369477900121305
wavlm_layer24,arousal,within,hybrid > absolute > relative,0.6970077443541568,0.6936465548922911,0.6992891982068893
wavlm_layer24,dominance,overall,absolute > hybrid > relative,0.5352512909609499,0.51223020841632,0.5276981083880312
wavlm_layer24,dominance,between,absolute > hybrid > relative,0.5271292165890545,-0.09980475953850443,0.301045841015538
wavlm_layer24,dominance,within,hybrid > absolute > relative,0.5357400449316695,0.5352390534714002,0.5390723250864439
emotion2vec_plus_large,arousal,overall,absolute > hybrid > relative,0.6207794911100823,0.595171177284256,0.6008349834091379
emotion2vec_plus_large,arousal,between,absolute > hybrid > relative,0.662553648796308,0.2949425282632117,0.3709707835395727
emotion2vec_plus_large,arousal,within,relative > absolute > hybrid,0.6186203676264302,0.6194971994289391,0.6160318059718102
emotion2vec_plus_large,dominance,overall,absolute > hybrid > relative,0.5007729220079467,0.48201476978344954,0.49199454598755366
emotion2vec_plus_large,dominance,between,absolute > hybrid > relative,0.5009246091197688,0.2436606739122107,0.4429856377947228
emotion2vec_plus_large,dominance,within,absolute > relative > hybrid,0.5007648618157245,0.4980503230408393,0.49744293945525353
hubert_base_ls960,arousal,overall,absolute > hybrid > relative,0.6749862494708513,0.6483764278567166,0.658301811201371
hubert_base_ls960,arousal,between,absolute > hybrid > relative,0.8346882541641044,0.19818173627252908,0.4599560457216488
hubert_base_ls960,arousal,within,hybrid > relative > absolute,0.6645535862128686,0.6646680364784034,0.6671079156715036
hubert_base_ls960,dominance,overall,absolute > hybrid > relative,0.515937355471163,0.4911066323790062,0.5061802370120799
hubert_base_ls960,dominance,between,absolute > hybrid > relative,0.6827887161529934,0.1370624042964728,0.4856917848696085
hubert_base_ls960,dominance,within,hybrid > absolute > relative,0.5061412053725636,0.505082613980909,0.507140412790027
wav2vec2_base,arousal,overall,absolute > relative > hybrid,0.6626921957429915,0.6469337536221477,0.642836579235527
wav2vec2_base,arousal,between,absolute > relative > hybrid,0.7070756628091979,0.18694370189633888,0.11428997878272795
wav2vec2_base,arousal,within,hybrid > relative > absolute,0.660119787394877,0.663239751582951,0.6637638797703923
wav2vec2_base,dominance,overall,absolute > relative > hybrid,0.4852274494260816,0.4597129213314807,0.4591904070839478
wav2vec2_base,dominance,between,absolute > relative > hybrid,0.5897339202717473,0.11446464952526357,0.06556983398341619
wav2vec2_base,dominance,within,hybrid > relative > absolute,0.4789472440247845,0.47995240404548806,0.4803434926283862
