dataset,target,model_family,lambda,relative_minus_absolute_mean,hybrid_minus_relative_mean
iemocap,arousal,linear_ridge,0.0,0.11131923131776947,0.0005855292427825231
iemocap,arousal,linear_ridge,0.25,0.10299005411507935,0.0014521834749420593
iemocap,arousal,linear_ridge,0.5,0.0945035165415534,0.0035433418630878124
iemocap,arousal,linear_ridge,0.75,0.08590558055191358,0.006858558171744096
iemocap,arousal,linear_ridge,1.0,0.07730074489684842,0.01135947390194871
iemocap,arousal,quadratic_ridge,0.0,0.12619613421285997,-0.01598478034511917
iemocap,arousal,quadratic_ridge,0.25,0.11666901888279722,-0.010516923827368482
iemocap,arousal,quadratic_ridge,0.5,0.10687680061936117,-0.024090245037799177
iemocap,arousal,quadratic_ridge,0.75,0.0969013442980048,-0.048322908675754346
iemocap,arousal,quadratic_ridge,1.0,0.08687874835003674,-0.08062170984258651
iemocap,dominance,linear_ridge,0.0,0.03357394655876003,0.0004709496948980966
iemocap,dominance,linear_ridge,0.25,0.027363238151623337,0.0015285600407981066
iemocap,dominance,linear_ridge,0.5,0.021289713533903687,0.004499052419255722
iemocap,dominance,linear_ridge,0.75,0.015543835915132897,0.009220327057298205
iemocap,dominance,linear_ridge,1.0,0.010265832527363163,0.015467281957080177
iemocap,dominance,quadratic_ridge,0.0,0.03569795694494718,-0.003735596139807758
iemocap,dominance,quadratic_ridge,0.25,0.027548315125047466,-0.010928808256884881
iemocap,dominance,quadratic_ridge,0.5,0.01949768277166399,-0.03991743673801998
iemocap,dominance,quadratic_ridge,0.75,0.011788666120553563,-0.07486309860710366
iemocap,dominance,quadratic_ridge,1.0,0.004605120722450792,-0.10573794301293821
iemocap,valence,linear_ridge,0.0,0.001402885489110694,1.532040012799385e-05
iemocap,valence,linear_ridge,0.25,0.0010653822135213591,9.582721085960635e-05
iemocap,valence,linear_ridge,0.5,0.000729887122161042,0.0001531848355656923
iemocap,valence,linear_ridge,0.75,0.0003982577335393055,0.00018606863290188447
iemocap,valence,linear_ridge,1.0,7.233442649298381e-05,0.00019242976830238488
iemocap,valence,quadratic_ridge,0.0,0.005810966817024764,-0.0005320974719106933
iemocap,valence,quadratic_ridge,0.25,0.005707454725629476,-0.00045936347209625387
iemocap,valence,quadratic_ridge,0.5,0.005616156721524801,-0.00017343217614858853
iemocap,valence,quadratic_ridge,0.75,0.005538292860105641,0.00026169028394566936
iemocap,valence,quadratic_ridge,1.0,0.00547461801213294,0.0009289666117021339
msp,arousal,linear_ridge,0.0,0.19519109707997667,0.0014136090329257074
msp,arousal,linear_ridge,0.25,0.06806806491798838,0.040322458625217904
msp,arousal,linear_ridge,0.5,-0.06551459161812243,0.1191058804220047
msp,arousal,linear_ridge,0.75,-0.18068587780880263,0.21056833863085395
msp,arousal,linear_ridge,1.0,-0.26972752851034587,0.29531066184008486
msp,arousal,quadratic_ridge,0.0,0.19251374949014177,0.002866905381615755
msp,arousal,quadratic_ridge,0.25,0.065285017208956,0.04253349039659229
msp,arousal,quadratic_ridge,0.5,-0.06802942123893853,0.12145580815520565
msp,arousal,quadratic_ridge,0.75,-0.18274488464988867,0.21261637853900275
msp,arousal,quadratic_ridge,1.0,-0.27126852454906486,0.29684267154764304
msp,dominance,linear_ridge,0.0,0.14310655885614232,0.0010196281624467118
msp,dominance,linear_ridge,0.25,0.05035411462228516,0.02998966376708086
msp,dominance,linear_ridge,0.5,-0.052906738888887826,0.09027564488366233
msp,dominance,linear_ridge,0.75,-0.14826714530383092,0.16405070333407454
msp,dominance,linear_ridge,1.0,-0.22704798610353047,0.23647246041866707
msp,dominance,quadratic_ridge,0.0,0.1420568935883397,0.002266296763972871
msp,dominance,quadratic_ridge,0.25,0.049710134521533306,0.03118410214137645
msp,dominance,quadratic_ridge,0.5,-0.05290376942374125,0.09121778567146442
msp,dominance,quadratic_ridge,0.75,-0.147516687140175,0.1645782696972288
msp,dominance,quadratic_ridge,1.0,-0.22556339072624046,0.23650091513495244
msp,valence,linear_ridge,0.0,0.008059213197930019,6.525947956997323e-05
msp,valence,linear_ridge,0.25,0.01037314077034373,0.00024641520231502096
msp,valence,linear_ridge,0.5,0.01186256369861803,0.0013271796892509262
msp,valence,linear_ridge,0.75,0.012503584342719327,0.003090104606835796
msp,valence,linear_ridge,1.0,0.012413819526483526,0.005255151114950037
msp,valence,quadratic_ridge,0.0,0.009719303548135782,0.0029097847152820934
msp,valence,quadratic_ridge,0.25,0.011657418605065839,0.003402864698481652
msp,valence,quadratic_ridge,0.5,0.012517672167195524,0.005406383415140891
msp,valence,quadratic_ridge,0.75,0.012365633972847487,0.00853537503140741
msp,valence,quadratic_ridge,1.0,0.011415740737507766,0.012307504650288969
