K,attribute,mae_to_marginal,mae_to_neutral,n_speaker_evals
1,log_rate,0.1844910621253222,0.18936576314348816,2643
1,loudness,2.5449060524750524,2.7539918677754343,2643
1,pitch,2.3288114126134127,2.5801690582919923,2643
2,log_rate,0.13638756049424935,0.14389104031475666,2643
2,loudness,1.831577728910644,2.0664956838261164,2643
2,pitch,1.705567701481975,2.0787374217249956,2643
5,log_rate,0.09506358680147205,0.1013963583273862,2643
5,loudness,1.310018799393226,1.7525136291166934,2643
5,pitch,1.2339745698274485,1.6771462987647197,2643
10,log_rate,0.06243645202697081,0.0744780359362108,2643
10,loudness,0.9002783209318233,1.3899845587931035,2643
10,pitch,0.7999428932570231,1.324459105694412,2643
20,log_rate,0.04133090030768624,0.055275735282739255,2643
20,loudness,0.5921479050439524,1.2225900775325205,2643
20,pitch,0.53857171203863,1.1362622076467863,2643
50,log_rate,0.019743013254652865,0.041791604753223695,2643
50,loudness,0.2960639375352869,1.0929816276599447,2643
50,pitch,0.26708599144281636,1.028019076834028,2643
