K,target,comparison,delta_ccc_mean,ci95_low,ci95_high,n_pairs
1,arousal,kshot_hybrid-absolute,0.0015724683826118394,-0.0003000048423299898,0.00328797522967361,15
1,arousal,kshot_relative-absolute,-0.36388718933990905,-0.38008438149595514,-0.3470636708064467,15
1,arousal,kshot_hybrid-marginal_oracle_hybrid,-0.01747672954819716,-0.021902378200757418,-0.012253086989335823,15
1,arousal,kshot_hybrid-neutral_oracle_hybrid,-0.02484549064871767,-0.029956629334315456,-0.019743728402095057,15
1,arousal,marginal_oracle_hybrid-absolute,0.019049197930809,0.014213184677774974,0.023054251059243136,15
1,arousal,neutral_oracle_hybrid-absolute,0.02641795903132951,0.02205615727898953,0.030812175799585166,15
1,dominance,kshot_hybrid-absolute,0.0013444878676375966,-0.0004552567250068186,0.002869410962251268,15
1,dominance,kshot_relative-absolute,-0.2771437551071708,-0.2936397249510893,-0.26303815944268055,15
1,dominance,kshot_hybrid-marginal_oracle_hybrid,-0.0048434709881467145,-0.007886860589028509,-0.0014516462154091974,15
1,dominance,kshot_hybrid-neutral_oracle_hybrid,-0.012433043818145976,-0.016058576864180222,-0.008942555642877988,15
1,dominance,marginal_oracle_hybrid-absolute,0.006187958855784311,0.003441975325809712,0.008390806292665412,15
1,dominance,neutral_oracle_hybrid-absolute,0.013777531685783573,0.010990594596161129,0.01662066621758801,15
1,valence,kshot_hybrid-absolute,0.002101378010580047,0.0013393783816905108,0.002804775814421533,15
1,valence,kshot_relative-absolute,0.0009136211690917183,2.1524839325574766e-05,0.0016843941023103872,15
1,valence,kshot_hybrid-marginal_oracle_hybrid,-0.012444217874783699,-0.01462424313191468,-0.010172863679129385,15
1,valence,kshot_hybrid-neutral_oracle_hybrid,-0.004299966442921113,-0.005935410216790211,-0.0025279546645476055,15
1,valence,marginal_oracle_hybrid-absolute,0.014545595885363746,0.012298755438165094,0.01663760937752392,15
1,valence,neutral_oracle_hybrid-absolute,0.006401344453501158,0.0047672631680292735,0.007901376849583515,15
2,arousal,kshot_hybrid-absolute,0.0033185747058165943,0.0012109107009837877,0.005440494173545895,15
2,arousal,kshot_relative-absolute,-0.3291429096268778,-0.34633910042426297,-0.3127563037219357,15
2,arousal,kshot_hybrid-marginal_oracle_hybrid,-0.015805100976971676,-0.019311487616866813,-0.01172295705208894,15
2,arousal,kshot_hybrid-neutral_oracle_hybrid,-0.023248327563548447,-0.027524936277862747,-0.018925743587969123,15
2,arousal,marginal_oracle_hybrid-absolute,0.01912367568278827,0.014409803601876551,0.023163081826272625,15
2,arousal,neutral_oracle_hybrid-absolute,0.02656690226936504,0.02215359448048187,0.030997264134304616,15
2,dominance,kshot_hybrid-absolute,0.0013084555645879773,-0.00021347232431777392,0.0026878930638462345,15
2,dominance,kshot_relative-absolute,-0.2576252841136718,-0.2752166168573386,-0.24274696738249374,15
2,dominance,kshot_hybrid-marginal_oracle_hybrid,-0.004841487056280688,-0.006978532958128107,-0.0024194760334454806,15
2,dominance,kshot_hybrid-neutral_oracle_hybrid,-0.01250298701487904,-0.015324222184258773,-0.009685861451758185,15
2,dominance,marginal_oracle_hybrid-absolute,0.006149942620868665,0.003390738306104766,0.00840773986710292,15
2,dominance,neutral_oracle_hybrid-absolute,0.013811442579467018,0.010979933378398385,0.016669900908627636,15
2,valence,kshot_hybrid-absolute,0.00547894618214532,0.004300579270466208,0.00655809154260681,15
2,valence,kshot_relative-absolute,0.0034852919566360314,0.0026477650217549527,0.004275181305024697,15
2,valence,kshot_hybrid-marginal_oracle_hybrid,-0.008976815748914296,-0.01068883086184217,-0.007262478660408684,15
2,valence,kshot_hybrid-neutral_oracle_hybrid,-0.0008464789564833863,-0.0022277273543964103,0.0007051249608686766,15
2,valence,marginal_oracle_hybrid-absolute,0.014455761931059614,0.01223945586931672,0.016492685919739337,15
2,valence,neutral_oracle_hybrid-absolute,0.006325425138628707,0.004653478395459405,0.007822444236244208,15
5,arousal,kshot_hybrid-absolute,0.008242731636740793,0.0048406281529734495,0.011347157725564532,15
5,arousal,kshot_relative-absolute,-0.32796292221368084,-0.3439478586930951,-0.3135856115426769,15
5,arousal,kshot_hybrid-marginal_oracle_hybrid,-0.010751943236545691,-0.013148390938784702,-0.008278343598851656,15
5,arousal,kshot_hybrid-neutral_oracle_hybrid,-0.01813876411505382,-0.02178130832975695,-0.014807076264808473,15
5,arousal,marginal_oracle_hybrid-absolute,0.018994674873286484,0.014312805895623426,0.023028367849297644,15
5,arousal,neutral_oracle_hybrid-absolute,0.02638149575179461,0.022059702471288547,0.030792309630995926,15
5,dominance,kshot_hybrid-absolute,0.0028165994579776904,0.0005795965999717903,0.004649287650341616,15
5,dominance,kshot_relative-absolute,-0.26006722038374563,-0.275145308254521,-0.24769674409564488,15
5,dominance,kshot_hybrid-marginal_oracle_hybrid,-0.0032969692838567322,-0.004434870934830751,-0.002176926899493484,15
5,dominance,kshot_hybrid-neutral_oracle_hybrid,-0.010903462868737697,-0.01358313101222956,-0.008441870580193054,15
5,dominance,marginal_oracle_hybrid-absolute,0.006113568741834423,0.0033743045307424984,0.008402358488108937,15
5,dominance,neutral_oracle_hybrid-absolute,0.013720062326715387,0.01091785698475975,0.016641124316461146,15
5,valence,kshot_hybrid-absolute,0.012970062147460831,0.011620679559745646,0.014351618069118444,15
5,valence,kshot_relative-absolute,0.008649288950175133,0.007575041645927444,0.00974080700127288,15
5,valence,kshot_hybrid-marginal_oracle_hybrid,-0.0018049168369989035,-0.0031471301994219106,-0.00044487833026533505,15
5,valence,kshot_hybrid-neutral_oracle_hybrid,0.006530677805074324,0.0051537129606239185,0.00803386797601569,15
5,valence,marginal_oracle_hybrid-absolute,0.014774978984459734,0.012582405703001351,0.016836262515099742,15
5,valence,neutral_oracle_hybrid-absolute,0.006439384342386508,0.004799367626155032,0.007964267843597375,15
10,arousal,kshot_hybrid-absolute,0.011932608284169617,0.0079486734588034,0.01554592690175845,15
10,arousal,kshot_relative-absolute,-0.3115028294869566,-0.32674438668616895,-0.2970808216403508,15
10,arousal,kshot_hybrid-marginal_oracle_hybrid,-0.0072370585396210555,-0.009327358633949746,-0.00516284687081522,15
10,arousal,kshot_hybrid-neutral_oracle_hybrid,-0.014596642657391183,-0.01824166210799862,-0.01093120884842785,15
10,arousal,marginal_oracle_hybrid-absolute,0.019169666823790673,0.01446913388216438,0.023154397113864005,15
10,arousal,neutral_oracle_hybrid-absolute,0.0265292509415608,0.02213193203816462,0.03094248953329552,15
10,dominance,kshot_hybrid-absolute,0.003864468029767058,0.0015123377826955302,0.006001290254630015,15
10,dominance,kshot_relative-absolute,-0.24758976373023314,-0.2615058365392414,-0.23574615458106865,15
10,dominance,kshot_hybrid-marginal_oracle_hybrid,-0.002419673266830158,-0.00355327559506634,-0.0012813849430998332,15
10,dominance,kshot_hybrid-neutral_oracle_hybrid,-0.009765548637047653,-0.01239662627639015,-0.007131606761383129,15
10,dominance,marginal_oracle_hybrid-absolute,0.006284141296597216,0.003494065186109282,0.00859436223721046,15
10,dominance,neutral_oracle_hybrid-absolute,0.013630016666814711,0.010773821136676569,0.01654073413263048,15
10,valence,kshot_hybrid-absolute,0.013793336306880451,0.012066963375669188,0.015461597081575133,15
10,valence,kshot_relative-absolute,0.008021860985189637,0.006957664728802839,0.009104107910044814,15
10,valence,kshot_hybrid-marginal_oracle_hybrid,-0.000652239033524833,-0.0013680490300932075,0.00010450011564427629,15
10,valence,kshot_hybrid-neutral_oracle_hybrid,0.007440199195127988,0.0063615485610388715,0.00864105526889778,15
10,valence,marginal_oracle_hybrid-absolute,0.01444557534040528,0.012230260608272672,0.016525686239838147,15
10,valence,neutral_oracle_hybrid-absolute,0.0063531371117524615,0.004676026190377897,0.007916216163854201,15
20,arousal,kshot_hybrid-absolute,0.017946915544960956,0.013672403409867563,0.021830890719853804,15
20,arousal,kshot_relative-absolute,-0.30216383159219984,-0.31801645497049114,-0.28689993806883946,15
20,arousal,kshot_hybrid-marginal_oracle_hybrid,-0.001046599601011929,-0.002108658593172892,0.00010013334845392896,15
20,arousal,kshot_hybrid-neutral_oracle_hybrid,-0.00858741341966403,-0.011699890489222828,-0.005775198232426537,15
20,arousal,marginal_oracle_hybrid-absolute,0.018993515145972882,0.014264013482644253,0.022989397553903775,15
20,arousal,neutral_oracle_hybrid-absolute,0.026534328964624983,0.022163727399887326,0.030982071072811576,15
20,dominance,kshot_hybrid-absolute,0.005803426979922447,0.003591776201313692,0.007854649513059527,15
20,dominance,kshot_relative-absolute,-0.23898402986501913,-0.2529997389290799,-0.22656067780683348,15
20,dominance,kshot_hybrid-marginal_oracle_hybrid,-0.0002710513868222815,-0.0010122953496142435,0.0006033499499861568,15
20,dominance,kshot_hybrid-neutral_oracle_hybrid,-0.007560095773597423,-0.009697620825499326,-0.005600939606574093,15
20,dominance,marginal_oracle_hybrid-absolute,0.006074478366744729,0.0033271651131454097,0.008360142399826612,15
20,dominance,neutral_oracle_hybrid-absolute,0.01336352275351987,0.010415025215765907,0.01635450779905941,15
20,valence,kshot_hybrid-absolute,0.013073297050610982,0.011149597032872294,0.014965778203347995,15
20,valence,kshot_relative-absolute,0.007599791671517318,0.006559430717582655,0.008671849794383868,15
20,valence,kshot_hybrid-marginal_oracle_hybrid,-0.0011850705599659955,-0.0017467742860061237,-0.0006193044647417914,15
20,valence,kshot_hybrid-neutral_oracle_hybrid,0.006322868285503231,0.005089057641077825,0.007707783085179398,15
20,valence,marginal_oracle_hybrid-absolute,0.014258367610576979,0.01217151093082003,0.016271075922593175,15
20,valence,neutral_oracle_hybrid-absolute,0.006750428765107749,0.005119479206392545,0.00831392760012619,15
50,arousal,kshot_hybrid-absolute,0.01606079136513885,0.012243877013878838,0.019458519178126556,15
50,arousal,kshot_relative-absolute,-0.3020227285493434,-0.3177931382926335,-0.2868408820944851,15
50,arousal,kshot_hybrid-marginal_oracle_hybrid,-0.0024173992807641096,-0.0037041121281742935,-0.000962506128109718,15
50,arousal,kshot_hybrid-neutral_oracle_hybrid,-0.007513228187042786,-0.010241503662905618,-0.004798941529165924,15
50,arousal,marginal_oracle_hybrid-absolute,0.01847819064590296,0.013384471175911126,0.022993264538163617,15
50,arousal,neutral_oracle_hybrid-absolute,0.02357401955218164,0.01914597929462728,0.027735330489673398,15
50,dominance,kshot_hybrid-absolute,0.0045269032658687754,0.002043143224911984,0.006643010071863078,15
50,dominance,kshot_relative-absolute,-0.23940544201368094,-0.253751998208186,-0.22696542127965627,15
50,dominance,kshot_hybrid-marginal_oracle_hybrid,-0.0011216696903083357,-0.0018007903961348728,-0.0003467379906011776,15
50,dominance,kshot_hybrid-neutral_oracle_hybrid,-0.005843600055395526,-0.007914682101574042,-0.0036854014523244475,15
50,dominance,marginal_oracle_hybrid-absolute,0.005648572956177112,0.0024259085146371502,0.008370517651545947,15
50,dominance,neutral_oracle_hybrid-absolute,0.010370503321264301,0.007351047206967388,0.013310758439952509,15
50,valence,kshot_hybrid-absolute,0.014475753225515503,0.01279067695299789,0.016097459208861624,15
50,valence,kshot_relative-absolute,0.010240015451412532,0.009006645400193051,0.011717195410956473,15
50,valence,kshot_hybrid-marginal_oracle_hybrid,-0.0011097197058143847,-0.001444767979151846,-0.0007469259908397452,15
50,valence,kshot_hybrid-neutral_oracle_hybrid,0.008654923539252794,0.0074437545798063855,0.009873820119700342,15
50,valence,marginal_oracle_hybrid-absolute,0.015585472931329888,0.013728974928616734,0.017402966342171707,15
50,valence,neutral_oracle_hybrid-absolute,0.0058208296862627094,0.004193092549207502,0.007357384243153191,15
