dataset,target,0-4,5-12,13-20,21-24,max_block_gap
esd_english,absolute_pitch_semitone,0.9537084221839904,0.9506362571070592,0.928750624259313,0.9190141806999842,0.03469424148400624
esd_english,implied_speaker_baseline_semitone,0.9735523223876953,0.9803128236283858,0.9650102481245995,0.9608732312917709,0.019439592336614853
esd_english,relative_pitch_semitone,0.873367781440417,0.8824873051295677,0.8352371516327063,0.811424766977628,0.07106253815193975
mead_part0,absolute_pitch_semitone,0.9850777933994929,0.983405922849973,0.9666290016223987,0.959248572587967,0.025829220811525833
mead_part0,implied_speaker_baseline_semitone,0.9620891332626342,0.9652546712507803,0.9412593431770802,0.9386058747768402,0.02664879647394014
mead_part0,relative_pitch_semitone,0.8268987218538921,0.8461592625826597,0.787829676643014,0.760898952682813,0.08526030989984668
ravdess_speech,absolute_pitch_semitone,0.931393606464068,0.9347211209436257,0.9022947332511345,0.8785102864106495,0.05621083453297615
ravdess_speech,implied_speaker_baseline_semitone,0.9553285708030066,0.9721194778879483,0.9485348146408796,0.9301872265835602,0.041932251304388046
ravdess_speech,relative_pitch_semitone,0.8434615343809128,0.8765850731482109,0.8246566317975521,0.7753925584256649,0.10119251472254598
