target,model,metric,ccc,ci95_low,ci95_high,n_speakers,n_samples
arousal,pitch_rate_linear,overall,0.297929761303261,0.23528494737810324,0.35378755807950935,10,10039
arousal,pitch_rate_linear,between,-0.016681791698029705,-0.5399964735527489,0.5317217234915015,10,10039
arousal,pitch_rate_linear,within,0.3336502047397229,0.3073922759910126,0.36077804252364065,10,10039
arousal,pitch_rate_quadratic,overall,0.31202022532081913,0.24014229981820176,0.37282501171291027,10,10039
arousal,pitch_rate_quadratic,between,0.03339219283973257,-0.5144678807041853,0.5720024586982357,10,10039
arousal,pitch_rate_quadratic,within,0.3432955276530227,0.31324353567159224,0.3750989106251815,10,10039
arousal,wavlm_layer12,overall,0.7209816246456898,0.6871308559249129,0.7487303628724065,10,10039
arousal,wavlm_layer12,between,0.8485176579535478,0.39957877332231234,0.9246802084925856,10,10039
arousal,wavlm_layer12,within,0.713065228790913,0.6791404892825552,0.7459393655240962,10,10039
arousal,wavlm_layer24,overall,0.7090656397341606,0.6709293852657601,0.7386887007522218,10,10039
arousal,wavlm_layer24,between,0.8881265314398833,0.43718564452149616,0.9592097208704832,10,10039
arousal,wavlm_layer24,within,0.6972713352094255,0.6629950530295162,0.729838345912534,10,10039
dominance,pitch_rate_linear,overall,0.21351733970718792,0.17899855390119637,0.2497270704928341,10,10039
dominance,pitch_rate_linear,between,-0.06681936814433408,-0.5427232439373829,0.24181495343983656,10,10039
dominance,pitch_rate_linear,within,0.23386667320626647,0.20369923952943234,0.26372353571838697,10,10039
dominance,pitch_rate_quadratic,overall,0.22860666764592377,0.18832790889273035,0.2716725010324869,10,10039
dominance,pitch_rate_quadratic,between,0.008150883356404615,-0.48739213201838216,0.2994611857240637,10,10039
dominance,pitch_rate_quadratic,within,0.2446814357884799,0.210078026223066,0.28191947524727623,10,10039
dominance,wavlm_layer12,overall,0.5252764845390651,0.4788204878364987,0.5666233684821359,10,10039
dominance,wavlm_layer12,between,0.32376356223662317,-0.19148253020576583,0.7986695448840946,10,10039
dominance,wavlm_layer12,within,0.5353804819217513,0.4868331149996182,0.5779501741047958,10,10039
dominance,wavlm_layer24,overall,0.5352047676006537,0.49453549721409573,0.5685169076932683,10,10039
dominance,wavlm_layer24,between,0.5322524631017089,0.0464281449052984,0.824256569597626,10,10039
dominance,wavlm_layer24,within,0.5353836334846424,0.49267211052175075,0.5760921782569057,10,10039
