target,pair,overall_delta,within_delta,ordering_reversal
arousal,pitch_rate_linear vs pitch_rate_quadratic,-0.014090464017558146,-0.00964532291329978,False
arousal,pitch_rate_linear vs wavlm_layer12,-0.42305186334242884,-0.37941502405119015,False
arousal,pitch_rate_linear vs wavlm_layer24,-0.4111358784308996,-0.3636211304697026,False
arousal,pitch_rate_quadratic vs wavlm_layer12,-0.4089613993248707,-0.36976970113789037,False
arousal,pitch_rate_quadratic vs wavlm_layer24,-0.39704541441334146,-0.35397580755640284,False
arousal,wavlm_layer12 vs wavlm_layer24,0.011915984911529232,0.015793893581487528,False
dominance,pitch_rate_linear vs pitch_rate_quadratic,-0.015089327938735853,-0.010814762582213422,False
dominance,pitch_rate_linear vs wavlm_layer12,-0.31175914483187717,-0.3015138087154848,False
dominance,pitch_rate_linear vs wavlm_layer24,-0.3216874278934658,-0.3015169602783759,False
dominance,pitch_rate_quadratic vs wavlm_layer12,-0.2966698168931413,-0.29069904613327135,False
dominance,pitch_rate_quadratic vs wavlm_layer24,-0.30659809995473,-0.29070219769616246,False
dominance,wavlm_layer12 vs wavlm_layer24,-0.00992828306158866,-3.1515628911016336e-06,False
