dataset,attribute,target,effect,slope_mean,ci95_low,ci95_high
msp,pitch,arousal,relative_minus_absolute,-0.2952294763145587,-0.3029178696228772,-0.2864552492359276
msp,pitch,dominance,relative_minus_absolute,-0.1680611470222752,-0.1734587990602524,-0.1617346693266581
msp,loudness,arousal,relative_minus_absolute,-0.3165146798020478,-0.3251302083875717,-0.3076530673742851
msp,loudness,dominance,relative_minus_absolute,-0.2990892435350666,-0.3072662957882676,-0.2903755561892023
msp,rate,arousal,relative_minus_absolute,-0.0253392178821559,-0.0270015183696711,-0.0235126624624764
msp,rate,dominance,relative_minus_absolute,-0.013274049100421,-0.0145911761872592,-0.011924436769383
iemocap,pitch,arousal,relative_minus_absolute,-0.0189967028103308,-0.0361274062005368,-0.0035411180302002
iemocap,pitch,dominance,relative_minus_absolute,-0.0002631367823357,-0.0087567716233137,0.0092494139449252
iemocap,loudness,arousal,relative_minus_absolute,-0.0182462616623322,-0.0225984333989812,-0.0137195042082357
iemocap,loudness,dominance,relative_minus_absolute,-0.0130726918387646,-0.0182063192516473,-0.0078980340568183
iemocap,rate,arousal,relative_minus_absolute,-0.0085289479396029,-0.0111127877218374,-0.0064767341738609
iemocap,rate,dominance,relative_minus_absolute,-0.0122788230641005,-0.0157184097936703,-0.009470227533374
