corpus,task,attribute,delta_relative_minus_absolute,ci95_low,ci95_high
esd_english,emotion,all,0.0518069219088133,0.0484570000614307,0.0549804920450748
esd_english,emotion,pitch,0.0907826813815406,0.0870350467403179,0.094710123285566
esd_english,gender,all,-0.1718185598525065,-0.1784523595942357,-0.1650208150330301
esd_english,gender,pitch,-0.1329951525669458,-0.1390418360500062,-0.1264598131207646
mead_part0,emotion,all,0.0591495595534039,0.0567190257837873,0.0614702129598825
mead_part0,emotion,pitch,0.0903606700455672,0.0875974773951305,0.0932501546420722
mead_part0,gender,all,-0.3861306962599177,-0.3896818676451604,-0.3827640035816939
mead_part0,gender,pitch,-0.3789941613497174,-0.3817146309542683,-0.3763622584616911
ravdess_speech,emotion,all,0.0149008186640338,0.0002126408470336,0.0295530841200258
ravdess_speech,emotion,pitch,0.0586413713177968,0.0416565171447581,0.0724262556471518
ravdess_speech,gender,all,-0.2183300067134407,-0.2381846404061617,-0.1972220977246708
ravdess_speech,gender,pitch,-0.2298907950244609,-0.2426607448813425,-0.2158440203807852
