outer_session,target,role,speaker_id,model,neighbor_k,neighbors
Ses01,arousal,pldc_base,Ses01_F,wavlm_layer12,1,Ses03_F
Ses01,arousal,pldc_base,Ses01_M,wavlm_layer12,1,Ses02_M
Ses01,arousal,between_expert,Ses01_F,hubert_base_ls960,1,Ses03_F
Ses01,arousal,between_expert,Ses01_M,hubert_base_ls960,1,Ses02_M
Ses01,dominance,pldc_base,Ses01_F,wavlm_layer12,1,Ses03_F
Ses01,dominance,pldc_base,Ses01_M,wavlm_layer12,1,Ses03_M
Ses01,dominance,between_expert,Ses01_F,wav2vec2_base,1,Ses05_F
Ses01,dominance,between_expert,Ses01_M,wav2vec2_base,1,Ses05_F
Ses02,arousal,pldc_base,Ses02_F,wavlm_layer12,3,Ses05_F;Ses04_F;Ses03_F
Ses02,arousal,pldc_base,Ses02_M,wavlm_layer12,3,Ses04_M;Ses05_M;Ses04_F
Ses02,arousal,between_expert,Ses02_F,hubert_base_ls960,3,Ses04_F;Ses05_F;Ses04_M
Ses02,arousal,between_expert,Ses02_M,hubert_base_ls960,3,Ses04_M;Ses05_M;Ses03_M
Ses02,dominance,pldc_base,Ses02_F,wavlm_layer12,5,Ses05_F;Ses04_F;Ses03_F;Ses01_F;Ses04_M
Ses02,dominance,pldc_base,Ses02_M,wavlm_layer12,5,Ses05_M;Ses04_M;Ses04_F;Ses05_F;Ses03_M
Ses02,dominance,between_expert,Ses02_F,wav2vec2_base,5,Ses05_F;Ses04_F;Ses04_M;Ses05_M;Ses01_M
Ses02,dominance,between_expert,Ses02_M,wav2vec2_base,5,Ses04_F;Ses04_M;Ses05_F;Ses05_M;Ses01_M
Ses03,arousal,pldc_base,Ses03_F,wavlm_layer12,1,Ses01_F
Ses03,arousal,pldc_base,Ses03_M,wavlm_layer12,1,Ses01_M
Ses03,arousal,between_expert,Ses03_F,wavlm_layer24,1,Ses01_F
Ses03,arousal,between_expert,Ses03_M,wavlm_layer24,1,Ses01_F
Ses03,dominance,pldc_base,Ses03_F,wavlm_layer24,3,Ses01_F;Ses01_M;Ses05_F
Ses03,dominance,pldc_base,Ses03_M,wavlm_layer24,3,Ses01_M;Ses01_F;Ses04_M
Ses03,dominance,between_expert,Ses03_F,hubert_base_ls960,3,Ses01_F;Ses05_F;Ses05_M
Ses03,dominance,between_expert,Ses03_M,hubert_base_ls960,3,Ses01_M;Ses01_F;Ses05_M
Ses04,arousal,pldc_base,Ses04_F,wavlm_layer12,3,Ses05_M;Ses02_F;Ses02_M
Ses04,arousal,pldc_base,Ses04_M,wavlm_layer12,3,Ses02_M;Ses05_M;Ses05_F
Ses04,arousal,between_expert,Ses04_F,wavlm_layer24,3,Ses05_M;Ses05_F;Ses02_M
Ses04,arousal,between_expert,Ses04_M,wavlm_layer24,3,Ses02_M;Ses05_M;Ses05_F
Ses04,dominance,pldc_base,Ses04_F,wavlm_layer24,3,Ses02_M;Ses02_F;Ses05_M
Ses04,dominance,pldc_base,Ses04_M,wavlm_layer24,3,Ses02_M;Ses05_F;Ses02_F
Ses04,dominance,between_expert,Ses04_F,wavlm_layer24,3,Ses02_M;Ses02_F;Ses05_M
Ses04,dominance,between_expert,Ses04_M,wavlm_layer24,3,Ses02_M;Ses05_F;Ses02_F
Ses05,arousal,pldc_base,Ses05_F,wavlm_layer12,1,Ses02_F
Ses05,arousal,pldc_base,Ses05_M,wavlm_layer12,1,Ses02_M
Ses05,arousal,between_expert,Ses05_F,hubert_base_ls960,1,Ses03_F
Ses05,arousal,between_expert,Ses05_M,hubert_base_ls960,1,Ses03_M
Ses05,dominance,pldc_base,Ses05_F,wavlm_layer12,1,Ses03_F
Ses05,dominance,pldc_base,Ses05_M,wavlm_layer12,1,Ses02_M
Ses05,dominance,between_expert,Ses05_F,hubert_base_ls960,1,Ses03_F
Ses05,dominance,between_expert,Ses05_M,hubert_base_ls960,1,Ses02_M
