dataset,seed,fold,representation,test_sample_id_sha256
esd_english,20260920,0,absolute,caf99295424fe6402530d1d268bfae79e3f677841d04c86d7daa72d8622f1afb
esd_english,20260920,0,relative_k1,caf99295424fe6402530d1d268bfae79e3f677841d04c86d7daa72d8622f1afb
esd_english,20260920,0,hybrid_k1,caf99295424fe6402530d1d268bfae79e3f677841d04c86d7daa72d8622f1afb
esd_english,20260920,0,relative_k2,caf99295424fe6402530d1d268bfae79e3f677841d04c86d7daa72d8622f1afb
esd_english,20260920,0,hybrid_k2,caf99295424fe6402530d1d268bfae79e3f677841d04c86d7daa72d8622f1afb
esd_english,20260920,0,relative_k5,caf99295424fe6402530d1d268bfae79e3f677841d04c86d7daa72d8622f1afb
esd_english,20260920,0,hybrid_k5,caf99295424fe6402530d1d268bfae79e3f677841d04c86d7daa72d8622f1afb
esd_english,20260920,0,relative_k10,caf99295424fe6402530d1d268bfae79e3f677841d04c86d7daa72d8622f1afb
esd_english,20260920,0,hybrid_k10,caf99295424fe6402530d1d268bfae79e3f677841d04c86d7daa72d8622f1afb
esd_english,20260920,1,absolute,379b58d966bcbc3788b1462bcbd59533ebeddff0fb60f0e8cf9097a794f7aebf
esd_english,20260920,1,relative_k1,379b58d966bcbc3788b1462bcbd59533ebeddff0fb60f0e8cf9097a794f7aebf
esd_english,20260920,1,hybrid_k1,379b58d966bcbc3788b1462bcbd59533ebeddff0fb60f0e8cf9097a794f7aebf
esd_english,20260920,1,relative_k2,379b58d966bcbc3788b1462bcbd59533ebeddff0fb60f0e8cf9097a794f7aebf
esd_english,20260920,1,hybrid_k2,379b58d966bcbc3788b1462bcbd59533ebeddff0fb60f0e8cf9097a794f7aebf
esd_english,20260920,1,relative_k5,379b58d966bcbc3788b1462bcbd59533ebeddff0fb60f0e8cf9097a794f7aebf
esd_english,20260920,1,hybrid_k5,379b58d966bcbc3788b1462bcbd59533ebeddff0fb60f0e8cf9097a794f7aebf
esd_english,20260920,1,relative_k10,379b58d966bcbc3788b1462bcbd59533ebeddff0fb60f0e8cf9097a794f7aebf
esd_english,20260920,1,hybrid_k10,379b58d966bcbc3788b1462bcbd59533ebeddff0fb60f0e8cf9097a794f7aebf
esd_english,20260920,2,absolute,9eaa0d207a868118b3e04da7e80b8e8553122786a5307208300e4d0785743177
esd_english,20260920,2,relative_k1,9eaa0d207a868118b3e04da7e80b8e8553122786a5307208300e4d0785743177
esd_english,20260920,2,hybrid_k1,9eaa0d207a868118b3e04da7e80b8e8553122786a5307208300e4d0785743177
esd_english,20260920,2,relative_k2,9eaa0d207a868118b3e04da7e80b8e8553122786a5307208300e4d0785743177
esd_english,20260920,2,hybrid_k2,9eaa0d207a868118b3e04da7e80b8e8553122786a5307208300e4d0785743177
esd_english,20260920,2,relative_k5,9eaa0d207a868118b3e04da7e80b8e8553122786a5307208300e4d0785743177
esd_english,20260920,2,hybrid_k5,9eaa0d207a868118b3e04da7e80b8e8553122786a5307208300e4d0785743177
esd_english,20260920,2,relative_k10,9eaa0d207a868118b3e04da7e80b8e8553122786a5307208300e4d0785743177
esd_english,20260920,2,hybrid_k10,9eaa0d207a868118b3e04da7e80b8e8553122786a5307208300e4d0785743177
esd_english,20260920,3,absolute,9049ea13c3fae0a3f011f05260ee1c9c318b60ca390aa4d5ff4c46cd35c67366
esd_english,20260920,3,relative_k1,9049ea13c3fae0a3f011f05260ee1c9c318b60ca390aa4d5ff4c46cd35c67366
esd_english,20260920,3,hybrid_k1,9049ea13c3fae0a3f011f05260ee1c9c318b60ca390aa4d5ff4c46cd35c67366
esd_english,20260920,3,relative_k2,9049ea13c3fae0a3f011f05260ee1c9c318b60ca390aa4d5ff4c46cd35c67366
esd_english,20260920,3,hybrid_k2,9049ea13c3fae0a3f011f05260ee1c9c318b60ca390aa4d5ff4c46cd35c67366
esd_english,20260920,3,relative_k5,9049ea13c3fae0a3f011f05260ee1c9c318b60ca390aa4d5ff4c46cd35c67366
esd_english,20260920,3,hybrid_k5,9049ea13c3fae0a3f011f05260ee1c9c318b60ca390aa4d5ff4c46cd35c67366
esd_english,20260920,3,relative_k10,9049ea13c3fae0a3f011f05260ee1c9c318b60ca390aa4d5ff4c46cd35c67366
esd_english,20260920,3,hybrid_k10,9049ea13c3fae0a3f011f05260ee1c9c318b60ca390aa4d5ff4c46cd35c67366
esd_english,20260920,4,absolute,66e2215df84a36551eae9480dab4d3a5ae779c78fc1f9ca5e7d2d15394350c63
esd_english,20260920,4,relative_k1,66e2215df84a36551eae9480dab4d3a5ae779c78fc1f9ca5e7d2d15394350c63
esd_english,20260920,4,hybrid_k1,66e2215df84a36551eae9480dab4d3a5ae779c78fc1f9ca5e7d2d15394350c63
esd_english,20260920,4,relative_k2,66e2215df84a36551eae9480dab4d3a5ae779c78fc1f9ca5e7d2d15394350c63
esd_english,20260920,4,hybrid_k2,66e2215df84a36551eae9480dab4d3a5ae779c78fc1f9ca5e7d2d15394350c63
esd_english,20260920,4,relative_k5,66e2215df84a36551eae9480dab4d3a5ae779c78fc1f9ca5e7d2d15394350c63
esd_english,20260920,4,hybrid_k5,66e2215df84a36551eae9480dab4d3a5ae779c78fc1f9ca5e7d2d15394350c63
esd_english,20260920,4,relative_k10,66e2215df84a36551eae9480dab4d3a5ae779c78fc1f9ca5e7d2d15394350c63
esd_english,20260920,4,hybrid_k10,66e2215df84a36551eae9480dab4d3a5ae779c78fc1f9ca5e7d2d15394350c63
esd_english,20260921,0,absolute,1a975f8d215a79d3bc07a8a36f6cd4b92dc0dd8c5832c0c33576039f6b5bd9ba
esd_english,20260921,0,relative_k1,1a975f8d215a79d3bc07a8a36f6cd4b92dc0dd8c5832c0c33576039f6b5bd9ba
esd_english,20260921,0,hybrid_k1,1a975f8d215a79d3bc07a8a36f6cd4b92dc0dd8c5832c0c33576039f6b5bd9ba
esd_english,20260921,0,relative_k2,1a975f8d215a79d3bc07a8a36f6cd4b92dc0dd8c5832c0c33576039f6b5bd9ba
esd_english,20260921,0,hybrid_k2,1a975f8d215a79d3bc07a8a36f6cd4b92dc0dd8c5832c0c33576039f6b5bd9ba
esd_english,20260921,0,relative_k5,1a975f8d215a79d3bc07a8a36f6cd4b92dc0dd8c5832c0c33576039f6b5bd9ba
esd_english,20260921,0,hybrid_k5,1a975f8d215a79d3bc07a8a36f6cd4b92dc0dd8c5832c0c33576039f6b5bd9ba
esd_english,20260921,0,relative_k10,1a975f8d215a79d3bc07a8a36f6cd4b92dc0dd8c5832c0c33576039f6b5bd9ba
esd_english,20260921,0,hybrid_k10,1a975f8d215a79d3bc07a8a36f6cd4b92dc0dd8c5832c0c33576039f6b5bd9ba
esd_english,20260921,1,absolute,168913f882b714be36f0e22c2fbb79d1e0c28375f7139213fa6c31d84f1b5d3d
esd_english,20260921,1,relative_k1,168913f882b714be36f0e22c2fbb79d1e0c28375f7139213fa6c31d84f1b5d3d
esd_english,20260921,1,hybrid_k1,168913f882b714be36f0e22c2fbb79d1e0c28375f7139213fa6c31d84f1b5d3d
esd_english,20260921,1,relative_k2,168913f882b714be36f0e22c2fbb79d1e0c28375f7139213fa6c31d84f1b5d3d
esd_english,20260921,1,hybrid_k2,168913f882b714be36f0e22c2fbb79d1e0c28375f7139213fa6c31d84f1b5d3d
esd_english,20260921,1,relative_k5,168913f882b714be36f0e22c2fbb79d1e0c28375f7139213fa6c31d84f1b5d3d
esd_english,20260921,1,hybrid_k5,168913f882b714be36f0e22c2fbb79d1e0c28375f7139213fa6c31d84f1b5d3d
esd_english,20260921,1,relative_k10,168913f882b714be36f0e22c2fbb79d1e0c28375f7139213fa6c31d84f1b5d3d
esd_english,20260921,1,hybrid_k10,168913f882b714be36f0e22c2fbb79d1e0c28375f7139213fa6c31d84f1b5d3d
esd_english,20260921,2,absolute,030b06e899436a2f00d12e6e4f687959ab667cf96d86fc055b34a291748c3d76
esd_english,20260921,2,relative_k1,030b06e899436a2f00d12e6e4f687959ab667cf96d86fc055b34a291748c3d76
esd_english,20260921,2,hybrid_k1,030b06e899436a2f00d12e6e4f687959ab667cf96d86fc055b34a291748c3d76
esd_english,20260921,2,relative_k2,030b06e899436a2f00d12e6e4f687959ab667cf96d86fc055b34a291748c3d76
esd_english,20260921,2,hybrid_k2,030b06e899436a2f00d12e6e4f687959ab667cf96d86fc055b34a291748c3d76
esd_english,20260921,2,relative_k5,030b06e899436a2f00d12e6e4f687959ab667cf96d86fc055b34a291748c3d76
esd_english,20260921,2,hybrid_k5,030b06e899436a2f00d12e6e4f687959ab667cf96d86fc055b34a291748c3d76
esd_english,20260921,2,relative_k10,030b06e899436a2f00d12e6e4f687959ab667cf96d86fc055b34a291748c3d76
esd_english,20260921,2,hybrid_k10,030b06e899436a2f00d12e6e4f687959ab667cf96d86fc055b34a291748c3d76
esd_english,20260921,3,absolute,c8e7a77aaf37432594a024fdd9b78bbcc97932f9082389c7e5a3f73b9b98290c
esd_english,20260921,3,relative_k1,c8e7a77aaf37432594a024fdd9b78bbcc97932f9082389c7e5a3f73b9b98290c
esd_english,20260921,3,hybrid_k1,c8e7a77aaf37432594a024fdd9b78bbcc97932f9082389c7e5a3f73b9b98290c
esd_english,20260921,3,relative_k2,c8e7a77aaf37432594a024fdd9b78bbcc97932f9082389c7e5a3f73b9b98290c
esd_english,20260921,3,hybrid_k2,c8e7a77aaf37432594a024fdd9b78bbcc97932f9082389c7e5a3f73b9b98290c
esd_english,20260921,3,relative_k5,c8e7a77aaf37432594a024fdd9b78bbcc97932f9082389c7e5a3f73b9b98290c
esd_english,20260921,3,hybrid_k5,c8e7a77aaf37432594a024fdd9b78bbcc97932f9082389c7e5a3f73b9b98290c
esd_english,20260921,3,relative_k10,c8e7a77aaf37432594a024fdd9b78bbcc97932f9082389c7e5a3f73b9b98290c
esd_english,20260921,3,hybrid_k10,c8e7a77aaf37432594a024fdd9b78bbcc97932f9082389c7e5a3f73b9b98290c
esd_english,20260921,4,absolute,ccb8e1f7ef76a2c7485725aaa2dfc49aa850794cecf2c3b5378bd3d70e3a5369
esd_english,20260921,4,relative_k1,ccb8e1f7ef76a2c7485725aaa2dfc49aa850794cecf2c3b5378bd3d70e3a5369
esd_english,20260921,4,hybrid_k1,ccb8e1f7ef76a2c7485725aaa2dfc49aa850794cecf2c3b5378bd3d70e3a5369
esd_english,20260921,4,relative_k2,ccb8e1f7ef76a2c7485725aaa2dfc49aa850794cecf2c3b5378bd3d70e3a5369
esd_english,20260921,4,hybrid_k2,ccb8e1f7ef76a2c7485725aaa2dfc49aa850794cecf2c3b5378bd3d70e3a5369
esd_english,20260921,4,relative_k5,ccb8e1f7ef76a2c7485725aaa2dfc49aa850794cecf2c3b5378bd3d70e3a5369
esd_english,20260921,4,hybrid_k5,ccb8e1f7ef76a2c7485725aaa2dfc49aa850794cecf2c3b5378bd3d70e3a5369
esd_english,20260921,4,relative_k10,ccb8e1f7ef76a2c7485725aaa2dfc49aa850794cecf2c3b5378bd3d70e3a5369
esd_english,20260921,4,hybrid_k10,ccb8e1f7ef76a2c7485725aaa2dfc49aa850794cecf2c3b5378bd3d70e3a5369
esd_english,20260922,0,absolute,0a4bc2aed31689209f8352846d743b479fb5da293acccdb61377fd8bd9f9890b
esd_english,20260922,0,relative_k1,0a4bc2aed31689209f8352846d743b479fb5da293acccdb61377fd8bd9f9890b
esd_english,20260922,0,hybrid_k1,0a4bc2aed31689209f8352846d743b479fb5da293acccdb61377fd8bd9f9890b
esd_english,20260922,0,relative_k2,0a4bc2aed31689209f8352846d743b479fb5da293acccdb61377fd8bd9f9890b
esd_english,20260922,0,hybrid_k2,0a4bc2aed31689209f8352846d743b479fb5da293acccdb61377fd8bd9f9890b
esd_english,20260922,0,relative_k5,0a4bc2aed31689209f8352846d743b479fb5da293acccdb61377fd8bd9f9890b
esd_english,20260922,0,hybrid_k5,0a4bc2aed31689209f8352846d743b479fb5da293acccdb61377fd8bd9f9890b
esd_english,20260922,0,relative_k10,0a4bc2aed31689209f8352846d743b479fb5da293acccdb61377fd8bd9f9890b
esd_english,20260922,0,hybrid_k10,0a4bc2aed31689209f8352846d743b479fb5da293acccdb61377fd8bd9f9890b
esd_english,20260922,1,absolute,a94a3af794e166f21ce7e48576ca199b03a4ece4e56d4575a6db9d0aa0016b5e
esd_english,20260922,1,relative_k1,a94a3af794e166f21ce7e48576ca199b03a4ece4e56d4575a6db9d0aa0016b5e
esd_english,20260922,1,hybrid_k1,a94a3af794e166f21ce7e48576ca199b03a4ece4e56d4575a6db9d0aa0016b5e
esd_english,20260922,1,relative_k2,a94a3af794e166f21ce7e48576ca199b03a4ece4e56d4575a6db9d0aa0016b5e
esd_english,20260922,1,hybrid_k2,a94a3af794e166f21ce7e48576ca199b03a4ece4e56d4575a6db9d0aa0016b5e
esd_english,20260922,1,relative_k5,a94a3af794e166f21ce7e48576ca199b03a4ece4e56d4575a6db9d0aa0016b5e
esd_english,20260922,1,hybrid_k5,a94a3af794e166f21ce7e48576ca199b03a4ece4e56d4575a6db9d0aa0016b5e
esd_english,20260922,1,relative_k10,a94a3af794e166f21ce7e48576ca199b03a4ece4e56d4575a6db9d0aa0016b5e
esd_english,20260922,1,hybrid_k10,a94a3af794e166f21ce7e48576ca199b03a4ece4e56d4575a6db9d0aa0016b5e
esd_english,20260922,2,absolute,16159c02250c239233d2426b520a7be095b647fb6ce2bb5210489459b2ac89b1
esd_english,20260922,2,relative_k1,16159c02250c239233d2426b520a7be095b647fb6ce2bb5210489459b2ac89b1
esd_english,20260922,2,hybrid_k1,16159c02250c239233d2426b520a7be095b647fb6ce2bb5210489459b2ac89b1
esd_english,20260922,2,relative_k2,16159c02250c239233d2426b520a7be095b647fb6ce2bb5210489459b2ac89b1
esd_english,20260922,2,hybrid_k2,16159c02250c239233d2426b520a7be095b647fb6ce2bb5210489459b2ac89b1
esd_english,20260922,2,relative_k5,16159c02250c239233d2426b520a7be095b647fb6ce2bb5210489459b2ac89b1
esd_english,20260922,2,hybrid_k5,16159c02250c239233d2426b520a7be095b647fb6ce2bb5210489459b2ac89b1
esd_english,20260922,2,relative_k10,16159c02250c239233d2426b520a7be095b647fb6ce2bb5210489459b2ac89b1
esd_english,20260922,2,hybrid_k10,16159c02250c239233d2426b520a7be095b647fb6ce2bb5210489459b2ac89b1
esd_english,20260922,3,absolute,3d463d88fadf2c544cf23ec4ef37fb0e9d56ee7c4fa1903d13ac1c937535e10b
esd_english,20260922,3,relative_k1,3d463d88fadf2c544cf23ec4ef37fb0e9d56ee7c4fa1903d13ac1c937535e10b
esd_english,20260922,3,hybrid_k1,3d463d88fadf2c544cf23ec4ef37fb0e9d56ee7c4fa1903d13ac1c937535e10b
esd_english,20260922,3,relative_k2,3d463d88fadf2c544cf23ec4ef37fb0e9d56ee7c4fa1903d13ac1c937535e10b
esd_english,20260922,3,hybrid_k2,3d463d88fadf2c544cf23ec4ef37fb0e9d56ee7c4fa1903d13ac1c937535e10b
esd_english,20260922,3,relative_k5,3d463d88fadf2c544cf23ec4ef37fb0e9d56ee7c4fa1903d13ac1c937535e10b
esd_english,20260922,3,hybrid_k5,3d463d88fadf2c544cf23ec4ef37fb0e9d56ee7c4fa1903d13ac1c937535e10b
esd_english,20260922,3,relative_k10,3d463d88fadf2c544cf23ec4ef37fb0e9d56ee7c4fa1903d13ac1c937535e10b
esd_english,20260922,3,hybrid_k10,3d463d88fadf2c544cf23ec4ef37fb0e9d56ee7c4fa1903d13ac1c937535e10b
esd_english,20260922,4,absolute,264da3cf6c53b24af0e65a9eb1f77b3027d60550dcae3b7100454a034845512e
esd_english,20260922,4,relative_k1,264da3cf6c53b24af0e65a9eb1f77b3027d60550dcae3b7100454a034845512e
esd_english,20260922,4,hybrid_k1,264da3cf6c53b24af0e65a9eb1f77b3027d60550dcae3b7100454a034845512e
esd_english,20260922,4,relative_k2,264da3cf6c53b24af0e65a9eb1f77b3027d60550dcae3b7100454a034845512e
esd_english,20260922,4,hybrid_k2,264da3cf6c53b24af0e65a9eb1f77b3027d60550dcae3b7100454a034845512e
esd_english,20260922,4,relative_k5,264da3cf6c53b24af0e65a9eb1f77b3027d60550dcae3b7100454a034845512e
esd_english,20260922,4,hybrid_k5,264da3cf6c53b24af0e65a9eb1f77b3027d60550dcae3b7100454a034845512e
esd_english,20260922,4,relative_k10,264da3cf6c53b24af0e65a9eb1f77b3027d60550dcae3b7100454a034845512e
esd_english,20260922,4,hybrid_k10,264da3cf6c53b24af0e65a9eb1f77b3027d60550dcae3b7100454a034845512e
mead_part0,20260920,0,absolute,d1fbd0b477c03f17f9169a5846d2bdd063fbc7b4ca51e7033a1250d4bf342815
mead_part0,20260920,0,relative_k1,d1fbd0b477c03f17f9169a5846d2bdd063fbc7b4ca51e7033a1250d4bf342815
mead_part0,20260920,0,hybrid_k1,d1fbd0b477c03f17f9169a5846d2bdd063fbc7b4ca51e7033a1250d4bf342815
mead_part0,20260920,0,relative_k2,d1fbd0b477c03f17f9169a5846d2bdd063fbc7b4ca51e7033a1250d4bf342815
mead_part0,20260920,0,hybrid_k2,d1fbd0b477c03f17f9169a5846d2bdd063fbc7b4ca51e7033a1250d4bf342815
mead_part0,20260920,0,relative_k5,d1fbd0b477c03f17f9169a5846d2bdd063fbc7b4ca51e7033a1250d4bf342815
mead_part0,20260920,0,hybrid_k5,d1fbd0b477c03f17f9169a5846d2bdd063fbc7b4ca51e7033a1250d4bf342815
mead_part0,20260920,0,relative_k10,d1fbd0b477c03f17f9169a5846d2bdd063fbc7b4ca51e7033a1250d4bf342815
mead_part0,20260920,0,hybrid_k10,d1fbd0b477c03f17f9169a5846d2bdd063fbc7b4ca51e7033a1250d4bf342815
mead_part0,20260920,1,absolute,c245c9f9441f82f30606c615541562b008d3c71205ea5a8a36ba7311014afb89
mead_part0,20260920,1,relative_k1,c245c9f9441f82f30606c615541562b008d3c71205ea5a8a36ba7311014afb89
mead_part0,20260920,1,hybrid_k1,c245c9f9441f82f30606c615541562b008d3c71205ea5a8a36ba7311014afb89
mead_part0,20260920,1,relative_k2,c245c9f9441f82f30606c615541562b008d3c71205ea5a8a36ba7311014afb89
mead_part0,20260920,1,hybrid_k2,c245c9f9441f82f30606c615541562b008d3c71205ea5a8a36ba7311014afb89
mead_part0,20260920,1,relative_k5,c245c9f9441f82f30606c615541562b008d3c71205ea5a8a36ba7311014afb89
mead_part0,20260920,1,hybrid_k5,c245c9f9441f82f30606c615541562b008d3c71205ea5a8a36ba7311014afb89
mead_part0,20260920,1,relative_k10,c245c9f9441f82f30606c615541562b008d3c71205ea5a8a36ba7311014afb89
mead_part0,20260920,1,hybrid_k10,c245c9f9441f82f30606c615541562b008d3c71205ea5a8a36ba7311014afb89
mead_part0,20260920,2,absolute,8a68180129f02e24bad83083a9f9fba421d7883f4c93d13e80590c6778387017
mead_part0,20260920,2,relative_k1,8a68180129f02e24bad83083a9f9fba421d7883f4c93d13e80590c6778387017
mead_part0,20260920,2,hybrid_k1,8a68180129f02e24bad83083a9f9fba421d7883f4c93d13e80590c6778387017
mead_part0,20260920,2,relative_k2,8a68180129f02e24bad83083a9f9fba421d7883f4c93d13e80590c6778387017
mead_part0,20260920,2,hybrid_k2,8a68180129f02e24bad83083a9f9fba421d7883f4c93d13e80590c6778387017
mead_part0,20260920,2,relative_k5,8a68180129f02e24bad83083a9f9fba421d7883f4c93d13e80590c6778387017
mead_part0,20260920,2,hybrid_k5,8a68180129f02e24bad83083a9f9fba421d7883f4c93d13e80590c6778387017
mead_part0,20260920,2,relative_k10,8a68180129f02e24bad83083a9f9fba421d7883f4c93d13e80590c6778387017
mead_part0,20260920,2,hybrid_k10,8a68180129f02e24bad83083a9f9fba421d7883f4c93d13e80590c6778387017
mead_part0,20260920,3,absolute,2bb5f5228c0ef6f95427932f8590adc387a5153ac4a954b788eeee9304094617
mead_part0,20260920,3,relative_k1,2bb5f5228c0ef6f95427932f8590adc387a5153ac4a954b788eeee9304094617
mead_part0,20260920,3,hybrid_k1,2bb5f5228c0ef6f95427932f8590adc387a5153ac4a954b788eeee9304094617
mead_part0,20260920,3,relative_k2,2bb5f5228c0ef6f95427932f8590adc387a5153ac4a954b788eeee9304094617
mead_part0,20260920,3,hybrid_k2,2bb5f5228c0ef6f95427932f8590adc387a5153ac4a954b788eeee9304094617
mead_part0,20260920,3,relative_k5,2bb5f5228c0ef6f95427932f8590adc387a5153ac4a954b788eeee9304094617
mead_part0,20260920,3,hybrid_k5,2bb5f5228c0ef6f95427932f8590adc387a5153ac4a954b788eeee9304094617
mead_part0,20260920,3,relative_k10,2bb5f5228c0ef6f95427932f8590adc387a5153ac4a954b788eeee9304094617
mead_part0,20260920,3,hybrid_k10,2bb5f5228c0ef6f95427932f8590adc387a5153ac4a954b788eeee9304094617
mead_part0,20260920,4,absolute,b159646d86a591cb9cbeba45bf4de7fd909b77950799d4c015d6cdec7fef159b
mead_part0,20260920,4,relative_k1,b159646d86a591cb9cbeba45bf4de7fd909b77950799d4c015d6cdec7fef159b
mead_part0,20260920,4,hybrid_k1,b159646d86a591cb9cbeba45bf4de7fd909b77950799d4c015d6cdec7fef159b
mead_part0,20260920,4,relative_k2,b159646d86a591cb9cbeba45bf4de7fd909b77950799d4c015d6cdec7fef159b
mead_part0,20260920,4,hybrid_k2,b159646d86a591cb9cbeba45bf4de7fd909b77950799d4c015d6cdec7fef159b
mead_part0,20260920,4,relative_k5,b159646d86a591cb9cbeba45bf4de7fd909b77950799d4c015d6cdec7fef159b
mead_part0,20260920,4,hybrid_k5,b159646d86a591cb9cbeba45bf4de7fd909b77950799d4c015d6cdec7fef159b
mead_part0,20260920,4,relative_k10,b159646d86a591cb9cbeba45bf4de7fd909b77950799d4c015d6cdec7fef159b
mead_part0,20260920,4,hybrid_k10,b159646d86a591cb9cbeba45bf4de7fd909b77950799d4c015d6cdec7fef159b
mead_part0,20260921,0,absolute,d3f482385d081f0064b3c1f8a4e607d3267d3efd6657622955d9a82838e8726a
mead_part0,20260921,0,relative_k1,d3f482385d081f0064b3c1f8a4e607d3267d3efd6657622955d9a82838e8726a
mead_part0,20260921,0,hybrid_k1,d3f482385d081f0064b3c1f8a4e607d3267d3efd6657622955d9a82838e8726a
mead_part0,20260921,0,relative_k2,d3f482385d081f0064b3c1f8a4e607d3267d3efd6657622955d9a82838e8726a
mead_part0,20260921,0,hybrid_k2,d3f482385d081f0064b3c1f8a4e607d3267d3efd6657622955d9a82838e8726a
mead_part0,20260921,0,relative_k5,d3f482385d081f0064b3c1f8a4e607d3267d3efd6657622955d9a82838e8726a
mead_part0,20260921,0,hybrid_k5,d3f482385d081f0064b3c1f8a4e607d3267d3efd6657622955d9a82838e8726a
mead_part0,20260921,0,relative_k10,d3f482385d081f0064b3c1f8a4e607d3267d3efd6657622955d9a82838e8726a
mead_part0,20260921,0,hybrid_k10,d3f482385d081f0064b3c1f8a4e607d3267d3efd6657622955d9a82838e8726a
mead_part0,20260921,1,absolute,ed32c83771326a1a86091b0979e12a3e51bba612ed77f952aa91bc7fdc40c743
mead_part0,20260921,1,relative_k1,ed32c83771326a1a86091b0979e12a3e51bba612ed77f952aa91bc7fdc40c743
mead_part0,20260921,1,hybrid_k1,ed32c83771326a1a86091b0979e12a3e51bba612ed77f952aa91bc7fdc40c743
mead_part0,20260921,1,relative_k2,ed32c83771326a1a86091b0979e12a3e51bba612ed77f952aa91bc7fdc40c743
mead_part0,20260921,1,hybrid_k2,ed32c83771326a1a86091b0979e12a3e51bba612ed77f952aa91bc7fdc40c743
mead_part0,20260921,1,relative_k5,ed32c83771326a1a86091b0979e12a3e51bba612ed77f952aa91bc7fdc40c743
mead_part0,20260921,1,hybrid_k5,ed32c83771326a1a86091b0979e12a3e51bba612ed77f952aa91bc7fdc40c743
mead_part0,20260921,1,relative_k10,ed32c83771326a1a86091b0979e12a3e51bba612ed77f952aa91bc7fdc40c743
mead_part0,20260921,1,hybrid_k10,ed32c83771326a1a86091b0979e12a3e51bba612ed77f952aa91bc7fdc40c743
mead_part0,20260921,2,absolute,7c6ad14bdac6620dea0e25ad9062fc0231d9e932406b635636bb64e6b8403ab0
mead_part0,20260921,2,relative_k1,7c6ad14bdac6620dea0e25ad9062fc0231d9e932406b635636bb64e6b8403ab0
mead_part0,20260921,2,hybrid_k1,7c6ad14bdac6620dea0e25ad9062fc0231d9e932406b635636bb64e6b8403ab0
mead_part0,20260921,2,relative_k2,7c6ad14bdac6620dea0e25ad9062fc0231d9e932406b635636bb64e6b8403ab0
mead_part0,20260921,2,hybrid_k2,7c6ad14bdac6620dea0e25ad9062fc0231d9e932406b635636bb64e6b8403ab0
mead_part0,20260921,2,relative_k5,7c6ad14bdac6620dea0e25ad9062fc0231d9e932406b635636bb64e6b8403ab0
mead_part0,20260921,2,hybrid_k5,7c6ad14bdac6620dea0e25ad9062fc0231d9e932406b635636bb64e6b8403ab0
mead_part0,20260921,2,relative_k10,7c6ad14bdac6620dea0e25ad9062fc0231d9e932406b635636bb64e6b8403ab0
mead_part0,20260921,2,hybrid_k10,7c6ad14bdac6620dea0e25ad9062fc0231d9e932406b635636bb64e6b8403ab0
mead_part0,20260921,3,absolute,5fc1c850580196f7d0b9cf1b941251b9c305b2f6c8eafa359a0b121a7f63d7bb
mead_part0,20260921,3,relative_k1,5fc1c850580196f7d0b9cf1b941251b9c305b2f6c8eafa359a0b121a7f63d7bb
mead_part0,20260921,3,hybrid_k1,5fc1c850580196f7d0b9cf1b941251b9c305b2f6c8eafa359a0b121a7f63d7bb
mead_part0,20260921,3,relative_k2,5fc1c850580196f7d0b9cf1b941251b9c305b2f6c8eafa359a0b121a7f63d7bb
mead_part0,20260921,3,hybrid_k2,5fc1c850580196f7d0b9cf1b941251b9c305b2f6c8eafa359a0b121a7f63d7bb
mead_part0,20260921,3,relative_k5,5fc1c850580196f7d0b9cf1b941251b9c305b2f6c8eafa359a0b121a7f63d7bb
mead_part0,20260921,3,hybrid_k5,5fc1c850580196f7d0b9cf1b941251b9c305b2f6c8eafa359a0b121a7f63d7bb
mead_part0,20260921,3,relative_k10,5fc1c850580196f7d0b9cf1b941251b9c305b2f6c8eafa359a0b121a7f63d7bb
mead_part0,20260921,3,hybrid_k10,5fc1c850580196f7d0b9cf1b941251b9c305b2f6c8eafa359a0b121a7f63d7bb
mead_part0,20260921,4,absolute,8e946774cae82c77efe36d4987dd98c2c116fbb2a3eb128814dc67c3466d7c54
mead_part0,20260921,4,relative_k1,8e946774cae82c77efe36d4987dd98c2c116fbb2a3eb128814dc67c3466d7c54
mead_part0,20260921,4,hybrid_k1,8e946774cae82c77efe36d4987dd98c2c116fbb2a3eb128814dc67c3466d7c54
mead_part0,20260921,4,relative_k2,8e946774cae82c77efe36d4987dd98c2c116fbb2a3eb128814dc67c3466d7c54
mead_part0,20260921,4,hybrid_k2,8e946774cae82c77efe36d4987dd98c2c116fbb2a3eb128814dc67c3466d7c54
mead_part0,20260921,4,relative_k5,8e946774cae82c77efe36d4987dd98c2c116fbb2a3eb128814dc67c3466d7c54
mead_part0,20260921,4,hybrid_k5,8e946774cae82c77efe36d4987dd98c2c116fbb2a3eb128814dc67c3466d7c54
mead_part0,20260921,4,relative_k10,8e946774cae82c77efe36d4987dd98c2c116fbb2a3eb128814dc67c3466d7c54
mead_part0,20260921,4,hybrid_k10,8e946774cae82c77efe36d4987dd98c2c116fbb2a3eb128814dc67c3466d7c54
mead_part0,20260922,0,absolute,d777d0209bb9c0462f58e81c0813e1c9a9144e339929d01768f48ba86541fa75
mead_part0,20260922,0,relative_k1,d777d0209bb9c0462f58e81c0813e1c9a9144e339929d01768f48ba86541fa75
mead_part0,20260922,0,hybrid_k1,d777d0209bb9c0462f58e81c0813e1c9a9144e339929d01768f48ba86541fa75
mead_part0,20260922,0,relative_k2,d777d0209bb9c0462f58e81c0813e1c9a9144e339929d01768f48ba86541fa75
mead_part0,20260922,0,hybrid_k2,d777d0209bb9c0462f58e81c0813e1c9a9144e339929d01768f48ba86541fa75
mead_part0,20260922,0,relative_k5,d777d0209bb9c0462f58e81c0813e1c9a9144e339929d01768f48ba86541fa75
mead_part0,20260922,0,hybrid_k5,d777d0209bb9c0462f58e81c0813e1c9a9144e339929d01768f48ba86541fa75
mead_part0,20260922,0,relative_k10,d777d0209bb9c0462f58e81c0813e1c9a9144e339929d01768f48ba86541fa75
mead_part0,20260922,0,hybrid_k10,d777d0209bb9c0462f58e81c0813e1c9a9144e339929d01768f48ba86541fa75
mead_part0,20260922,1,absolute,1e6d75d20e2fe2ad57a976119774d6bce2de2f4ff30ee073af636ab454c901c3
mead_part0,20260922,1,relative_k1,1e6d75d20e2fe2ad57a976119774d6bce2de2f4ff30ee073af636ab454c901c3
mead_part0,20260922,1,hybrid_k1,1e6d75d20e2fe2ad57a976119774d6bce2de2f4ff30ee073af636ab454c901c3
mead_part0,20260922,1,relative_k2,1e6d75d20e2fe2ad57a976119774d6bce2de2f4ff30ee073af636ab454c901c3
mead_part0,20260922,1,hybrid_k2,1e6d75d20e2fe2ad57a976119774d6bce2de2f4ff30ee073af636ab454c901c3
mead_part0,20260922,1,relative_k5,1e6d75d20e2fe2ad57a976119774d6bce2de2f4ff30ee073af636ab454c901c3
mead_part0,20260922,1,hybrid_k5,1e6d75d20e2fe2ad57a976119774d6bce2de2f4ff30ee073af636ab454c901c3
mead_part0,20260922,1,relative_k10,1e6d75d20e2fe2ad57a976119774d6bce2de2f4ff30ee073af636ab454c901c3
mead_part0,20260922,1,hybrid_k10,1e6d75d20e2fe2ad57a976119774d6bce2de2f4ff30ee073af636ab454c901c3
mead_part0,20260922,2,absolute,f3e5cb433256bb084772a800cf517bdc601c604006f94a07980bf24527a8ecfc
mead_part0,20260922,2,relative_k1,f3e5cb433256bb084772a800cf517bdc601c604006f94a07980bf24527a8ecfc
mead_part0,20260922,2,hybrid_k1,f3e5cb433256bb084772a800cf517bdc601c604006f94a07980bf24527a8ecfc
mead_part0,20260922,2,relative_k2,f3e5cb433256bb084772a800cf517bdc601c604006f94a07980bf24527a8ecfc
mead_part0,20260922,2,hybrid_k2,f3e5cb433256bb084772a800cf517bdc601c604006f94a07980bf24527a8ecfc
mead_part0,20260922,2,relative_k5,f3e5cb433256bb084772a800cf517bdc601c604006f94a07980bf24527a8ecfc
mead_part0,20260922,2,hybrid_k5,f3e5cb433256bb084772a800cf517bdc601c604006f94a07980bf24527a8ecfc
mead_part0,20260922,2,relative_k10,f3e5cb433256bb084772a800cf517bdc601c604006f94a07980bf24527a8ecfc
mead_part0,20260922,2,hybrid_k10,f3e5cb433256bb084772a800cf517bdc601c604006f94a07980bf24527a8ecfc
mead_part0,20260922,3,absolute,cd898c8d565416cda731d84a00bb47a35020c783e53ee971fda0cecb3da23c82
mead_part0,20260922,3,relative_k1,cd898c8d565416cda731d84a00bb47a35020c783e53ee971fda0cecb3da23c82
mead_part0,20260922,3,hybrid_k1,cd898c8d565416cda731d84a00bb47a35020c783e53ee971fda0cecb3da23c82
mead_part0,20260922,3,relative_k2,cd898c8d565416cda731d84a00bb47a35020c783e53ee971fda0cecb3da23c82
mead_part0,20260922,3,hybrid_k2,cd898c8d565416cda731d84a00bb47a35020c783e53ee971fda0cecb3da23c82
mead_part0,20260922,3,relative_k5,cd898c8d565416cda731d84a00bb47a35020c783e53ee971fda0cecb3da23c82
mead_part0,20260922,3,hybrid_k5,cd898c8d565416cda731d84a00bb47a35020c783e53ee971fda0cecb3da23c82
mead_part0,20260922,3,relative_k10,cd898c8d565416cda731d84a00bb47a35020c783e53ee971fda0cecb3da23c82
mead_part0,20260922,3,hybrid_k10,cd898c8d565416cda731d84a00bb47a35020c783e53ee971fda0cecb3da23c82
mead_part0,20260922,4,absolute,d7840944a55c35d0b86815155204afb86e5fd1dbf36c48d0e75e7b8b767fe17b
mead_part0,20260922,4,relative_k1,d7840944a55c35d0b86815155204afb86e5fd1dbf36c48d0e75e7b8b767fe17b
mead_part0,20260922,4,hybrid_k1,d7840944a55c35d0b86815155204afb86e5fd1dbf36c48d0e75e7b8b767fe17b
mead_part0,20260922,4,relative_k2,d7840944a55c35d0b86815155204afb86e5fd1dbf36c48d0e75e7b8b767fe17b
mead_part0,20260922,4,hybrid_k2,d7840944a55c35d0b86815155204afb86e5fd1dbf36c48d0e75e7b8b767fe17b
mead_part0,20260922,4,relative_k5,d7840944a55c35d0b86815155204afb86e5fd1dbf36c48d0e75e7b8b767fe17b
mead_part0,20260922,4,hybrid_k5,d7840944a55c35d0b86815155204afb86e5fd1dbf36c48d0e75e7b8b767fe17b
mead_part0,20260922,4,relative_k10,d7840944a55c35d0b86815155204afb86e5fd1dbf36c48d0e75e7b8b767fe17b
mead_part0,20260922,4,hybrid_k10,d7840944a55c35d0b86815155204afb86e5fd1dbf36c48d0e75e7b8b767fe17b
ravdess_speech,20260920,0,absolute,74e93ea95a9126773ba0be0244692de85f4683be78579361bdf00e0a63449ee9
ravdess_speech,20260920,0,relative_k1,74e93ea95a9126773ba0be0244692de85f4683be78579361bdf00e0a63449ee9
ravdess_speech,20260920,0,hybrid_k1,74e93ea95a9126773ba0be0244692de85f4683be78579361bdf00e0a63449ee9
ravdess_speech,20260920,0,relative_k2,74e93ea95a9126773ba0be0244692de85f4683be78579361bdf00e0a63449ee9
ravdess_speech,20260920,0,hybrid_k2,74e93ea95a9126773ba0be0244692de85f4683be78579361bdf00e0a63449ee9
ravdess_speech,20260920,0,relative_k5,74e93ea95a9126773ba0be0244692de85f4683be78579361bdf00e0a63449ee9
ravdess_speech,20260920,0,hybrid_k5,74e93ea95a9126773ba0be0244692de85f4683be78579361bdf00e0a63449ee9
ravdess_speech,20260920,0,relative_k10,74e93ea95a9126773ba0be0244692de85f4683be78579361bdf00e0a63449ee9
ravdess_speech,20260920,0,hybrid_k10,74e93ea95a9126773ba0be0244692de85f4683be78579361bdf00e0a63449ee9
ravdess_speech,20260920,1,absolute,44deb46090423dc738cc5ec24485da60d9096775584c7f333f6727c9881cf35a
ravdess_speech,20260920,1,relative_k1,44deb46090423dc738cc5ec24485da60d9096775584c7f333f6727c9881cf35a
ravdess_speech,20260920,1,hybrid_k1,44deb46090423dc738cc5ec24485da60d9096775584c7f333f6727c9881cf35a
ravdess_speech,20260920,1,relative_k2,44deb46090423dc738cc5ec24485da60d9096775584c7f333f6727c9881cf35a
ravdess_speech,20260920,1,hybrid_k2,44deb46090423dc738cc5ec24485da60d9096775584c7f333f6727c9881cf35a
ravdess_speech,20260920,1,relative_k5,44deb46090423dc738cc5ec24485da60d9096775584c7f333f6727c9881cf35a
ravdess_speech,20260920,1,hybrid_k5,44deb46090423dc738cc5ec24485da60d9096775584c7f333f6727c9881cf35a
ravdess_speech,20260920,1,relative_k10,44deb46090423dc738cc5ec24485da60d9096775584c7f333f6727c9881cf35a
ravdess_speech,20260920,1,hybrid_k10,44deb46090423dc738cc5ec24485da60d9096775584c7f333f6727c9881cf35a
ravdess_speech,20260920,2,absolute,ce7df6168c5f25431eaf717405be9dae6c96807971e451d42973da304975b442
ravdess_speech,20260920,2,relative_k1,ce7df6168c5f25431eaf717405be9dae6c96807971e451d42973da304975b442
ravdess_speech,20260920,2,hybrid_k1,ce7df6168c5f25431eaf717405be9dae6c96807971e451d42973da304975b442
ravdess_speech,20260920,2,relative_k2,ce7df6168c5f25431eaf717405be9dae6c96807971e451d42973da304975b442
ravdess_speech,20260920,2,hybrid_k2,ce7df6168c5f25431eaf717405be9dae6c96807971e451d42973da304975b442
ravdess_speech,20260920,2,relative_k5,ce7df6168c5f25431eaf717405be9dae6c96807971e451d42973da304975b442
ravdess_speech,20260920,2,hybrid_k5,ce7df6168c5f25431eaf717405be9dae6c96807971e451d42973da304975b442
ravdess_speech,20260920,2,relative_k10,ce7df6168c5f25431eaf717405be9dae6c96807971e451d42973da304975b442
ravdess_speech,20260920,2,hybrid_k10,ce7df6168c5f25431eaf717405be9dae6c96807971e451d42973da304975b442
ravdess_speech,20260920,3,absolute,8dd42f4f247dc479d9653b3136f0a65fb9052aec83510b7f9a48b31e59771edf
ravdess_speech,20260920,3,relative_k1,8dd42f4f247dc479d9653b3136f0a65fb9052aec83510b7f9a48b31e59771edf
ravdess_speech,20260920,3,hybrid_k1,8dd42f4f247dc479d9653b3136f0a65fb9052aec83510b7f9a48b31e59771edf
ravdess_speech,20260920,3,relative_k2,8dd42f4f247dc479d9653b3136f0a65fb9052aec83510b7f9a48b31e59771edf
ravdess_speech,20260920,3,hybrid_k2,8dd42f4f247dc479d9653b3136f0a65fb9052aec83510b7f9a48b31e59771edf
ravdess_speech,20260920,3,relative_k5,8dd42f4f247dc479d9653b3136f0a65fb9052aec83510b7f9a48b31e59771edf
ravdess_speech,20260920,3,hybrid_k5,8dd42f4f247dc479d9653b3136f0a65fb9052aec83510b7f9a48b31e59771edf
ravdess_speech,20260920,3,relative_k10,8dd42f4f247dc479d9653b3136f0a65fb9052aec83510b7f9a48b31e59771edf
ravdess_speech,20260920,3,hybrid_k10,8dd42f4f247dc479d9653b3136f0a65fb9052aec83510b7f9a48b31e59771edf
ravdess_speech,20260920,4,absolute,a10e774dc9f110713f3cbacb6ecda70a645d8ee12a7feb223cda0a33fddfc20a
ravdess_speech,20260920,4,relative_k1,a10e774dc9f110713f3cbacb6ecda70a645d8ee12a7feb223cda0a33fddfc20a
ravdess_speech,20260920,4,hybrid_k1,a10e774dc9f110713f3cbacb6ecda70a645d8ee12a7feb223cda0a33fddfc20a
ravdess_speech,20260920,4,relative_k2,a10e774dc9f110713f3cbacb6ecda70a645d8ee12a7feb223cda0a33fddfc20a
ravdess_speech,20260920,4,hybrid_k2,a10e774dc9f110713f3cbacb6ecda70a645d8ee12a7feb223cda0a33fddfc20a
ravdess_speech,20260920,4,relative_k5,a10e774dc9f110713f3cbacb6ecda70a645d8ee12a7feb223cda0a33fddfc20a
ravdess_speech,20260920,4,hybrid_k5,a10e774dc9f110713f3cbacb6ecda70a645d8ee12a7feb223cda0a33fddfc20a
ravdess_speech,20260920,4,relative_k10,a10e774dc9f110713f3cbacb6ecda70a645d8ee12a7feb223cda0a33fddfc20a
ravdess_speech,20260920,4,hybrid_k10,a10e774dc9f110713f3cbacb6ecda70a645d8ee12a7feb223cda0a33fddfc20a
ravdess_speech,20260921,0,absolute,86f9da0d3553b91954a160d701754c472c283c6a398c8c174418eb5148798533
ravdess_speech,20260921,0,relative_k1,86f9da0d3553b91954a160d701754c472c283c6a398c8c174418eb5148798533
ravdess_speech,20260921,0,hybrid_k1,86f9da0d3553b91954a160d701754c472c283c6a398c8c174418eb5148798533
ravdess_speech,20260921,0,relative_k2,86f9da0d3553b91954a160d701754c472c283c6a398c8c174418eb5148798533
ravdess_speech,20260921,0,hybrid_k2,86f9da0d3553b91954a160d701754c472c283c6a398c8c174418eb5148798533
ravdess_speech,20260921,0,relative_k5,86f9da0d3553b91954a160d701754c472c283c6a398c8c174418eb5148798533
ravdess_speech,20260921,0,hybrid_k5,86f9da0d3553b91954a160d701754c472c283c6a398c8c174418eb5148798533
ravdess_speech,20260921,0,relative_k10,86f9da0d3553b91954a160d701754c472c283c6a398c8c174418eb5148798533
ravdess_speech,20260921,0,hybrid_k10,86f9da0d3553b91954a160d701754c472c283c6a398c8c174418eb5148798533
ravdess_speech,20260921,1,absolute,bbe4a7e5f98957f3c8d950723004f478e186367b6496982ed1a7b24ef7c57797
ravdess_speech,20260921,1,relative_k1,bbe4a7e5f98957f3c8d950723004f478e186367b6496982ed1a7b24ef7c57797
ravdess_speech,20260921,1,hybrid_k1,bbe4a7e5f98957f3c8d950723004f478e186367b6496982ed1a7b24ef7c57797
ravdess_speech,20260921,1,relative_k2,bbe4a7e5f98957f3c8d950723004f478e186367b6496982ed1a7b24ef7c57797
ravdess_speech,20260921,1,hybrid_k2,bbe4a7e5f98957f3c8d950723004f478e186367b6496982ed1a7b24ef7c57797
ravdess_speech,20260921,1,relative_k5,bbe4a7e5f98957f3c8d950723004f478e186367b6496982ed1a7b24ef7c57797
ravdess_speech,20260921,1,hybrid_k5,bbe4a7e5f98957f3c8d950723004f478e186367b6496982ed1a7b24ef7c57797
ravdess_speech,20260921,1,relative_k10,bbe4a7e5f98957f3c8d950723004f478e186367b6496982ed1a7b24ef7c57797
ravdess_speech,20260921,1,hybrid_k10,bbe4a7e5f98957f3c8d950723004f478e186367b6496982ed1a7b24ef7c57797
ravdess_speech,20260921,2,absolute,93dd1133859dbf1dd6a19674439134f82b5562b876591e2f9ecfd390c9cdc21b
ravdess_speech,20260921,2,relative_k1,93dd1133859dbf1dd6a19674439134f82b5562b876591e2f9ecfd390c9cdc21b
ravdess_speech,20260921,2,hybrid_k1,93dd1133859dbf1dd6a19674439134f82b5562b876591e2f9ecfd390c9cdc21b
ravdess_speech,20260921,2,relative_k2,93dd1133859dbf1dd6a19674439134f82b5562b876591e2f9ecfd390c9cdc21b
ravdess_speech,20260921,2,hybrid_k2,93dd1133859dbf1dd6a19674439134f82b5562b876591e2f9ecfd390c9cdc21b
ravdess_speech,20260921,2,relative_k5,93dd1133859dbf1dd6a19674439134f82b5562b876591e2f9ecfd390c9cdc21b
ravdess_speech,20260921,2,hybrid_k5,93dd1133859dbf1dd6a19674439134f82b5562b876591e2f9ecfd390c9cdc21b
ravdess_speech,20260921,2,relative_k10,93dd1133859dbf1dd6a19674439134f82b5562b876591e2f9ecfd390c9cdc21b
ravdess_speech,20260921,2,hybrid_k10,93dd1133859dbf1dd6a19674439134f82b5562b876591e2f9ecfd390c9cdc21b
ravdess_speech,20260921,3,absolute,3e4dc2276aa773824e9e9a2763fed5b782bd02de67a491ac80299018becb6dd7
ravdess_speech,20260921,3,relative_k1,3e4dc2276aa773824e9e9a2763fed5b782bd02de67a491ac80299018becb6dd7
ravdess_speech,20260921,3,hybrid_k1,3e4dc2276aa773824e9e9a2763fed5b782bd02de67a491ac80299018becb6dd7
ravdess_speech,20260921,3,relative_k2,3e4dc2276aa773824e9e9a2763fed5b782bd02de67a491ac80299018becb6dd7
ravdess_speech,20260921,3,hybrid_k2,3e4dc2276aa773824e9e9a2763fed5b782bd02de67a491ac80299018becb6dd7
ravdess_speech,20260921,3,relative_k5,3e4dc2276aa773824e9e9a2763fed5b782bd02de67a491ac80299018becb6dd7
ravdess_speech,20260921,3,hybrid_k5,3e4dc2276aa773824e9e9a2763fed5b782bd02de67a491ac80299018becb6dd7
ravdess_speech,20260921,3,relative_k10,3e4dc2276aa773824e9e9a2763fed5b782bd02de67a491ac80299018becb6dd7
ravdess_speech,20260921,3,hybrid_k10,3e4dc2276aa773824e9e9a2763fed5b782bd02de67a491ac80299018becb6dd7
ravdess_speech,20260921,4,absolute,0c5067c3e302433754ad292bf1423d22d9cd32f9dea92b83df2908744fd6a530
ravdess_speech,20260921,4,relative_k1,0c5067c3e302433754ad292bf1423d22d9cd32f9dea92b83df2908744fd6a530
ravdess_speech,20260921,4,hybrid_k1,0c5067c3e302433754ad292bf1423d22d9cd32f9dea92b83df2908744fd6a530
ravdess_speech,20260921,4,relative_k2,0c5067c3e302433754ad292bf1423d22d9cd32f9dea92b83df2908744fd6a530
ravdess_speech,20260921,4,hybrid_k2,0c5067c3e302433754ad292bf1423d22d9cd32f9dea92b83df2908744fd6a530
ravdess_speech,20260921,4,relative_k5,0c5067c3e302433754ad292bf1423d22d9cd32f9dea92b83df2908744fd6a530
ravdess_speech,20260921,4,hybrid_k5,0c5067c3e302433754ad292bf1423d22d9cd32f9dea92b83df2908744fd6a530
ravdess_speech,20260921,4,relative_k10,0c5067c3e302433754ad292bf1423d22d9cd32f9dea92b83df2908744fd6a530
ravdess_speech,20260921,4,hybrid_k10,0c5067c3e302433754ad292bf1423d22d9cd32f9dea92b83df2908744fd6a530
ravdess_speech,20260922,0,absolute,c4b09f4d3fec1a8a3de60986b91553c0eb177b79d447bd0db0ccafc6ab073982
ravdess_speech,20260922,0,relative_k1,c4b09f4d3fec1a8a3de60986b91553c0eb177b79d447bd0db0ccafc6ab073982
ravdess_speech,20260922,0,hybrid_k1,c4b09f4d3fec1a8a3de60986b91553c0eb177b79d447bd0db0ccafc6ab073982
ravdess_speech,20260922,0,relative_k2,c4b09f4d3fec1a8a3de60986b91553c0eb177b79d447bd0db0ccafc6ab073982
ravdess_speech,20260922,0,hybrid_k2,c4b09f4d3fec1a8a3de60986b91553c0eb177b79d447bd0db0ccafc6ab073982
ravdess_speech,20260922,0,relative_k5,c4b09f4d3fec1a8a3de60986b91553c0eb177b79d447bd0db0ccafc6ab073982
ravdess_speech,20260922,0,hybrid_k5,c4b09f4d3fec1a8a3de60986b91553c0eb177b79d447bd0db0ccafc6ab073982
ravdess_speech,20260922,0,relative_k10,c4b09f4d3fec1a8a3de60986b91553c0eb177b79d447bd0db0ccafc6ab073982
ravdess_speech,20260922,0,hybrid_k10,c4b09f4d3fec1a8a3de60986b91553c0eb177b79d447bd0db0ccafc6ab073982
ravdess_speech,20260922,1,absolute,b5b30eb06d2135439eba1fe842230ecd75fe7dc1b3c5f25d5a0bb9cc70f7ff93
ravdess_speech,20260922,1,relative_k1,b5b30eb06d2135439eba1fe842230ecd75fe7dc1b3c5f25d5a0bb9cc70f7ff93
ravdess_speech,20260922,1,hybrid_k1,b5b30eb06d2135439eba1fe842230ecd75fe7dc1b3c5f25d5a0bb9cc70f7ff93
ravdess_speech,20260922,1,relative_k2,b5b30eb06d2135439eba1fe842230ecd75fe7dc1b3c5f25d5a0bb9cc70f7ff93
ravdess_speech,20260922,1,hybrid_k2,b5b30eb06d2135439eba1fe842230ecd75fe7dc1b3c5f25d5a0bb9cc70f7ff93
ravdess_speech,20260922,1,relative_k5,b5b30eb06d2135439eba1fe842230ecd75fe7dc1b3c5f25d5a0bb9cc70f7ff93
ravdess_speech,20260922,1,hybrid_k5,b5b30eb06d2135439eba1fe842230ecd75fe7dc1b3c5f25d5a0bb9cc70f7ff93
ravdess_speech,20260922,1,relative_k10,b5b30eb06d2135439eba1fe842230ecd75fe7dc1b3c5f25d5a0bb9cc70f7ff93
ravdess_speech,20260922,1,hybrid_k10,b5b30eb06d2135439eba1fe842230ecd75fe7dc1b3c5f25d5a0bb9cc70f7ff93
ravdess_speech,20260922,2,absolute,b301dfcdbb5bec71d752d44db1a82d67b328eafe4b7e14f86c67770871c01e94
ravdess_speech,20260922,2,relative_k1,b301dfcdbb5bec71d752d44db1a82d67b328eafe4b7e14f86c67770871c01e94
ravdess_speech,20260922,2,hybrid_k1,b301dfcdbb5bec71d752d44db1a82d67b328eafe4b7e14f86c67770871c01e94
ravdess_speech,20260922,2,relative_k2,b301dfcdbb5bec71d752d44db1a82d67b328eafe4b7e14f86c67770871c01e94
ravdess_speech,20260922,2,hybrid_k2,b301dfcdbb5bec71d752d44db1a82d67b328eafe4b7e14f86c67770871c01e94
ravdess_speech,20260922,2,relative_k5,b301dfcdbb5bec71d752d44db1a82d67b328eafe4b7e14f86c67770871c01e94
ravdess_speech,20260922,2,hybrid_k5,b301dfcdbb5bec71d752d44db1a82d67b328eafe4b7e14f86c67770871c01e94
ravdess_speech,20260922,2,relative_k10,b301dfcdbb5bec71d752d44db1a82d67b328eafe4b7e14f86c67770871c01e94
ravdess_speech,20260922,2,hybrid_k10,b301dfcdbb5bec71d752d44db1a82d67b328eafe4b7e14f86c67770871c01e94
ravdess_speech,20260922,3,absolute,dc55c72c2e5c52958770f5b1bec63188b99932bb64edda60e2de2ebb2fe18738
ravdess_speech,20260922,3,relative_k1,dc55c72c2e5c52958770f5b1bec63188b99932bb64edda60e2de2ebb2fe18738
ravdess_speech,20260922,3,hybrid_k1,dc55c72c2e5c52958770f5b1bec63188b99932bb64edda60e2de2ebb2fe18738
ravdess_speech,20260922,3,relative_k2,dc55c72c2e5c52958770f5b1bec63188b99932bb64edda60e2de2ebb2fe18738
ravdess_speech,20260922,3,hybrid_k2,dc55c72c2e5c52958770f5b1bec63188b99932bb64edda60e2de2ebb2fe18738
ravdess_speech,20260922,3,relative_k5,dc55c72c2e5c52958770f5b1bec63188b99932bb64edda60e2de2ebb2fe18738
ravdess_speech,20260922,3,hybrid_k5,dc55c72c2e5c52958770f5b1bec63188b99932bb64edda60e2de2ebb2fe18738
ravdess_speech,20260922,3,relative_k10,dc55c72c2e5c52958770f5b1bec63188b99932bb64edda60e2de2ebb2fe18738
ravdess_speech,20260922,3,hybrid_k10,dc55c72c2e5c52958770f5b1bec63188b99932bb64edda60e2de2ebb2fe18738
ravdess_speech,20260922,4,absolute,73adf3eb8e9a3d9b68cf118dd707c2f8d7614f89bdac7505a2ee9a34ad7bb3a6
ravdess_speech,20260922,4,relative_k1,73adf3eb8e9a3d9b68cf118dd707c2f8d7614f89bdac7505a2ee9a34ad7bb3a6
ravdess_speech,20260922,4,hybrid_k1,73adf3eb8e9a3d9b68cf118dd707c2f8d7614f89bdac7505a2ee9a34ad7bb3a6
ravdess_speech,20260922,4,relative_k2,73adf3eb8e9a3d9b68cf118dd707c2f8d7614f89bdac7505a2ee9a34ad7bb3a6
ravdess_speech,20260922,4,hybrid_k2,73adf3eb8e9a3d9b68cf118dd707c2f8d7614f89bdac7505a2ee9a34ad7bb3a6
ravdess_speech,20260922,4,relative_k5,73adf3eb8e9a3d9b68cf118dd707c2f8d7614f89bdac7505a2ee9a34ad7bb3a6
ravdess_speech,20260922,4,hybrid_k5,73adf3eb8e9a3d9b68cf118dd707c2f8d7614f89bdac7505a2ee9a34ad7bb3a6
ravdess_speech,20260922,4,relative_k10,73adf3eb8e9a3d9b68cf118dd707c2f8d7614f89bdac7505a2ee9a34ad7bb3a6
ravdess_speech,20260922,4,hybrid_k10,73adf3eb8e9a3d9b68cf118dd707c2f8d7614f89bdac7505a2ee9a34ad7bb3a6
