held_session,layer,target,lambda,ccc_absolute,ccc_relative,relative_minus_absolute,test_speakers,test_rows
Ses01,12,arousal,0.0,0.7482641179448045,0.7616264071802772,0.013362289235472669,2,1819
Ses01,12,dominance,0.0,0.5858354343431629,0.5998425588591907,0.014007124516027813,2,1819
Ses01,12,arousal,0.25,0.7534538797254653,0.7613898809065368,0.007936001181071517,2,1819
Ses01,12,dominance,0.25,0.5874586231787713,0.5943156333739806,0.006857010195209345,2,1819
Ses01,12,arousal,0.5,0.7565340836623474,0.759062547655097,0.00252846399274953,2,1819
Ses01,12,dominance,0.5,0.5810807918292674,0.5813686010184683,0.0002878091892009049,2,1819
Ses01,12,arousal,0.75,0.7574973723292251,0.7546655814655905,-0.002831790863634609,2,1819
Ses01,12,dominance,0.75,0.5674656034544553,0.5619875586561722,-0.005478044798283066,2,1819
Ses01,12,arousal,1.0,0.756347753611161,0.7483371423651322,-0.008010611246028865,2,1819
Ses01,12,dominance,1.0,0.5478366908979816,0.5375082743806389,-0.010328416517342731,2,1819
Ses02,12,arousal,0.0,0.6689872712597372,0.6856365897796387,0.01664931851990148,2,1811
Ses02,12,dominance,0.0,0.43574535438188455,0.4366557898340284,0.0009104354521438651,2,1811
Ses02,12,arousal,0.25,0.6727098187394599,0.6858607161548212,0.013150897415361351,2,1811
Ses02,12,dominance,0.25,0.43659088997688583,0.4373457389726586,0.0007548489957727722,2,1811
Ses02,12,arousal,0.5,0.675717318562173,0.6842055096179843,0.008488191055811334,2,1811
Ses02,12,dominance,0.5,0.43733279615604875,0.436752714526835,-0.0005800816292137467,2,1811
Ses02,12,arousal,0.75,0.6780342420691734,0.6807160803083488,0.002681838239175449,2,1811
Ses02,12,dominance,0.75,0.43797488999158957,0.43489068551740556,-0.0030842044741840047,2,1811
Ses02,12,arousal,1.0,0.6795871613408612,0.6754512544258104,-0.004135906915050724,2,1811
Ses02,12,dominance,1.0,0.43850792963119073,0.43180362288056706,-0.0067043067506236675,2,1811
Ses03,12,arousal,0.0,0.7128863477712537,0.7351424729567795,0.022256125185525777,2,2136
Ses03,12,dominance,0.0,0.6132649577012443,0.6158795621671049,0.0026146044658605927,2,2136
Ses03,12,arousal,0.25,0.7158433939006748,0.7307349670717368,0.014891573171062045,2,2136
Ses03,12,dominance,0.25,0.6118665738188985,0.6108126100299646,-0.0010539637889339648,2,2136
Ses03,12,arousal,0.5,0.717156160541259,0.7243474153786836,0.007191254837424665,2,2136
Ses03,12,dominance,0.5,0.6090446872355216,0.6034776701085327,-0.005567017126988927,2,2136
Ses03,12,arousal,0.75,0.7168677282972448,0.7160522868408703,-0.0008154414563744661,2,2136
Ses03,12,dominance,0.75,0.6048467815215237,0.5940337523878525,-0.010813029133671215,2,2136
Ses03,12,arousal,1.0,0.7150244690537343,0.7059377450915535,-0.009086723962180798,2,2136
Ses03,12,dominance,1.0,0.5993563834026568,0.5827151497750375,-0.01664123362761938,2,2136
Ses04,12,arousal,0.0,0.5970531424778417,0.6700896252314527,0.07303648275361097,2,2103
Ses04,12,dominance,0.0,0.4916922761710396,0.5206500399588084,0.02895776378776882,2,2103
Ses04,12,arousal,0.25,0.6288118277092366,0.6640637552070119,0.03525192749777528,2,2103
Ses04,12,dominance,0.25,0.5025862821768792,0.5176879200091523,0.01510163783227314,2,2103
Ses04,12,arousal,0.5,0.6553600419757137,0.6530784758078485,-0.0022815661678652344,2,2103
Ses04,12,dominance,0.5,0.5100845229000136,0.5121311010602076,0.002046578160194046,2,2103
Ses04,12,arousal,0.75,0.6760849705860639,0.6374991489927452,-0.03858582159331869,2,2103
Ses04,12,dominance,0.75,0.513865015595361,0.504114649170752,-0.009750366424609025,2,2103
Ses04,12,arousal,1.0,0.6906354190166387,0.6178480770922263,-0.07278734192441239,2,2103
Ses04,12,dominance,1.0,0.5137341296145936,0.49386257352562807,-0.01987155608896557,2,2103
Ses05,12,arousal,0.0,0.6234335133710894,0.6976668274453719,0.07423331407428246,2,2170
Ses05,12,dominance,0.0,0.4888748943933371,0.5059722501660968,0.017097355772759726,2,2170
Ses05,12,arousal,0.25,0.6638881205340544,0.6909345783557477,0.027046457821693237,2,2170
Ses05,12,dominance,0.25,0.49760885800842547,0.5015486603717931,0.0039398023633676615,2,2170
Ses05,12,arousal,0.5,0.6953694283647659,0.6772729795742972,-0.018096448790468678,2,2170
Ses05,12,dominance,0.5,0.5041564922815935,0.4955560077217191,-0.008600484559874444,2,2170
Ses05,12,arousal,0.75,0.7172606851172846,0.6574326917065011,-0.05982799341078349,2,2170
Ses05,12,dominance,0.75,0.508497965229848,0.48810084851441127,-0.02039711671543676,2,2170
Ses05,12,arousal,1.0,0.7296198844075851,0.632470103522131,-0.09714978088545412,2,2170
Ses05,12,dominance,1.0,0.5106747020534783,0.4793234484121644,-0.031351253641313914,2,2170
Ses01,24,arousal,0.0,0.7203361444733715,0.7537336263548725,0.033397481881501045,2,1819
Ses01,24,dominance,0.0,0.5745052018958667,0.5991556786270362,0.02465047673116949,2,1819
Ses01,24,arousal,0.25,0.7320828443952896,0.7544952859440399,0.022412441548750328,2,1819
Ses01,24,dominance,0.25,0.584179803431988,0.5962162701338682,0.012036466701880189,2,1819
Ses01,24,arousal,0.5,0.7411082739681891,0.7530728915092527,0.011964617541063594,2,1819
Ses01,24,dominance,0.5,0.584431940656018,0.5845015939711592,6.965331514119377e-05,2,1819
Ses01,24,arousal,0.75,0.7473945399656311,0.7494696111652119,0.0020750711995808357,2,1819
Ses01,24,dominance,0.75,0.5757497025316684,0.5649834620227354,-0.010766240508932934,2,1819
Ses01,24,arousal,1.0,0.7508661987788151,0.7438160156058754,-0.007050183172939706,2,1819
Ses01,24,dominance,1.0,0.5593386928905564,0.5390937511551375,-0.02024494173541891,2,1819
Ses02,24,arousal,0.0,0.6562543316628682,0.6741144206544343,0.017860088991566103,2,1811
Ses02,24,dominance,0.0,0.4542351247093334,0.452981876250754,-0.0012532484585794368,2,1811
Ses02,24,arousal,0.25,0.6617427573972747,0.6728451745358557,0.011102417138580956,2,1811
Ses02,24,dominance,0.25,0.45547167555044116,0.45398438842854805,-0.0014872871218931105,2,1811
Ses02,24,arousal,0.5,0.6662574352934663,0.6704555635583611,0.0041981282648948515,2,1811
Ses02,24,dominance,0.5,0.45595625438245535,0.4538694970655356,-0.002086757316919763,2,1811
Ses02,24,arousal,0.75,0.6698041078665421,0.6669452981405153,-0.002858809726026812,2,1811
Ses02,24,dominance,0.75,0.4557100315443265,0.45266266526188864,-0.0030473662824378467,2,1811
Ses02,24,arousal,1.0,0.6723273353315683,0.6623476376313806,-0.009979697700187695,2,1811
Ses02,24,dominance,1.0,0.45474302429967134,0.45037853995919863,-0.004364484340472707,2,1811
Ses03,24,arousal,0.0,0.6845018069129026,0.7130646186687445,0.028562811755841855,2,2136
Ses03,24,dominance,0.0,0.5890540435590854,0.6052698555418006,0.016215811982715156,2,2136
Ses03,24,arousal,0.25,0.6887001230852321,0.7076265253149008,0.018926402229668682,2,2136
Ses03,24,dominance,0.25,0.5890379823749051,0.6055706468065764,0.01653266443167123,2,2136
Ses03,24,arousal,0.5,0.6912889084981648,0.6966084710150716,0.005319562516906795,2,2136
Ses03,24,dominance,0.5,0.58736140110191,0.6009971785707516,0.013635777468841592,2,2136
Ses03,24,arousal,0.75,0.6923001634880062,0.680298266048141,-0.012001897439865128,2,2136
Ses03,24,dominance,0.75,0.58408873283208,0.5917682242009595,0.007679491368879576,2,2136
Ses03,24,arousal,1.0,0.6917677953206409,0.6591305427607369,-0.03263725255990402,2,2136
Ses03,24,dominance,1.0,0.5793177409886621,0.5783952093101484,-0.0009225316785136384,2,2136
Ses04,24,arousal,0.0,0.5812719571736445,0.6469480864891315,0.06567612931548694,2,2103
Ses04,24,dominance,0.0,0.46990484613162414,0.5125781781841144,0.0426733320524903,2,2103
Ses04,24,arousal,0.25,0.6096859464930274,0.648208760992826,0.03852281449979855,2,2103
Ses04,24,dominance,0.25,0.4851041780980022,0.5156309676521392,0.030526789554137013,2,2103
Ses04,24,arousal,0.5,0.6333515710971356,0.6441028853758969,0.010751314278761304,2,2103
Ses04,24,dominance,0.5,0.4971248573799497,0.5155826968726236,0.018457839492673878,2,2103
Ses04,24,arousal,0.75,0.6516531155396829,0.6348680265024842,-0.016785089037198664,2,2103
Ses04,24,dominance,0.75,0.5054922408789553,0.5124850643842611,0.006992823505305834,2,2103
Ses04,24,arousal,1.0,0.6642452766533299,0.6209142536239279,-0.04333102302940195,2,2103
Ses04,24,dominance,1.0,0.5098056493541228,0.5064927771004013,-0.003312872253721455,2,2103
Ses05,24,arousal,0.0,0.5968191910827714,0.6783847875842991,0.08156559650152773,2,2170
Ses05,24,dominance,0.0,0.47051134810756,0.5041666351356402,0.03365528702808018,2,2170
Ses05,24,arousal,0.25,0.642446472926591,0.6702794217351559,0.027832948808564906,2,2170
Ses05,24,dominance,0.25,0.4904059201761257,0.504730543900931,0.014324623724805252,2,2170
Ses05,24,arousal,0.5,0.6794107641080313,0.6535780717715711,-0.025832692336460128,2,2170
Ses05,24,dominance,0.5,0.5073862087070122,0.5038799064098899,-0.0035063022971223434,2,2170
Ses05,24,arousal,0.75,0.7069908754323185,0.62922917223234,-0.07776170319997855,2,2170
Ses05,24,dominance,0.75,0.5212969356715729,0.5016564929565843,-0.01964044271498855,2,2170
Ses05,24,arousal,1.0,0.7250404816587398,0.5985887938200017,-0.12645168783873806,2,2170
Ses05,24,dominance,1.0,0.5320755706020626,0.4981340687348952,-0.03394150186716738,2,2170
