dataset,attribute,emotion,classifier,relative_minus_absolute,baseline_addition
esd_english,loudness,angry,logistic,-0.03220782081794474,0.02215684780923934
esd_english,loudness,angry,hgb,-0.04722487109518213,0.05952368122551445
esd_english,loudness,happy,logistic,-0.00824276633419445,-0.006699673912185516
esd_english,loudness,happy,hgb,-0.048691085449231106,-0.006779274188852243
esd_english,loudness,neutral,logistic,0.012887629790527584,-0.008594712793770916
esd_english,loudness,neutral,hgb,0.019915925933609326,-0.038340513961856476
esd_english,loudness,sad,logistic,0.01428111586288904,0.00588271687830807
esd_english,loudness,sad,hgb,0.016963269846170376,0.06337585052352891
esd_english,loudness,surprise,logistic,0.018262483638697306,-0.013689346209879844
esd_english,loudness,surprise,hgb,0.12257334459706147,-0.024926206977761912
esd_english,pitch,angry,logistic,0.09990504546385069,0.03582666981047952
esd_english,pitch,angry,hgb,-0.12371850179052814,0.09917563822245828
esd_english,pitch,happy,logistic,0.03997390661781749,0.04696613542331948
esd_english,pitch,happy,hgb,-0.015079119537534049,0.01568306630480682
esd_english,pitch,neutral,logistic,0.1760816646948116,-0.00011422273535817151
esd_english,pitch,neutral,hgb,0.2981935305118447,-0.029004149873145965
esd_english,pitch,sad,logistic,0.1368870866229675,-0.012636713993580328
esd_english,pitch,sad,hgb,-0.08712650384552492,0.03496674759734901
esd_english,pitch,surprise,logistic,0.08133806244275385,0.012652946416704404
esd_english,pitch,surprise,hgb,0.14154928734049968,-0.08384753663044844
esd_english,rate,angry,logistic,-0.00015884692366130437,0.003540504485076709
esd_english,rate,angry,hgb,-0.0035761550876614247,0.00933842030039512
esd_english,rate,happy,logistic,0.029482274721076295,-0.03282726971754593
esd_english,rate,happy,hgb,0.03258702468216104,0.04498999229030975
esd_english,rate,neutral,logistic,0.02025389091757727,-0.017394276548604645
esd_english,rate,neutral,hgb,0.06627430072447796,-0.0412864834296655
esd_english,rate,sad,logistic,-0.0029042810957230453,0.004626357500955105
esd_english,rate,sad,hgb,-0.010580849085188483,-0.061894056582771674
esd_english,rate,surprise,logistic,-0.01663431389773646,0.018954581258709236
esd_english,rate,surprise,hgb,0.050218128978542956,-0.015981625163283546
mead_part0,loudness,angry,logistic,0.02387531859571519,-0.0027319327365857
mead_part0,loudness,angry,hgb,0.019671796258794345,0.017237037562435453
mead_part0,loudness,happy,logistic,0.055992142897772566,-0.009024809255246657
mead_part0,loudness,happy,hgb,-0.04002030830738453,0.026931326125657143
mead_part0,loudness,neutral,logistic,0.08251577955914564,-0.0052857410930042485
mead_part0,loudness,neutral,hgb,0.10259878354042344,-0.009263775984679508
mead_part0,loudness,sad,logistic,0.022156900304538252,0.0029355228962004718
mead_part0,loudness,sad,hgb,-0.03373484985178669,0.04385765796398851
mead_part0,loudness,surprise,logistic,0.03071510528978087,0.007976251566009208
mead_part0,loudness,surprise,hgb,0.07012258502777412,-0.045670359184229375
mead_part0,pitch,angry,logistic,0.06319130020609762,-0.01235833546523224
mead_part0,pitch,angry,hgb,-0.023355620755812025,0.041725519868629095
mead_part0,pitch,happy,logistic,0.19010425733212016,0.0035608266344439123
mead_part0,pitch,happy,hgb,0.00967359341775805,0.0012952316672327805
mead_part0,pitch,neutral,logistic,0.15537559296791764,0.0016353277728296497
mead_part0,pitch,neutral,hgb,0.08614729919015883,0.003017090579868072
mead_part0,pitch,sad,logistic,0.03163455775622773,0.013268201382059117
mead_part0,pitch,sad,hgb,0.004677368802311029,-0.034802024716810424
mead_part0,pitch,surprise,logistic,0.007311279895060791,0.016838338794637253
mead_part0,pitch,surprise,hgb,0.005942252836264198,-0.0006826902438690515
mead_part0,rate,angry,logistic,0.010153694090053235,0.04186080264110978
mead_part0,rate,angry,hgb,-0.07863660116301584,0.05069395945955338
mead_part0,rate,happy,logistic,0.013201638033844368,0.0010216779567171392
mead_part0,rate,happy,hgb,0.014584612829684113,-0.04601505195113985
mead_part0,rate,neutral,logistic,0.0072775908242173155,-0.0015133769013254792
mead_part0,rate,neutral,hgb,0.02517587207444012,-0.003942071103705345
mead_part0,rate,sad,logistic,0.006366772555162144,-0.0040697051217140545
mead_part0,rate,sad,hgb,-0.00491011422607713,-0.05473927528543087
mead_part0,rate,surprise,logistic,0.011231801778062777,0.01635146096834345
mead_part0,rate,surprise,hgb,-0.01471170371071385,0.043150968709192654
meld,loudness,angry,logistic,0.02076756353983968,-0.010734878942173533
meld,loudness,angry,hgb,0.005928845982668774,-0.051892693062177635
meld,loudness,happy,logistic,0.004116002407791308,-0.026348677583908003
meld,loudness,happy,hgb,-0.07594277896388275,0.021148344246840704
meld,loudness,neutral,logistic,0.019672318505313265,0.2363320876413659
meld,loudness,neutral,hgb,0.01876887923939663,0.20175379803258045
meld,loudness,sad,logistic,-0.0016032515179853315,-0.003406129203000439
meld,loudness,sad,hgb,-0.008076140942665523,0.032508862825696073
meld,loudness,surprise,logistic,-0.01643728354123241,-0.034656289749152795
meld,loudness,surprise,hgb,0.02245583534516667,-0.045410895064749525
meld,pitch,angry,logistic,-0.009423831687911314,0.007407899327502364
meld,pitch,angry,hgb,0.018697237280247515,-0.04106192399196133
meld,pitch,happy,logistic,-0.018341664291443845,-0.03455133105191587
meld,pitch,happy,hgb,-0.02644727391321026,0.046559330989309915
meld,pitch,neutral,logistic,-0.0025453490131692623,-0.08715824590631044
meld,pitch,neutral,hgb,0.05389394502641067,0.02682784581079248
meld,pitch,sad,logistic,-0.007683848931879259,0.09674090455338973
meld,pitch,sad,hgb,-0.004492341322850599,0.005691429751270468
meld,pitch,surprise,logistic,0.09257282351405818,-0.06823743117486097
meld,pitch,surprise,hgb,-0.026686318447386094,0.0555748164824375
meld,rate,angry,logistic,-0.009124710115763112,-0.02020848254430022
meld,rate,angry,hgb,-0.012675270462475564,-0.026334218088545854
meld,rate,happy,logistic,-0.046417398595982165,0.010544830254458926
meld,rate,happy,hgb,0.029974337564501227,-0.005218340489674522
meld,rate,neutral,logistic,0.004774677243446168,-0.07003887531254722
meld,rate,neutral,hgb,0.0037440402896175545,0.1681328656161552
meld,rate,sad,logistic,-0.00959237104144991,0.11158807020298603
meld,rate,sad,hgb,0.0005340999170836557,-0.0012408259624545244
meld,rate,surprise,logistic,0.0017685376452797478,-0.01135206933171545
meld,rate,surprise,hgb,0.0004587253344849366,-0.035631206290188115
msp,loudness,angry,logistic,-0.009779302260989088,0.008698540895489352
msp,loudness,angry,hgb,-0.044062547451613636,-0.025777305167740364
msp,loudness,happy,logistic,0.007854753709069231,-0.01373792903253445
msp,loudness,happy,hgb,-0.025952337377939262,0.16346242981640474
msp,loudness,neutral,logistic,0.12835414361375988,-0.112102198963177
msp,loudness,neutral,hgb,0.27243658870052034,-0.05932625320111646
msp,loudness,sad,logistic,-0.0009752011798600432,0.005427311426407085
msp,loudness,sad,hgb,-0.01042873864225935,-0.0021005316410915706
msp,loudness,surprise,logistic,-0.007416962369179469,0.02324171233834694
msp,loudness,surprise,hgb,-0.002399361204536782,-0.0029008530420116235
msp,pitch,angry,logistic,0.017658802971044163,-0.029959006832676154
msp,pitch,angry,hgb,0.0037890833531842526,-0.08838558957776556
msp,pitch,happy,logistic,0.05387965114511815,-0.07718464413627862
msp,pitch,happy,hgb,0.021828820973717064,0.11654660414931355
msp,pitch,neutral,logistic,-0.32294850662906693,0.26846592119051216
msp,pitch,neutral,hgb,-0.019226977321507036,0.03110041885470732
msp,pitch,sad,logistic,0.12733295922188637,-0.026164209777136887
msp,pitch,sad,hgb,0.015132270073768224,0.00246425603670327
msp,pitch,surprise,logistic,0.00598850360145684,0.030634573731717588
msp,pitch,surprise,hgb,0.02416691213376089,0.017433675596237964
msp,rate,angry,logistic,0.1596938792014669,-0.030476971823599163
msp,rate,angry,hgb,0.021063062843684435,-0.058073448448641256
msp,rate,happy,logistic,0.0169347816779929,-0.020675364353249143
msp,rate,happy,hgb,-0.009265509744327043,0.06676979293769511
msp,rate,neutral,logistic,-0.4342599240903169,0.23854036057042538
msp,rate,neutral,hgb,0.034170802332471946,-0.015974058693530833
msp,rate,sad,logistic,-0.16508450977108635,0.13074190031212518
msp,rate,sad,hgb,-0.01899817514812729,0.032891973740598025
msp,rate,surprise,logistic,0.03615727618950047,0.009662671575547148
msp,rate,surprise,hgb,-0.0028236405527201284,0.0029819186400915076
ravdess_speech,loudness,angry,logistic,0.00038033935013921015,0.006980868141344321
ravdess_speech,loudness,angry,hgb,0.01966272515106635,-0.021296385661996636
ravdess_speech,loudness,happy,logistic,-0.01818789384918639,-0.011961750384549523
ravdess_speech,loudness,happy,hgb,-0.006440455474774916,0.02676217327829538
ravdess_speech,loudness,neutral,logistic,0.0008110030981504784,0.07757653231485878
ravdess_speech,loudness,neutral,hgb,-0.05086936349527051,0.1798149923372511
ravdess_speech,loudness,sad,logistic,-0.016331371810884433,-0.041852055040378026
ravdess_speech,loudness,sad,hgb,0.01323665315072633,0.018131622240981842
ravdess_speech,loudness,surprise,logistic,0.02114920868272647,0.02676071308080996
ravdess_speech,loudness,surprise,hgb,0.06400355101268038,-0.007756614058775587
ravdess_speech,pitch,angry,logistic,0.01859097327846821,0.007171924974459015
ravdess_speech,pitch,angry,hgb,0.028339751907208957,-0.050464558389090336
ravdess_speech,pitch,happy,logistic,0.04277184245934585,-0.009221154625202418
ravdess_speech,pitch,happy,hgb,0.04135316087211569,0.018104306552084
ravdess_speech,pitch,neutral,logistic,0.1534417518662887,0.006262062659283211
ravdess_speech,pitch,neutral,hgb,0.15871500323638213,0.012461772767144124
ravdess_speech,pitch,sad,logistic,0.0801938468583791,0.0003515220966432586
ravdess_speech,pitch,sad,hgb,-0.09591729833446942,0.05654913108856151
ravdess_speech,pitch,surprise,logistic,0.012554868854105235,0.08331220558244927
ravdess_speech,pitch,surprise,hgb,-0.015414040841646638,0.05145713886792122
ravdess_speech,rate,angry,logistic,0.04512121754034634,-0.00015186348932438493
ravdess_speech,rate,angry,hgb,-0.0048138408436196175,-0.0024508075687532105
ravdess_speech,rate,happy,logistic,0.06361775382704178,-0.03008837758245566
ravdess_speech,rate,happy,hgb,0.05335558609576685,-0.029111657888565432
ravdess_speech,rate,neutral,logistic,0.06941767179416969,-0.010707898918840275
ravdess_speech,rate,neutral,hgb,0.04426047080178596,0.05037190123753001
ravdess_speech,rate,sad,logistic,-0.01968340436008198,0.013648040358679097
ravdess_speech,rate,sad,hgb,0.007956656199741747,-0.0033428658173431493
ravdess_speech,rate,surprise,logistic,0.034263249287776194,-0.009424495968127018
ravdess_speech,rate,surprise,hgb,-0.04294951694516223,0.002393761415489979
