target,comparison,contrast,delta_of_deltas,ci95_low,ci95_high,ci_excludes_zero
arousal,emotion2vec_plus_large-pitch_rate_linear,between_minus_within,0.35300804137593694,-0.5151985051235813,0.791609385663227,False
arousal,emotion2vec_plus_large-pitch_rate_linear,overall_minus_within,0.035851204384158175,-0.01471662934687774,0.09500898504699237,False
arousal,emotion2vec_plus_large-pitch_rate_quadratic,between_minus_within,0.3125793797514744,-0.5579623391385068,0.7678016461750959,False
arousal,emotion2vec_plus_large-pitch_rate_quadratic,overall_minus_within,0.03140606327989981,-0.01760557029054205,0.09036169575267086,False
arousal,emotion2vec_plus_large-wavlm_layer12,between_minus_within,-0.13277638422445048,-0.6331347817786455,0.07905952162785759,False
arousal,emotion2vec_plus_large-wavlm_layer12,overall_minus_within,-0.0077856349070805075,-0.019111723594506563,0.0029278707092487144,False
arousal,emotion2vec_plus_large-wavlm_layer24,between_minus_within,-0.18817915129227347,-0.6661945682293103,0.030234499304077185,False
arousal,emotion2vec_plus_large-wavlm_layer24,overall_minus_within,-0.011663543577038804,-0.025129745579036675,8.94316346422144e-05,False
arousal,pitch_rate_linear-pitch_rate_quadratic,between_minus_within,-0.04042866162446249,-0.09667229140036572,0.02702620547394963,False
arousal,pitch_rate_linear-pitch_rate_quadratic,overall_minus_within,-0.0044451411042583655,-0.011223278806803523,0.0025562055540421427,False
arousal,pitch_rate_linear-wavlm_layer12,between_minus_within,-0.4857844256003874,-1.0869609575936932,0.27380964868010244,False
arousal,pitch_rate_linear-wavlm_layer12,overall_minus_within,-0.04363683929123868,-0.109598992934793,0.012564198423346646,False
arousal,pitch_rate_linear-wavlm_layer24,between_minus_within,-0.5411871926682104,-1.1184237214571244,0.2091882705297997,False
arousal,pitch_rate_linear-wavlm_layer24,overall_minus_within,-0.04751474796119698,-0.11642063227966797,0.010250225359045769,False
arousal,pitch_rate_quadratic-wavlm_layer12,between_minus_within,-0.44535576397592486,-1.0562161568407638,0.29227047216238544,False
arousal,pitch_rate_quadratic-wavlm_layer12,overall_minus_within,-0.03919169818698032,-0.10469632734181802,0.01501004310001986,False
arousal,pitch_rate_quadratic-wavlm_layer24,between_minus_within,-0.5007585310437479,-1.0941007219487875,0.23801499574966956,False
arousal,pitch_rate_quadratic-wavlm_layer24,overall_minus_within,-0.043069606856938614,-0.11129642914774344,0.012799983038878063,False
arousal,wavlm_layer12-wavlm_layer24,between_minus_within,-0.05540276706782299,-0.1972918023942841,0.06156495493836807,False
arousal,wavlm_layer12-wavlm_layer24,overall_minus_within,-0.0038779086699582965,-0.008623389695611619,0.001990883873901504,False
dominance,emotion2vec_plus_large-pitch_rate_linear,between_minus_within,0.28561842053572667,-0.2279583500219083,0.7720495134821488,False
dominance,emotion2vec_plus_large-pitch_rate_linear,overall_minus_within,0.019588083223243513,-0.003404864077717206,0.038956584510536366,False
dominance,emotion2vec_plus_large-pitch_rate_quadratic,between_minus_within,0.22146293161720138,-0.3059991435708919,0.7679737256119998,False
dominance,emotion2vec_plus_large-pitch_rate_quadratic,overall_minus_within,0.015313517866721083,-0.009021506768677905,0.03828051192435009,False
dominance,emotion2vec_plus_large-wavlm_layer12,between_minus_within,0.19654929887025419,-0.23888326466399643,0.3824002188685096,False
dominance,emotion2vec_plus_large-wavlm_layer12,overall_minus_within,0.009342747106851124,-0.0055457490240474056,0.023526381149150868,False
dominance,emotion2vec_plus_large-wavlm_layer24,between_minus_within,-0.01193645043194047,-0.4075336948075735,0.17145560351055053,False
dominance,emotion2vec_plus_large-wavlm_layer24,overall_minus_within,-0.0005823843918464355,-0.010606692982575439,0.010826531594980829,False
dominance,pitch_rate_linear-pitch_rate_quadratic,between_minus_within,-0.06415548891852527,-0.12043855447938298,0.03976422713505621,False
dominance,pitch_rate_linear-pitch_rate_quadratic,overall_minus_within,-0.004274565356522431,-0.008823932990603729,0.0015031315244143592,False
dominance,pitch_rate_linear-wavlm_layer12,between_minus_within,-0.08906912166547248,-0.825817111609956,0.46692042485672686,False
dominance,pitch_rate_linear-wavlm_layer12,overall_minus_within,-0.01024533611639239,-0.04084129479838274,0.019734024180809568,False
dominance,pitch_rate_linear-wavlm_layer24,between_minus_within,-0.29755487096766714,-0.8693188690558845,0.26830885111877933,False
dominance,pitch_rate_linear-wavlm_layer24,overall_minus_within,-0.02017046761508995,-0.04459386708757257,0.009084470683563856,False
dominance,pitch_rate_quadratic-wavlm_layer12,between_minus_within,-0.02491363274694719,-0.8159922091973429,0.5406527685820177,False
dominance,pitch_rate_quadratic-wavlm_layer12,overall_minus_within,-0.005970770759869959,-0.039834795136861195,0.025355967963596557,False
dominance,pitch_rate_quadratic-wavlm_layer24,between_minus_within,-0.2333993820491419,-0.8539027324190591,0.3343461867435096,False
dominance,pitch_rate_quadratic-wavlm_layer24,overall_minus_within,-0.015895902258567518,-0.04355619913188538,0.01402422427799991,False
dominance,wavlm_layer12-wavlm_layer24,between_minus_within,-0.20848574930219466,-0.5386672866857063,0.12674299756350726,False
dominance,wavlm_layer12-wavlm_layer24,overall_minus_within,-0.00992513149869756,-0.022856870041259594,0.003907990362375104,False
