held_sessions,model,train_rows,test_rows,train_speakers,test_speakers,warning_count
Ses01,wavlm_layer12,8220,1819,8,2,0
Ses01,wavlm_layer24,8220,1819,8,2,1
Ses01,emotion2vec_plus_large,8220,1819,8,2,1
Ses01,hubert_base_ls960,8220,1819,8,2,0
Ses01,wav2vec2_base,8220,1819,8,2,0
Ses02,wavlm_layer12,8228,1811,8,2,0
Ses02,wavlm_layer24,8228,1811,8,2,1
Ses02,emotion2vec_plus_large,8228,1811,8,2,1
Ses02,hubert_base_ls960,8228,1811,8,2,0
Ses02,wav2vec2_base,8228,1811,8,2,0
Ses03,wavlm_layer12,7903,2136,8,2,0
Ses03,wavlm_layer24,7903,2136,8,2,1
Ses03,emotion2vec_plus_large,7903,2136,8,2,1
Ses03,hubert_base_ls960,7903,2136,8,2,0
Ses03,wav2vec2_base,7903,2136,8,2,0
Ses04,wavlm_layer12,7936,2103,8,2,0
Ses04,wavlm_layer24,7936,2103,8,2,1
Ses04,emotion2vec_plus_large,7936,2103,8,2,1
Ses04,hubert_base_ls960,7936,2103,8,2,0
Ses04,wav2vec2_base,7936,2103,8,2,0
Ses05,wavlm_layer12,7869,2170,8,2,0
Ses05,wavlm_layer24,7869,2170,8,2,1
Ses05,emotion2vec_plus_large,7869,2170,8,2,1
Ses05,hubert_base_ls960,7869,2170,8,2,0
Ses05,wav2vec2_base,7869,2170,8,2,0
Ses01+Ses02,wavlm_layer12,6409,3630,6,4,0
Ses01+Ses02,wavlm_layer24,6409,3630,6,4,1
Ses01+Ses02,emotion2vec_plus_large,6409,3630,6,4,1
Ses01+Ses02,hubert_base_ls960,6409,3630,6,4,0
Ses01+Ses02,wav2vec2_base,6409,3630,6,4,0
Ses01+Ses03,wavlm_layer12,6084,3955,6,4,0
Ses01+Ses03,wavlm_layer24,6084,3955,6,4,1
Ses01+Ses03,emotion2vec_plus_large,6084,3955,6,4,1
Ses01+Ses03,hubert_base_ls960,6084,3955,6,4,0
Ses01+Ses03,wav2vec2_base,6084,3955,6,4,0
Ses01+Ses04,wavlm_layer12,6117,3922,6,4,0
Ses01+Ses04,wavlm_layer24,6117,3922,6,4,1
Ses01+Ses04,emotion2vec_plus_large,6117,3922,6,4,1
Ses01+Ses04,hubert_base_ls960,6117,3922,6,4,0
Ses01+Ses04,wav2vec2_base,6117,3922,6,4,0
Ses01+Ses05,wavlm_layer12,6050,3989,6,4,0
Ses01+Ses05,wavlm_layer24,6050,3989,6,4,1
Ses01+Ses05,emotion2vec_plus_large,6050,3989,6,4,1
Ses01+Ses05,hubert_base_ls960,6050,3989,6,4,0
Ses01+Ses05,wav2vec2_base,6050,3989,6,4,0
Ses02+Ses03,wavlm_layer12,6092,3947,6,4,0
Ses02+Ses03,wavlm_layer24,6092,3947,6,4,1
Ses02+Ses03,emotion2vec_plus_large,6092,3947,6,4,1
Ses02+Ses03,hubert_base_ls960,6092,3947,6,4,0
Ses02+Ses03,wav2vec2_base,6092,3947,6,4,0
Ses02+Ses04,wavlm_layer12,6125,3914,6,4,0
Ses02+Ses04,wavlm_layer24,6125,3914,6,4,1
Ses02+Ses04,emotion2vec_plus_large,6125,3914,6,4,1
Ses02+Ses04,hubert_base_ls960,6125,3914,6,4,0
Ses02+Ses04,wav2vec2_base,6125,3914,6,4,0
Ses02+Ses05,wavlm_layer12,6058,3981,6,4,0
Ses02+Ses05,wavlm_layer24,6058,3981,6,4,1
Ses02+Ses05,emotion2vec_plus_large,6058,3981,6,4,1
Ses02+Ses05,hubert_base_ls960,6058,3981,6,4,0
Ses02+Ses05,wav2vec2_base,6058,3981,6,4,0
Ses03+Ses04,wavlm_layer12,5800,4239,6,4,0
Ses03+Ses04,wavlm_layer24,5800,4239,6,4,1
Ses03+Ses04,emotion2vec_plus_large,5800,4239,6,4,1
Ses03+Ses04,hubert_base_ls960,5800,4239,6,4,0
Ses03+Ses04,wav2vec2_base,5800,4239,6,4,0
Ses03+Ses05,wavlm_layer12,5733,4306,6,4,0
Ses03+Ses05,wavlm_layer24,5733,4306,6,4,1
Ses03+Ses05,emotion2vec_plus_large,5733,4306,6,4,1
Ses03+Ses05,hubert_base_ls960,5733,4306,6,4,0
Ses03+Ses05,wav2vec2_base,5733,4306,6,4,0
Ses04+Ses05,wavlm_layer12,5766,4273,6,4,0
Ses04+Ses05,wavlm_layer24,5766,4273,6,4,1
Ses04+Ses05,emotion2vec_plus_large,5766,4273,6,4,1
Ses04+Ses05,hubert_base_ls960,5766,4273,6,4,0
Ses04+Ses05,wav2vec2_base,5766,4273,6,4,0
