target,method,reference,metric,delta_ccc,ci95_low,ci95_high,ci_excludes_zero
arousal,component_balanced_maximin,inner_convex_ssl_ensemble,overall,-0.0006992420708640257,-0.003980826097413631,0.0012843457760040803,False
arousal,component_balanced_maximin,inner_convex_ssl_ensemble,between,-0.013421580034536418,-0.05590932853224463,0.008225675371384621,False
arousal,component_balanced_maximin,inner_convex_ssl_ensemble,within,0.000193333555877917,-0.0012936889863924828,0.0011508401050332156,False
arousal,component_balanced_maximin,component_balanced_mean,overall,0.007640672066728693,0.0033388953024523606,0.01264178221721378,True
arousal,component_balanced_maximin,component_balanced_mean,between,0.008500527214982623,-0.008168802248789873,0.043121056786077104,False
arousal,component_balanced_maximin,component_balanced_mean,within,0.00755273010034252,0.0035163311355284055,0.012181413799391473,True
dominance,component_balanced_maximin,inner_convex_ssl_ensemble,overall,-0.002679802993817093,-0.008878809028454204,0.002211257404994458,False
dominance,component_balanced_maximin,inner_convex_ssl_ensemble,between,-0.004716340651171713,-0.030213430167124092,0.011904535966910436,False
dominance,component_balanced_maximin,inner_convex_ssl_ensemble,within,-0.002492814099729568,-0.00818663562400454,0.002339026147015257,False
dominance,component_balanced_maximin,component_balanced_mean,overall,0.016556644661640196,0.0028816691010939703,0.03162088242196921,True
dominance,component_balanced_maximin,component_balanced_mean,between,-0.10781028062535647,-0.21472464130041655,0.014600171447585856,False
dominance,component_balanced_maximin,component_balanced_mean,within,0.0239569920803564,0.011753372907974503,0.035601782480605984,True
