target,metric,comparison,delta_ccc,ci95_low,ci95_high,ci_excludes_zero
arousal,overall,nested_best_single-inner_convex_ssl_ensemble,-0.010002637224590716,-0.01794105786344168,-0.004191809711470131,True
arousal,overall,nested_best_single-pldc_mu,0.01639051343436837,-0.006956082507412403,0.054247007449699645,False
arousal,overall,nested_best_single-pldc_sigma,0.011803962784809552,-0.012204590998815656,0.03220083559561853,False
arousal,overall,nested_best_single-pldc_mu_sigma,0.030659869506847626,0.005729106163557473,0.05970805133394391,True
arousal,overall,nested_best_single-component_balanced_maximin,-0.009601104334608035,-0.01524876281702731,-0.005154038876355605,True
arousal,overall,inner_convex_ssl_ensemble-pldc_mu,0.026393150658959086,0.00293374408495235,0.06189459920089614,True
arousal,overall,inner_convex_ssl_ensemble-pldc_sigma,0.021806600009400268,-0.0033919740591546693,0.044695286091041994,False
arousal,overall,inner_convex_ssl_ensemble-pldc_mu_sigma,0.04066250673143834,0.01578212251608926,0.06885211987152422,True
arousal,overall,inner_convex_ssl_ensemble-component_balanced_maximin,0.0004015328899826809,-0.0012866179562002172,0.003181898896948812,False
arousal,overall,pldc_mu-pldc_sigma,-0.004586550649558818,-0.04888185883719984,0.03046903979264775,False
arousal,overall,pldc_mu-pldc_mu_sigma,0.014269356072479256,-0.00031670859130530075,0.03127886454476277,False
arousal,overall,pldc_mu-component_balanced_maximin,-0.025991617768976405,-0.06184872055584792,-0.0030355918283330174,True
arousal,overall,pldc_sigma-pldc_mu_sigma,0.018855906722038074,-0.00297103852709546,0.05163599521362605,False
arousal,overall,pldc_sigma-component_balanced_maximin,-0.021405067119417587,-0.04237798549899287,0.0024749520632904153,False
arousal,overall,pldc_mu_sigma-component_balanced_maximin,-0.04026097384145566,-0.06771450198786955,-0.01647227757595835,True
arousal,between,nested_best_single-inner_convex_ssl_ensemble,-0.02126568326985634,-0.07968317776462051,0.04050804683678366,False
arousal,between,nested_best_single-pldc_mu,0.2720900449690866,-0.2919427530993724,1.0050375676288057,False
arousal,between,nested_best_single-pldc_sigma,-0.028671491464086873,-0.4916486670560214,0.11707602153081795,False
arousal,between,nested_best_single-pldc_mu_sigma,0.24880368259154861,-0.22318274276078248,0.8992369132167399,False
arousal,between,nested_best_single-component_balanced_maximin,-0.009957515479015355,-0.0535041994154076,0.0501869052474301,False
arousal,between,inner_convex_ssl_ensemble-pldc_mu,0.29335572823894296,-0.23611754627983605,1.0184059051572616,False
arousal,between,inner_convex_ssl_ensemble-pldc_sigma,-0.007405808194230534,-0.4673332696265046,0.13807070616584594,False
arousal,between,inner_convex_ssl_ensemble-pldc_mu_sigma,0.27006936586140495,-0.16750507699398362,0.9126073125369646,False
arousal,between,inner_convex_ssl_ensemble-component_balanced_maximin,0.011308167790840984,-0.008536852741677481,0.04824553772356252,False
arousal,between,pldc_mu-pldc_sigma,-0.3007615364331735,-1.0783987188046473,0.1237202370535015,False
arousal,between,pldc_mu-pldc_mu_sigma,-0.023286362377538006,-0.16225228529712554,0.13344146926970266,False
arousal,between,pldc_mu-component_balanced_maximin,-0.282047560448102,-1.0120182408894054,0.2590804077884862,False
arousal,between,pldc_sigma-pldc_mu_sigma,0.2774751740556355,-0.052723157416605854,0.9809764735071581,False
arousal,between,pldc_sigma-component_balanced_maximin,0.018713975985071518,-0.13370844267461937,0.4812797835421828,False
arousal,between,pldc_mu_sigma-component_balanced_maximin,-0.25876119807056397,-0.9061413962327084,0.19917718038752472,False
arousal,within,nested_best_single-inner_convex_ssl_ensemble,-0.00930301142051615,-0.016452048063075854,-0.003752226278560986,True
arousal,within,nested_best_single-pldc_mu,4.440892098500626e-16,-2.3314683517128287e-15,3.1086244689504383e-15,False
arousal,within,nested_best_single-pldc_sigma,0.01475730054364266,-0.004848245199898557,0.03211555908156307,False
arousal,within,nested_best_single-pldc_mu_sigma,0.014757300543642549,-0.0048482451999002085,0.03211555908156271,False
arousal,within,nested_best_single-component_balanced_maximin,-0.009669560141258082,-0.01579979932544285,-0.004693467290703771,True
arousal,within,inner_convex_ssl_ensemble-pldc_mu,0.009303011420516594,0.0037522262785627232,0.016452048063076083,True
arousal,within,inner_convex_ssl_ensemble-pldc_sigma,0.02406031196415881,0.0030199618760939663,0.04665084592513058,True
arousal,within,inner_convex_ssl_ensemble-pldc_mu_sigma,0.024060311964158698,0.003019961876094399,0.04665084592513069,True
arousal,within,inner_convex_ssl_ensemble-component_balanced_maximin,-0.0003665487207419327,-0.0011539567690222019,0.000827585185254822,False
arousal,within,pldc_mu-pldc_sigma,0.014757300543642216,-0.0048482451998977435,0.032115559081562814,False
arousal,within,pldc_mu-pldc_mu_sigma,0.014757300543642105,-0.004848245199899395,0.03211555908156245,False
arousal,within,pldc_mu-component_balanced_maximin,-0.009669560141258526,-0.01579979932544135,-0.004693467290704148,True
arousal,within,pldc_sigma-pldc_mu_sigma,-1.1102230246251565e-16,-2.3314683517128287e-15,1.5543122344752192e-15,False
arousal,within,pldc_sigma-component_balanced_maximin,-0.024426860684900742,-0.0458678769092759,-0.00386330322277215,True
arousal,within,pldc_mu_sigma-component_balanced_maximin,-0.02442686068490063,-0.04586787690927603,-0.00386330322277167,True
dominance,overall,nested_best_single-inner_convex_ssl_ensemble,-0.028330730663168713,-0.03587046546423789,-0.02148106952059088,True
dominance,overall,nested_best_single-pldc_mu,0.07760495582886318,-0.0051266422862642005,0.15651310555032588,False
dominance,overall,nested_best_single-pldc_sigma,-0.007656023464168049,-0.024609947501820245,0.012528658367179667,False
dominance,overall,nested_best_single-pldc_mu_sigma,0.06856759761207759,-0.021696650211965558,0.1570134897725846,False
dominance,overall,nested_best_single-component_balanced_maximin,-0.025930803772161504,-0.03530014285906341,-0.015360211597354219,True
dominance,overall,inner_convex_ssl_ensemble-pldc_mu,0.10593568649203189,0.022892089327803868,0.1845647731107452,True
dominance,overall,inner_convex_ssl_ensemble-pldc_sigma,0.020674707199000664,0.0035335918655143767,0.038281630063276846,True
dominance,overall,inner_convex_ssl_ensemble-pldc_mu_sigma,0.0968983282752463,0.006866592459745841,0.18354801615614236,True
dominance,overall,inner_convex_ssl_ensemble-component_balanced_maximin,0.002399926891007209,-0.002260154320827157,0.008238236068416005,False
dominance,overall,pldc_mu-pldc_sigma,-0.08526097929303122,-0.1499280182649338,-0.015062390388946318,True
dominance,overall,pldc_mu-pldc_mu_sigma,-0.009037358216785585,-0.032572065755750626,0.01676885973053599,False
dominance,overall,pldc_mu-component_balanced_maximin,-0.10353575960102468,-0.18037352108268354,-0.021143573476672204,True
dominance,overall,pldc_sigma-pldc_mu_sigma,0.07622362107624564,-0.0008398277958850478,0.14716805784490825,False
dominance,overall,pldc_sigma-component_balanced_maximin,-0.018274780307993455,-0.033290965724970555,-0.0029567793506034994,True
dominance,overall,pldc_mu_sigma-component_balanced_maximin,-0.0944984013842391,-0.1792737290777834,-0.005147350252941996,True
dominance,between,nested_best_single-inner_convex_ssl_ensemble,-0.14153421405762628,-0.27147590694374446,-0.03982993516896581,True
dominance,between,nested_best_single-pldc_mu,1.0624928074647753,-0.14347420352723195,1.4200979073377684,False
dominance,between,nested_best_single-pldc_sigma,0.28609871782403185,-0.13736736848969455,0.7002782909386753,False
dominance,between,nested_best_single-pldc_mu_sigma,0.9373030194674836,-0.1916655081553417,1.2796021716325676,False
dominance,between,nested_best_single-component_balanced_maximin,-0.136300977309466,-0.26760071021388065,-0.031311218276787435,True
dominance,between,inner_convex_ssl_ensemble-pldc_mu,1.2040270215224016,0.031208947352148037,1.4954344737815786,True
dominance,between,inner_convex_ssl_ensemble-pldc_sigma,0.42763293188165813,-0.025445713536562043,0.8418765179380081,False
dominance,between,inner_convex_ssl_ensemble-pldc_mu_sigma,1.07883723352511,-0.010253562566767998,1.3537771858167835,False
dominance,between,inner_convex_ssl_ensemble-component_balanced_maximin,0.005233236748160286,-0.012194590717448628,0.03315031787499273,False
dominance,between,pldc_mu-pldc_sigma,-0.7763940896407434,-1.0845488342079983,0.19937369525742385,False
dominance,between,pldc_mu-pldc_mu_sigma,-0.12518978799729163,-0.23027982597270802,0.027515001258026462,False
dominance,between,pldc_mu-component_balanced_maximin,-1.1987937847742411,-1.4839307084732074,-0.029201811550957222,True
dominance,between,pldc_sigma-pldc_mu_sigma,0.6512043016434518,-0.2008130466388631,0.9508183367388842,False
dominance,between,pldc_sigma-component_balanced_maximin,-0.42239969513349784,-0.8314082505557565,0.032848273122036184,False
dominance,between,pldc_mu_sigma-component_balanced_maximin,-1.0736039967769495,-1.344818393233644,0.01181827927492707,False
dominance,within,nested_best_single-inner_convex_ssl_ensemble,-0.021632931836888303,-0.027554640456811188,-0.0162267709606483,True
dominance,within,nested_best_single-pldc_mu,-8.881784197001252e-16,-3.219646771412954e-15,1.1102230246251565e-15,False
dominance,within,nested_best_single-pldc_sigma,-0.015047400583724557,-0.02417353589523923,-0.005693051263155475,True
dominance,within,nested_best_single-pldc_mu_sigma,-0.015047400583724224,-0.02417353589524,-0.005693051263156766,True
dominance,within,nested_best_single-component_balanced_maximin,-0.019484817478995553,-0.02742204970671749,-0.011507755842644851,True
dominance,within,inner_convex_ssl_ensemble-pldc_mu,0.021632931836887415,0.016226770960648472,0.02755464045681251,True
dominance,within,inner_convex_ssl_ensemble-pldc_sigma,0.0065855312531637455,-0.004200827582166552,0.015791736296108087,False
dominance,within,inner_convex_ssl_ensemble-pldc_mu_sigma,0.006585531253164079,-0.004200827582166885,0.01579173629611005,False
dominance,within,inner_convex_ssl_ensemble-component_balanced_maximin,0.0021481143578927497,-0.0023780116270601336,0.007440135376823556,False
dominance,within,pldc_mu-pldc_sigma,-0.015047400583723669,-0.024173535895240225,-0.005693051263153022,True
dominance,within,pldc_mu-pldc_mu_sigma,-0.015047400583723336,-0.024173535895240995,-0.005693051263154313,True
dominance,within,pldc_mu-component_balanced_maximin,-0.019484817478994665,-0.02742204970671655,-0.01150775584264474,True
dominance,within,pldc_sigma-pldc_mu_sigma,3.3306690738754696e-16,-1.3322676295501878e-15,1.887379141862766e-15,False
dominance,within,pldc_sigma-component_balanced_maximin,-0.004437416895270996,-0.013448371303479567,0.0048055874599800515,False
dominance,within,pldc_mu_sigma-component_balanced_maximin,-0.004437416895271329,-0.013448371303481537,0.004805587459980726,False
