dataset,task,target,delta_mean,ci95_low,ci95_high,n_pairs
iemocap,raw,arousal,0.012976431490801995,-0.00010493906648348684,0.026855717755444042,15
iemocap,raw,dominance,0.013651822377351594,0.0041318489390929,0.023574729385105173,15
iemocap,raw,valence,-0.000658278723988949,-0.0020394021984732782,0.000569882382478997,15
iemocap,residual,arousal,0.000782643329155619,0.00020403532571988857,0.0014133438895978438,15
iemocap,residual,dominance,0.0003784151104052909,0.0002000552400003256,0.0005741882534269909,15
iemocap,residual,valence,7.360209637347764e-06,3.268572523385434e-06,1.1554302485039049e-05,15
msp,raw,arousal,0.2955012425007097,0.28563907870208033,0.303943217908682,15
msp,raw,dominance,0.23629200521535967,0.22852795302325402,0.24364409668047574,15
msp,raw,valence,0.005216472443390977,0.004342011538712656,0.0061109587681478575,15
msp,residual,arousal,0.0013931797865476196,0.0013693122851147369,0.0014162648777680783,15
msp,residual,dominance,0.0010037134691744443,0.000978062201732688,0.0010272813295887026,15
msp,residual,valence,6.391172559698892e-05,6.014815065771278e-05,6.760398712735753e-05,15
