model_family,target,lambda,relative_minus_absolute,hybrid_minus_relative,hybrid_minus_absolute
linear_ridge,arousal,0.0,0.1900550764150592,0.0015810498461885092,0.1916361262612477
linear_ridge,arousal,0.25,0.05102597230763173,0.04853072252873031,0.09955669483636204
linear_ridge,arousal,0.5,-0.09134816665222972,0.14545810749433535,0.05410994084210563
linear_ridge,arousal,0.75,-0.21244374612680045,0.2570986518397498,0.04465490571294933
linear_ridge,arousal,1.0,-0.30534272490575687,0.3592496613991627,0.05390693649340583
linear_ridge,dominance,0.0,0.142450192376814,0.0011127425868859286,0.14356293496369993
linear_ridge,dominance,0.25,0.03955625660778883,0.036532915160606416,0.07608917176839525
linear_ridge,dominance,0.5,-0.07202548218301158,0.1123058547161595,0.04028037253314792
linear_ridge,dominance,0.75,-0.17351092881860283,0.2046563028919904,0.031145374073387577
linear_ridge,dominance,1.0,-0.25655394490318906,0.2943479606636866,0.03779401576049757
quadratic_ridge,arousal,0.0,0.1822905847659149,0.014676672004608315,0.1969672567705232
quadratic_ridge,arousal,0.25,0.038303446325317736,0.06274111600678595,0.10104456233210368
quadratic_ridge,arousal,0.5,-0.10614102254770619,0.16113945088307607,0.05499842833536989
quadratic_ridge,arousal,0.75,-0.22713711864115105,0.27362091179304343,0.04648379315189238
quadratic_ridge,arousal,1.0,-0.31882453751518247,0.3758141912823757,0.05698965376719323
quadratic_ridge,dominance,0.0,0.13585847882787475,0.009764150553475903,0.14562262938135065
quadratic_ridge,dominance,0.25,0.029479213412643784,0.0459398851630326,0.07541909857567639
quadratic_ridge,dominance,0.5,-0.08391694826296908,0.1243743641166169,0.040457415853647816
quadratic_ridge,dominance,0.75,-0.18567422704248732,0.21955651533957876,0.033882288297091445
quadratic_ridge,dominance,1.0,-0.2680384013225822,0.311320242885606,0.04328184156302378
