dataset,attribute,emotion,representation,speaker_balanced_f1_mean,speaker_balanced_f1_std,speaker_balanced_recall_mean,n_eval
esd_english,loudness,angry,absolute,0.20422512308467736,0.08356843778863612,0.17855010524503662,15
esd_english,loudness,angry,baseline_only,0.0667302541116478,0.13814476018152805,0.2,15
esd_english,loudness,angry,relative,0.17201730226673265,0.07477571081149274,0.14007647449050528,15
esd_english,loudness,angry,relative_plus_baseline,0.19417415007597197,0.08772135306322036,0.16864466184633384,15
esd_english,loudness,happy,absolute,0.2334964046705226,0.05736409891792452,0.2155733606997426,15
esd_english,loudness,happy,baseline_only,0.07618736485120167,0.13077686183152962,0.13331428027055442,15
esd_english,loudness,happy,relative,0.22525363833632817,0.04291133927687798,0.2086334424635622,15
esd_english,loudness,happy,relative_plus_baseline,0.21855396442414265,0.04484935065428409,0.20051937063043196,15
esd_english,loudness,neutral,absolute,0.49619351844539483,0.11094343948784957,0.5897223691429363,15
esd_english,loudness,neutral,baseline_only,0.0,0.0,0.0,15
esd_english,loudness,neutral,relative,0.5090811482359224,0.087517782415002,0.5995242727547622,15
esd_english,loudness,neutral,relative_plus_baseline,0.5004864354421515,0.0907960162775905,0.5775196988521798,15
esd_english,loudness,sad,absolute,0.19142314611894803,0.02844734213045944,0.1565102458260101,15
esd_english,loudness,sad,baseline_only,0.06030811714264888,0.1252826255766587,0.13327614145458114,15
esd_english,loudness,sad,relative,0.20570426198183708,0.032592423786889056,0.17432614426881027,15
esd_english,loudness,sad,relative_plus_baseline,0.21158697886014513,0.032594271495053014,0.17766792844388266,15
esd_english,loudness,surprise,absolute,0.370007726672084,0.15536845270508062,0.4859116121924122,15
esd_english,loudness,surprise,baseline_only,0.2254768462595632,0.1422894950546221,0.533409578274868,15
esd_english,loudness,surprise,relative,0.38827021031078135,0.15782898930073955,0.5170802378809777,15
esd_english,loudness,surprise,relative_plus_baseline,0.37458086410090147,0.16710287142544103,0.500678370955417,15
esd_english,rate,angry,absolute,0.1357674897510121,0.027222682943611787,0.1012403284292229,15
esd_english,rate,angry,baseline_only,0.0667302541116478,0.13814476018152805,0.2,15
esd_english,rate,angry,relative,0.1356086428273508,0.02273222687615414,0.09885637998742253,15
esd_english,rate,angry,relative_plus_baseline,0.1391491473124275,0.029646887933401266,0.1039065320984471,15
esd_english,rate,happy,absolute,0.08052355157403325,0.07062137290003825,0.0798297169904864,15
esd_english,rate,happy,baseline_only,0.11745565045140385,0.14935502473082232,0.23330475373916462,15
esd_english,rate,happy,relative,0.11000582629510955,0.09002139196938921,0.12134699238991908,15
esd_english,rate,happy,relative_plus_baseline,0.07717855657756362,0.0688084126336609,0.07268084999024783,15
esd_english,rate,neutral,absolute,0.2601542907700424,0.1364856189723477,0.4104744735056174,15
esd_english,rate,neutral,baseline_only,0.0,0.0,0.0,15
esd_english,rate,neutral,relative,0.28040818168761966,0.11506973035292155,0.4303795910742973,15
esd_english,rate,neutral,relative_plus_baseline,0.26301390513901496,0.1341000302181767,0.4087614951276758,15
esd_english,rate,sad,absolute,0.3688710561775436,0.07623779640417519,0.5455403744662747,15
esd_english,rate,sad,baseline_only,0.038085894920428125,0.10050842207399642,0.06660947478791447,15
esd_english,rate,sad,relative,0.3659667750818205,0.07426183268004703,0.5435119720348955,15
esd_english,rate,sad,relative_plus_baseline,0.37059313258277565,0.07522589443487496,0.5569697916524711,15
esd_english,rate,surprise,absolute,0.07708494764166887,0.051825032905769355,0.06421136058454845,15
esd_english,rate,surprise,baseline_only,0.22230628332456526,0.1402275441346979,0.5000857714729247,15
esd_english,rate,surprise,relative,0.060450633743932426,0.040262607082522564,0.03887337222018439,15
esd_english,rate,surprise,relative_plus_baseline,0.07940521500264165,0.04871414587219833,0.06392884833004563,15
mead_part0,loudness,angry,absolute,0.3657470413683081,0.0674550093245458,0.5291412475114443,15
mead_part0,loudness,angry,baseline_only,0.036696431061440486,0.09900583264152459,0.05900015998424023,15
mead_part0,loudness,angry,relative,0.38962235996402333,0.03805988194702118,0.5375151492249025,15
mead_part0,loudness,angry,relative_plus_baseline,0.3868904272274376,0.04471424145024938,0.5402397984217961,15
mead_part0,loudness,happy,absolute,0.14823994250590083,0.04066728101926347,0.11325013954860794,15
mead_part0,loudness,happy,baseline_only,0.2934945546919244,0.09098976538151714,0.5314913736264317,15
mead_part0,loudness,happy,relative,0.2042320854036734,0.044606701496102144,0.17536510134047376,15
mead_part0,loudness,happy,relative_plus_baseline,0.19520727614842676,0.041063386293961945,0.16676738558573417,15
mead_part0,loudness,neutral,absolute,0.2700498231497408,0.04425476493186562,0.6701773791848143,15
mead_part0,loudness,neutral,baseline_only,0.11388781785922397,0.07313170786364419,0.2903847114217729,15
mead_part0,loudness,neutral,relative,0.3525656027088864,0.05213903198280189,0.7804038900621099,15
mead_part0,loudness,neutral,relative_plus_baseline,0.3472798616158822,0.051392945014847875,0.739616444520768,15
mead_part0,loudness,sad,absolute,0.0653694068254607,0.019232611274112806,0.038672939378341105,15
mead_part0,loudness,sad,baseline_only,0.026429882369846367,0.07345348043922888,0.026635830064233482,15
mead_part0,loudness,sad,relative,0.08752630712999895,0.028807878548365338,0.055139139492563896,15
mead_part0,loudness,sad,relative_plus_baseline,0.09046183002619942,0.03222338233130478,0.05863833353436842,15
mead_part0,loudness,surprise,absolute,0.07455155445333209,0.023420091966045813,0.043210406079107,15
mead_part0,loudness,surprise,baseline_only,0.04485401798825575,0.11838225410996815,0.09254886953008316,15
mead_part0,loudness,surprise,relative,0.10526665974311294,0.03077434079524044,0.06462515504670051,15
mead_part0,loudness,surprise,relative_plus_baseline,0.11324291130912216,0.03731312941939095,0.07146872483000558,15
mead_part0,rate,angry,absolute,0.05150040929943893,0.010680677009988614,0.02933291803200407,15
mead_part0,rate,angry,baseline_only,0.3020277939479127,0.02426142467135736,0.49190199128280054,15
mead_part0,rate,angry,relative,0.06165410338949216,0.014361836067285201,0.03599637648744909,15
mead_part0,rate,angry,relative_plus_baseline,0.10351490603060196,0.029886458684848745,0.06884726016301707,15
mead_part0,rate,happy,absolute,0.07872696945513141,0.06757494219838554,0.06478678401221535,15
mead_part0,rate,happy,baseline_only,0.0,0.0,0.0,15
mead_part0,rate,happy,relative,0.09192860748897577,0.08080637268751406,0.08175623484783166,15
mead_part0,rate,happy,relative_plus_baseline,0.09295028544569292,0.08286440806223878,0.08129825050692287,15
mead_part0,rate,neutral,absolute,0.1662553715320221,0.05554853374025625,0.46944424452888395,15
mead_part0,rate,neutral,baseline_only,0.0,0.0,0.0,15
mead_part0,rate,neutral,relative,0.1735329623562394,0.044375741212239264,0.4743872707578131,15
mead_part0,rate,neutral,relative_plus_baseline,0.17201958545491394,0.04067244345263141,0.45469092917467374,15
mead_part0,rate,sad,absolute,0.3482259107894012,0.030738796321089844,0.5285172822294384,15
mead_part0,rate,sad,baseline_only,0.06350698296712386,0.131526534360711,0.10577508988559411,15
mead_part0,rate,sad,relative,0.35459268334456334,0.032413761840781534,0.5144086287675043,15
mead_part0,rate,sad,relative_plus_baseline,0.3505229782228493,0.03451538325032032,0.4884228203575937,15
mead_part0,rate,surprise,absolute,0.04195630669804872,0.010086447024938923,0.02360368779012701,15
mead_part0,rate,surprise,baseline_only,0.2486808716606284,0.13028691126335443,0.40571595511342895,15
mead_part0,rate,surprise,relative,0.0531881084761115,0.01473580595241453,0.030711531455535724,15
mead_part0,rate,surprise,relative_plus_baseline,0.06953956944445495,0.0315194564587317,0.0424832038738842,15
meld,loudness,angry,absolute,0.15634128480732837,0.0393370174952464,0.5295817023581071,15
meld,loudness,angry,baseline_only,0.027745847123466765,0.05779624971026317,0.03843146910702016,15
meld,loudness,angry,relative,0.17710884834716806,0.05222717714479299,0.5827105993982443,15
meld,loudness,angry,relative_plus_baseline,0.16637396940499455,0.05220643969203159,0.44166716707240355,15
meld,loudness,happy,absolute,0.0919682950309478,0.035820407964661787,0.06850936435827872,15
meld,loudness,happy,baseline_only,0.05250475974181503,0.09880488958419924,0.07227478812418545,15
meld,loudness,happy,relative,0.09608429743873911,0.04010852851624588,0.07511498080984962,15
meld,loudness,happy,relative_plus_baseline,0.06973561985483111,0.05337056157684481,0.0522527595531033,15
meld,loudness,neutral,absolute,0.08269115647499455,0.047317904034761625,0.04521580233809957,15
meld,loudness,neutral,baseline_only,0.4007540513931076,0.2307901603573514,0.35497716268732027,15
meld,loudness,neutral,relative,0.1023634749803078,0.03570541982704373,0.05572235706722205,15
meld,loudness,neutral,relative_plus_baseline,0.3386955626216737,0.11325224826180481,0.23599309590737802,15
meld,loudness,sad,absolute,0.18120866090514365,0.05758812301815872,0.5533987817910233,15
meld,loudness,sad,baseline_only,0.13740520480354512,0.07095508750775573,0.5575957892399587,15
meld,loudness,sad,relative,0.1796054093871583,0.04245120419591457,0.5225965104936063,15
meld,loudness,sad,relative_plus_baseline,0.17619928018415784,0.07682825799216389,0.5088640762911943,15
meld,loudness,surprise,absolute,0.06283747549888247,0.04700418544496322,0.0436491932356138,15
meld,loudness,surprise,baseline_only,0.03577250988647027,0.07051381902101547,0.060445337596801256,15
meld,loudness,surprise,relative,0.046400191957650064,0.03758550315065753,0.03698520967805266,15
meld,loudness,surprise,relative_plus_baseline,0.011743902208497263,0.026788411190405197,0.00946421764645573,15
meld,rate,angry,absolute,0.16324800426016764,0.06081342894061251,0.6083325454180702,15
meld,rate,angry,baseline_only,0.04175400894070485,0.06668455641620015,0.17055601431407819,15
meld,rate,angry,relative,0.15412329414440454,0.06202791685879861,0.5689849291642398,15
meld,rate,angry,relative_plus_baseline,0.13391481160010432,0.05538444989821366,0.3762837609249768,15
meld,rate,happy,absolute,0.0804472047063478,0.06968632632535318,0.04978772881688989,15
meld,rate,happy,baseline_only,0.04001423172121196,0.0754949622129077,0.06382230495433512,15
meld,rate,happy,relative,0.03402980611036562,0.030380995656188913,0.021282227698346316,15
meld,rate,happy,relative_plus_baseline,0.044574636364824546,0.044268764015657325,0.03346240951888238,15
meld,rate,neutral,absolute,0.09773077973012416,0.043928353953362434,0.05374926487449793,15
meld,rate,neutral,baseline_only,0.01409189625012002,0.05457767949319758,0.009049272652505814,15
meld,rate,neutral,relative,0.10250545697357033,0.03398620842892684,0.05621118992318596,15
meld,rate,neutral,relative_plus_baseline,0.032466581661023106,0.0458413761544396,0.01762708747402789,15
meld,rate,sad,absolute,0.0338813440961101,0.039006348398809204,0.02763635469892216,15
meld,rate,sad,baseline_only,0.12360181825978987,0.07207083981768671,0.403524526528658,15
meld,rate,sad,relative,0.024288973054660188,0.02312751468159247,0.020595930194842446,15
meld,rate,sad,relative_plus_baseline,0.13587704325764619,0.08857652582007776,0.3108048044268221,15
meld,rate,surprise,absolute,0.23533324858743387,0.0464156542351991,0.510959083077865,15
meld,rate,surprise,baseline_only,0.09655834873060544,0.07606506217173574,0.29904622546127096,15
meld,rate,surprise,relative,0.2371017862327136,0.05006441813084033,0.5131559765562375,15
meld,rate,surprise,relative_plus_baseline,0.22574971690099815,0.03916044183393436,0.4337582021598222,15
msp,loudness,angry,absolute,0.2644562959064805,0.014715873399153985,0.605804407099161,15
msp,loudness,angry,baseline_only,0.23166266530808838,0.01656693516273825,0.5380440783327453,15
msp,loudness,angry,relative,0.25467699364549146,0.016340398623124253,0.5223216718389414,15
msp,loudness,angry,relative_plus_baseline,0.2633755345409808,0.014428815334773708,0.5832486007299295,15
msp,loudness,happy,absolute,0.13466267393956027,0.007014743262844026,0.08789839962654827,15
msp,loudness,happy,baseline_only,0.11590735071909496,0.01573744162463291,0.0714972622000441,15
msp,loudness,happy,relative,0.14251742764862954,0.009791704384327058,0.09832828136423613,15
msp,loudness,happy,relative_plus_baseline,0.12877949861609508,0.04631579027684572,0.08321607972087097,15
msp,loudness,neutral,absolute,0.18460249331588063,0.015256970786144965,0.11554181488646324,15
msp,loudness,neutral,baseline_only,0.12851252673382194,0.02087301530702848,0.07709350106578856,15
msp,loudness,neutral,relative,0.3129566369296405,0.014945696990474124,0.21725722480237541,15
msp,loudness,neutral,relative_plus_baseline,0.20085443796646354,0.013361023396023256,0.12659683327544152,15
msp,loudness,sad,absolute,0.2405567565277762,0.013441285787731903,0.47458215486809185,15
msp,loudness,sad,baseline_only,0.22008543803428332,0.01411726738278032,0.46260610823639337,15
msp,loudness,sad,relative,0.23958155534791611,0.012618243560290416,0.46322453510861794,15
msp,loudness,sad,relative_plus_baseline,0.24500886677432324,0.013119423532617329,0.4757191192450382,15
msp,loudness,surprise,absolute,0.03720746070775246,0.007392524506802314,0.04369504130737726,15
msp,loudness,surprise,baseline_only,0.04213070314873148,0.013688640963130463,0.057117667052821085,15
msp,loudness,surprise,relative,0.029790498338572984,0.009995884765118755,0.024632284843620716,15
msp,loudness,surprise,relative_plus_baseline,0.05303221067691992,0.011250037242983589,0.08906947852314759,15
msp,rate,angry,absolute,0.027544596518111128,0.04012649769248419,0.04436993356586172,15
msp,rate,angry,baseline_only,0.10533729559196495,0.0344222003206633,0.1391098109423679,15
msp,rate,angry,relative,0.18723847571957805,0.008942752215151872,0.5454831055558446,15
msp,rate,angry,relative_plus_baseline,0.1567615038959789,0.015191106466551831,0.24526226234952775,15
msp,rate,happy,absolute,0.02029525990017547,0.015276495498280536,0.010753890642608333,15
msp,rate,happy,baseline_only,0.11867776593356617,0.04017728016948168,0.07464652556388872,15
msp,rate,happy,relative,0.03723004157816837,0.005526966190444453,0.020097144411039554,15
msp,rate,happy,relative_plus_baseline,0.016554677224919226,0.004268952688817922,0.008532456162296708,15
msp,rate,neutral,absolute,0.4816475978548226,0.12825237847306906,0.5278404521129635,15
msp,rate,neutral,baseline_only,0.04456167393800536,0.01607523163352,0.023636722178746225,15
msp,rate,neutral,relative,0.04738767376450578,0.005412712007580341,0.024958810957404858,15
msp,rate,neutral,relative_plus_baseline,0.2859280343349312,0.059123195098402755,0.2069431199303291,15
msp,rate,sad,absolute,0.2161186138353538,0.010619372931624753,0.45846703945872175,15
msp,rate,sad,baseline_only,0.17747039659019848,0.06516202673079219,0.29559229424333905,15
msp,rate,sad,relative,0.05103410406426744,0.06379438389362692,0.07048703456347294,15
msp,rate,sad,relative_plus_baseline,0.18177600437639266,0.01694833764474082,0.24437994411508443,15
msp,rate,surprise,absolute,0.022077933025909435,0.00955878272988909,0.020508399593473246,15
msp,rate,surprise,baseline_only,0.06646270544903925,0.003959105091276916,0.5674646757407383,15
msp,rate,surprise,relative,0.058235209215409915,0.015334233076872518,0.3846819764209861,15
msp,rate,surprise,relative_plus_baseline,0.06789788079095706,0.004410685133568361,0.40877057515736903,15
ravdess_speech,loudness,angry,absolute,0.5245800324458362,0.05800765277664312,0.5846396549715407,15
ravdess_speech,loudness,angry,baseline_only,0.25789200119293515,0.08837136110539129,0.40734010659843634,15
ravdess_speech,loudness,angry,relative,0.5249603717959754,0.06165265545030357,0.5641275062576704,15
ravdess_speech,loudness,angry,relative_plus_baseline,0.5319412399373198,0.056859024490078194,0.5834227682221053,15
ravdess_speech,loudness,happy,absolute,0.22281539538563502,0.056387565387367514,0.19559402701521472,15
ravdess_speech,loudness,happy,baseline_only,0.01081081081081081,0.041870090229269366,0.010526315789473682,15
ravdess_speech,loudness,happy,relative,0.20462750153644862,0.06121664750477164,0.18394526493727217,15
ravdess_speech,loudness,happy,relative_plus_baseline,0.19266575115189913,0.062411529207324686,0.16985001002206687,15
ravdess_speech,loudness,neutral,absolute,0.44868374289249907,0.11846714494672429,0.6753389883953854,15
ravdess_speech,loudness,neutral,baseline_only,0.05874398968335767,0.08671972483665731,0.15586770717205498,15
ravdess_speech,loudness,neutral,relative,0.44949474599064954,0.1358301945185349,0.6686723217287188,15
ravdess_speech,loudness,neutral,relative_plus_baseline,0.5270712783055083,0.0528319548845883,0.7881598169463733,15
ravdess_speech,loudness,sad,absolute,0.2983961143655335,0.08498387616052747,0.2639701202315075,15
ravdess_speech,loudness,sad,baseline_only,0.1566522808583059,0.1572303252703753,0.2726039593859649,15
ravdess_speech,loudness,sad,relative,0.28206474255464903,0.0979659830736615,0.25667943435318297,15
ravdess_speech,loudness,sad,relative_plus_baseline,0.24021268751427102,0.09288716185902289,0.21237212351607315,15
ravdess_speech,loudness,surprise,absolute,0.2920364550805733,0.09023785063111993,0.26687198604002765,15
ravdess_speech,loudness,surprise,baseline_only,0.08708986945195742,0.1501747481578357,0.1597297884770062,15
ravdess_speech,loudness,surprise,relative,0.31318566376329976,0.09196581916112952,0.2839223537227183,15
ravdess_speech,loudness,surprise,relative_plus_baseline,0.3399463768441097,0.09087380458551582,0.31455703241339117,15
ravdess_speech,rate,angry,absolute,0.45289127964003256,0.06319225152899746,0.6112261053505667,15
ravdess_speech,rate,angry,baseline_only,0.26826097165439766,0.0883701912217175,0.43734010659843636,15
ravdess_speech,rate,angry,relative,0.4980124971803789,0.08278167049270754,0.6179054815139775,15
ravdess_speech,rate,angry,relative_plus_baseline,0.4978606336910545,0.08380407289908674,0.6182195203709885,15
ravdess_speech,rate,happy,absolute,0.11343080557441464,0.06632465915259012,0.0824547526898392,15
ravdess_speech,rate,happy,baseline_only,0.013907149326555061,0.053862157734967456,0.013104283669199433,15
ravdess_speech,rate,happy,relative,0.17704855940145642,0.0826049899293894,0.13523499450373602,15
ravdess_speech,rate,happy,relative_plus_baseline,0.14696018181900075,0.08884840998105355,0.11358765845406658,15
ravdess_speech,rate,neutral,absolute,0.1326337937566822,0.09744925713732162,0.14744506239102004,15
ravdess_speech,rate,neutral,baseline_only,0.043992063492063534,0.07643274177840965,0.1004830917874396,15
ravdess_speech,rate,neutral,relative,0.20205146555085188,0.11144219099382785,0.2206870846616309,15
ravdess_speech,rate,neutral,relative_plus_baseline,0.1913435666320116,0.0978248438505851,0.20785583477585498,15
ravdess_speech,rate,sad,absolute,0.187117164019818,0.06481144060797915,0.13400135199810362,15
ravdess_speech,rate,sad,baseline_only,0.08170035597575787,0.1434036065099048,0.14460052025269418,15
ravdess_speech,rate,sad,relative,0.16743375965973603,0.09643072013523256,0.12214785870927264,15
ravdess_speech,rate,sad,relative_plus_baseline,0.18108180001841515,0.09761304199349562,0.14321557466770862,15
ravdess_speech,rate,surprise,absolute,0.40905597066391003,0.10828625549766054,0.5053831012686677,15
ravdess_speech,rate,surprise,baseline_only,0.15686400237962486,0.1744885909879565,0.31539817471030823,15
ravdess_speech,rate,surprise,relative,0.4433192199516862,0.07910581024106793,0.5578855403420145,15
ravdess_speech,rate,surprise,relative_plus_baseline,0.43389472398355916,0.0871516338406526,0.5445257298626387,15
