attribute_set,target,representation,ccc_mean,ccc_std,mae_mean,n_eval
all,arousal,absolute,0.13934034729695186,0.004158714242515846,0.5341359853719012,15
all,arousal,baseline_only,1.2349717815440877e-25,1.601269984383248e-25,0.5571045953034587,15
all,arousal,relative,0.2699121758965965,0.00819614326424709,0.5098354420867021,15
all,arousal,relative_plus_baseline,0.2704018951634501,0.008214863949537443,0.509827821137097,15
all,dominance,absolute,0.09254213317691201,0.004997419889570232,0.4433484430481868,15
all,dominance,baseline_only,2.8974228336506713e-27,4.523460111631364e-25,0.4545843034089188,15
all,dominance,relative,0.1846881727633162,0.009953616160651227,0.4301718088939188,15
all,dominance,relative_plus_baseline,0.1849788566465511,0.009972323874049935,0.4301333032086197,15
all,valence,absolute,0.005023447042622194,0.0006796132667880153,0.6198941492662748,15
all,valence,baseline_only,3.8592353942093257e-26,2.0461590392042944e-25,0.6201612979679787,15
all,valence,relative,0.009970015028735355,0.0012973306217845377,0.6190185545485941,15
all,valence,relative_plus_baseline,0.009990088531934315,0.0013005230745668538,0.6190186702449996,15
loudness,arousal,absolute,0.07095134643270713,0.0039285645814522326,0.546596574326516,15
loudness,arousal,baseline_only,2.3075443774216077e-26,1.1996525458476281e-25,0.5578660722361718,15
loudness,arousal,relative,0.15929244251379346,0.009299733897950349,0.5333231812332122,15
loudness,arousal,relative_plus_baseline,0.1594467414365726,0.00931559262618876,0.5333699001502489,15
loudness,dominance,absolute,0.060371847804483576,0.003842825396233857,0.4487153316226411,15
loudness,dominance,baseline_only,-3.4874622278982113e-26,7.432690868941911e-26,0.455624612644091,15
loudness,dominance,relative,0.13648458807666958,0.009382357515968184,0.4386935728204903,15
loudness,dominance,relative_plus_baseline,0.13661867955350557,0.009395439798586513,0.4386814731877068,15
loudness,valence,absolute,0.003433608614454643,0.0005138922540814177,0.6198097962986763,15
loudness,valence,baseline_only,1.8306866605852507e-28,1.478214261324893e-25,0.6201553596863498,15
loudness,valence,relative,0.008075061626427847,0.001310970316742071,0.6191426123651832,15
loudness,valence,relative_plus_baseline,0.008083755349090097,0.001312995244797757,0.6191358237968974,15
pitch,arousal,absolute,0.0894946259080774,0.004202339133123813,0.5425334081653997,15
pitch,arousal,baseline_only,1.1831016193039804e-25,6.253384126493927e-25,0.5572899982666165,15
pitch,arousal,relative,0.18670536353641018,0.009249418191971873,0.525341759883679,15
pitch,arousal,relative_plus_baseline,0.1869997352707013,0.009262220038512447,0.5252420110490452,15
pitch,dominance,absolute,0.04365908520849257,0.003139371821604283,0.44905378197634815,15
pitch,dominance,baseline_only,-3.062723405763488e-26,2.0506127447074008e-25,0.45463476029357286,15
pitch,dominance,relative,0.09352899929970106,0.00698965349188131,0.4424186889965661,15
pitch,dominance,relative_plus_baseline,0.09368508397382132,0.006998142806345375,0.44239723995482527,15
pitch,valence,absolute,0.001822730035642088,0.0003000963768317252,0.6204157515549874,15
pitch,valence,baseline_only,2.418616356866333e-26,1.5611968973899823e-25,0.6205631015386769,15
pitch,valence,relative,0.0040014000495874865,0.0006568294511257626,0.6200113699623018,15
pitch,valence,relative_plus_baseline,0.0040085433877031715,0.0006585519830782941,0.6200178322809522,15
rate,arousal,absolute,0.005899679527859824,0.000750965916504707,0.5561664104519278,15
rate,arousal,baseline_only,-3.368293223791126e-26,1.6130907603615767e-25,0.5577162655054823,15
rate,arousal,relative,0.0067467522044331145,0.0008659445760053811,0.5561068275554778,15
rate,arousal,relative_plus_baseline,0.006754970726164855,0.0008674716283390458,0.5560882012351678,15
rate,dominance,absolute,0.005365095116633508,0.0006941756555207376,0.4549027958967267,15
rate,dominance,baseline_only,-5.310686765915636e-26,1.2319091904603968e-25,0.45563294574987484,15
rate,dominance,relative,0.006135735806059334,0.0007999395633836082,0.4547390470839927,15
rate,dominance,relative_plus_baseline,0.006143165996885062,0.0008010533092890807,0.45474112730441385,15
rate,valence,absolute,0.0009152209546372037,0.00024573322953975487,0.6198409565787327,15
rate,valence,baseline_only,2.7361172033710637e-26,1.5280625948580173e-25,0.6197327382756427,15
rate,valence,relative,0.001046601503991885,0.00028024223675051545,0.6198080484539401,15
rate,valence,relative_plus_baseline,0.00104786033022199,0.00028053588079100924,0.6198120116138671,15
