dataset,task,attribute_set,representation,seed,fold,row_id_sha256
esd_english,emotion,pitch,absolute,20260920,0,026849fbd01a166f189d9681f30a2283b73f053792a8806431da27efdf85a5a0
esd_english,emotion,pitch,relative,20260920,0,026849fbd01a166f189d9681f30a2283b73f053792a8806431da27efdf85a5a0
esd_english,emotion,pitch,hybrid,20260920,0,026849fbd01a166f189d9681f30a2283b73f053792a8806431da27efdf85a5a0
esd_english,emotion,pitch,absolute,20260920,1,026849fbd01a166f189d9681f30a2283b73f053792a8806431da27efdf85a5a0
esd_english,emotion,pitch,relative,20260920,1,026849fbd01a166f189d9681f30a2283b73f053792a8806431da27efdf85a5a0
esd_english,emotion,pitch,hybrid,20260920,1,026849fbd01a166f189d9681f30a2283b73f053792a8806431da27efdf85a5a0
esd_english,emotion,pitch,absolute,20260920,2,026849fbd01a166f189d9681f30a2283b73f053792a8806431da27efdf85a5a0
esd_english,emotion,pitch,relative,20260920,2,026849fbd01a166f189d9681f30a2283b73f053792a8806431da27efdf85a5a0
esd_english,emotion,pitch,hybrid,20260920,2,026849fbd01a166f189d9681f30a2283b73f053792a8806431da27efdf85a5a0
esd_english,emotion,pitch,absolute,20260920,3,026849fbd01a166f189d9681f30a2283b73f053792a8806431da27efdf85a5a0
esd_english,emotion,pitch,relative,20260920,3,026849fbd01a166f189d9681f30a2283b73f053792a8806431da27efdf85a5a0
esd_english,emotion,pitch,hybrid,20260920,3,026849fbd01a166f189d9681f30a2283b73f053792a8806431da27efdf85a5a0
esd_english,emotion,pitch,absolute,20260921,0,026849fbd01a166f189d9681f30a2283b73f053792a8806431da27efdf85a5a0
esd_english,emotion,pitch,relative,20260921,0,026849fbd01a166f189d9681f30a2283b73f053792a8806431da27efdf85a5a0
esd_english,emotion,pitch,hybrid,20260921,0,026849fbd01a166f189d9681f30a2283b73f053792a8806431da27efdf85a5a0
esd_english,emotion,pitch,absolute,20260921,1,026849fbd01a166f189d9681f30a2283b73f053792a8806431da27efdf85a5a0
esd_english,emotion,pitch,relative,20260921,1,026849fbd01a166f189d9681f30a2283b73f053792a8806431da27efdf85a5a0
esd_english,emotion,pitch,hybrid,20260921,1,026849fbd01a166f189d9681f30a2283b73f053792a8806431da27efdf85a5a0
esd_english,emotion,pitch,absolute,20260921,2,026849fbd01a166f189d9681f30a2283b73f053792a8806431da27efdf85a5a0
esd_english,emotion,pitch,relative,20260921,2,026849fbd01a166f189d9681f30a2283b73f053792a8806431da27efdf85a5a0
esd_english,emotion,pitch,hybrid,20260921,2,026849fbd01a166f189d9681f30a2283b73f053792a8806431da27efdf85a5a0
esd_english,emotion,pitch,absolute,20260921,3,026849fbd01a166f189d9681f30a2283b73f053792a8806431da27efdf85a5a0
esd_english,emotion,pitch,relative,20260921,3,026849fbd01a166f189d9681f30a2283b73f053792a8806431da27efdf85a5a0
esd_english,emotion,pitch,hybrid,20260921,3,026849fbd01a166f189d9681f30a2283b73f053792a8806431da27efdf85a5a0
esd_english,emotion,pitch,absolute,20260922,0,026849fbd01a166f189d9681f30a2283b73f053792a8806431da27efdf85a5a0
esd_english,emotion,pitch,relative,20260922,0,026849fbd01a166f189d9681f30a2283b73f053792a8806431da27efdf85a5a0
esd_english,emotion,pitch,hybrid,20260922,0,026849fbd01a166f189d9681f30a2283b73f053792a8806431da27efdf85a5a0
esd_english,emotion,pitch,absolute,20260922,1,026849fbd01a166f189d9681f30a2283b73f053792a8806431da27efdf85a5a0
esd_english,emotion,pitch,relative,20260922,1,026849fbd01a166f189d9681f30a2283b73f053792a8806431da27efdf85a5a0
esd_english,emotion,pitch,hybrid,20260922,1,026849fbd01a166f189d9681f30a2283b73f053792a8806431da27efdf85a5a0
esd_english,emotion,pitch,absolute,20260922,2,026849fbd01a166f189d9681f30a2283b73f053792a8806431da27efdf85a5a0
esd_english,emotion,pitch,relative,20260922,2,026849fbd01a166f189d9681f30a2283b73f053792a8806431da27efdf85a5a0
esd_english,emotion,pitch,hybrid,20260922,2,026849fbd01a166f189d9681f30a2283b73f053792a8806431da27efdf85a5a0
esd_english,emotion,pitch,absolute,20260922,3,026849fbd01a166f189d9681f30a2283b73f053792a8806431da27efdf85a5a0
esd_english,emotion,pitch,relative,20260922,3,026849fbd01a166f189d9681f30a2283b73f053792a8806431da27efdf85a5a0
esd_english,emotion,pitch,hybrid,20260922,3,026849fbd01a166f189d9681f30a2283b73f053792a8806431da27efdf85a5a0
esd_english,emotion,loudness,absolute,20260920,0,6826cb456d57457b18b6b4e52ed873b89007920cc074d046a2365e8cfce60ad6
esd_english,emotion,loudness,relative,20260920,0,6826cb456d57457b18b6b4e52ed873b89007920cc074d046a2365e8cfce60ad6
esd_english,emotion,loudness,hybrid,20260920,0,6826cb456d57457b18b6b4e52ed873b89007920cc074d046a2365e8cfce60ad6
esd_english,emotion,loudness,absolute,20260920,1,6826cb456d57457b18b6b4e52ed873b89007920cc074d046a2365e8cfce60ad6
esd_english,emotion,loudness,relative,20260920,1,6826cb456d57457b18b6b4e52ed873b89007920cc074d046a2365e8cfce60ad6
esd_english,emotion,loudness,hybrid,20260920,1,6826cb456d57457b18b6b4e52ed873b89007920cc074d046a2365e8cfce60ad6
esd_english,emotion,loudness,absolute,20260920,2,6826cb456d57457b18b6b4e52ed873b89007920cc074d046a2365e8cfce60ad6
esd_english,emotion,loudness,relative,20260920,2,6826cb456d57457b18b6b4e52ed873b89007920cc074d046a2365e8cfce60ad6
esd_english,emotion,loudness,hybrid,20260920,2,6826cb456d57457b18b6b4e52ed873b89007920cc074d046a2365e8cfce60ad6
esd_english,emotion,loudness,absolute,20260920,3,6826cb456d57457b18b6b4e52ed873b89007920cc074d046a2365e8cfce60ad6
esd_english,emotion,loudness,relative,20260920,3,6826cb456d57457b18b6b4e52ed873b89007920cc074d046a2365e8cfce60ad6
esd_english,emotion,loudness,hybrid,20260920,3,6826cb456d57457b18b6b4e52ed873b89007920cc074d046a2365e8cfce60ad6
esd_english,emotion,loudness,absolute,20260921,0,6826cb456d57457b18b6b4e52ed873b89007920cc074d046a2365e8cfce60ad6
esd_english,emotion,loudness,relative,20260921,0,6826cb456d57457b18b6b4e52ed873b89007920cc074d046a2365e8cfce60ad6
esd_english,emotion,loudness,hybrid,20260921,0,6826cb456d57457b18b6b4e52ed873b89007920cc074d046a2365e8cfce60ad6
esd_english,emotion,loudness,absolute,20260921,1,6826cb456d57457b18b6b4e52ed873b89007920cc074d046a2365e8cfce60ad6
esd_english,emotion,loudness,relative,20260921,1,6826cb456d57457b18b6b4e52ed873b89007920cc074d046a2365e8cfce60ad6
esd_english,emotion,loudness,hybrid,20260921,1,6826cb456d57457b18b6b4e52ed873b89007920cc074d046a2365e8cfce60ad6
esd_english,emotion,loudness,absolute,20260921,2,6826cb456d57457b18b6b4e52ed873b89007920cc074d046a2365e8cfce60ad6
esd_english,emotion,loudness,relative,20260921,2,6826cb456d57457b18b6b4e52ed873b89007920cc074d046a2365e8cfce60ad6
esd_english,emotion,loudness,hybrid,20260921,2,6826cb456d57457b18b6b4e52ed873b89007920cc074d046a2365e8cfce60ad6
esd_english,emotion,loudness,absolute,20260921,3,6826cb456d57457b18b6b4e52ed873b89007920cc074d046a2365e8cfce60ad6
esd_english,emotion,loudness,relative,20260921,3,6826cb456d57457b18b6b4e52ed873b89007920cc074d046a2365e8cfce60ad6
esd_english,emotion,loudness,hybrid,20260921,3,6826cb456d57457b18b6b4e52ed873b89007920cc074d046a2365e8cfce60ad6
esd_english,emotion,loudness,absolute,20260922,0,6826cb456d57457b18b6b4e52ed873b89007920cc074d046a2365e8cfce60ad6
esd_english,emotion,loudness,relative,20260922,0,6826cb456d57457b18b6b4e52ed873b89007920cc074d046a2365e8cfce60ad6
esd_english,emotion,loudness,hybrid,20260922,0,6826cb456d57457b18b6b4e52ed873b89007920cc074d046a2365e8cfce60ad6
esd_english,emotion,loudness,absolute,20260922,1,6826cb456d57457b18b6b4e52ed873b89007920cc074d046a2365e8cfce60ad6
esd_english,emotion,loudness,relative,20260922,1,6826cb456d57457b18b6b4e52ed873b89007920cc074d046a2365e8cfce60ad6
esd_english,emotion,loudness,hybrid,20260922,1,6826cb456d57457b18b6b4e52ed873b89007920cc074d046a2365e8cfce60ad6
esd_english,emotion,loudness,absolute,20260922,2,6826cb456d57457b18b6b4e52ed873b89007920cc074d046a2365e8cfce60ad6
esd_english,emotion,loudness,relative,20260922,2,6826cb456d57457b18b6b4e52ed873b89007920cc074d046a2365e8cfce60ad6
esd_english,emotion,loudness,hybrid,20260922,2,6826cb456d57457b18b6b4e52ed873b89007920cc074d046a2365e8cfce60ad6
esd_english,emotion,loudness,absolute,20260922,3,6826cb456d57457b18b6b4e52ed873b89007920cc074d046a2365e8cfce60ad6
esd_english,emotion,loudness,relative,20260922,3,6826cb456d57457b18b6b4e52ed873b89007920cc074d046a2365e8cfce60ad6
esd_english,emotion,loudness,hybrid,20260922,3,6826cb456d57457b18b6b4e52ed873b89007920cc074d046a2365e8cfce60ad6
esd_english,emotion,rate,absolute,20260920,0,6826cb456d57457b18b6b4e52ed873b89007920cc074d046a2365e8cfce60ad6
esd_english,emotion,rate,relative,20260920,0,6826cb456d57457b18b6b4e52ed873b89007920cc074d046a2365e8cfce60ad6
esd_english,emotion,rate,hybrid,20260920,0,6826cb456d57457b18b6b4e52ed873b89007920cc074d046a2365e8cfce60ad6
esd_english,emotion,rate,absolute,20260920,1,6826cb456d57457b18b6b4e52ed873b89007920cc074d046a2365e8cfce60ad6
esd_english,emotion,rate,relative,20260920,1,6826cb456d57457b18b6b4e52ed873b89007920cc074d046a2365e8cfce60ad6
esd_english,emotion,rate,hybrid,20260920,1,6826cb456d57457b18b6b4e52ed873b89007920cc074d046a2365e8cfce60ad6
esd_english,emotion,rate,absolute,20260920,2,6826cb456d57457b18b6b4e52ed873b89007920cc074d046a2365e8cfce60ad6
esd_english,emotion,rate,relative,20260920,2,6826cb456d57457b18b6b4e52ed873b89007920cc074d046a2365e8cfce60ad6
esd_english,emotion,rate,hybrid,20260920,2,6826cb456d57457b18b6b4e52ed873b89007920cc074d046a2365e8cfce60ad6
esd_english,emotion,rate,absolute,20260920,3,6826cb456d57457b18b6b4e52ed873b89007920cc074d046a2365e8cfce60ad6
esd_english,emotion,rate,relative,20260920,3,6826cb456d57457b18b6b4e52ed873b89007920cc074d046a2365e8cfce60ad6
esd_english,emotion,rate,hybrid,20260920,3,6826cb456d57457b18b6b4e52ed873b89007920cc074d046a2365e8cfce60ad6
esd_english,emotion,rate,absolute,20260921,0,6826cb456d57457b18b6b4e52ed873b89007920cc074d046a2365e8cfce60ad6
esd_english,emotion,rate,relative,20260921,0,6826cb456d57457b18b6b4e52ed873b89007920cc074d046a2365e8cfce60ad6
esd_english,emotion,rate,hybrid,20260921,0,6826cb456d57457b18b6b4e52ed873b89007920cc074d046a2365e8cfce60ad6
esd_english,emotion,rate,absolute,20260921,1,6826cb456d57457b18b6b4e52ed873b89007920cc074d046a2365e8cfce60ad6
esd_english,emotion,rate,relative,20260921,1,6826cb456d57457b18b6b4e52ed873b89007920cc074d046a2365e8cfce60ad6
esd_english,emotion,rate,hybrid,20260921,1,6826cb456d57457b18b6b4e52ed873b89007920cc074d046a2365e8cfce60ad6
esd_english,emotion,rate,absolute,20260921,2,6826cb456d57457b18b6b4e52ed873b89007920cc074d046a2365e8cfce60ad6
esd_english,emotion,rate,relative,20260921,2,6826cb456d57457b18b6b4e52ed873b89007920cc074d046a2365e8cfce60ad6
esd_english,emotion,rate,hybrid,20260921,2,6826cb456d57457b18b6b4e52ed873b89007920cc074d046a2365e8cfce60ad6
esd_english,emotion,rate,absolute,20260921,3,6826cb456d57457b18b6b4e52ed873b89007920cc074d046a2365e8cfce60ad6
esd_english,emotion,rate,relative,20260921,3,6826cb456d57457b18b6b4e52ed873b89007920cc074d046a2365e8cfce60ad6
esd_english,emotion,rate,hybrid,20260921,3,6826cb456d57457b18b6b4e52ed873b89007920cc074d046a2365e8cfce60ad6
esd_english,emotion,rate,absolute,20260922,0,6826cb456d57457b18b6b4e52ed873b89007920cc074d046a2365e8cfce60ad6
esd_english,emotion,rate,relative,20260922,0,6826cb456d57457b18b6b4e52ed873b89007920cc074d046a2365e8cfce60ad6
esd_english,emotion,rate,hybrid,20260922,0,6826cb456d57457b18b6b4e52ed873b89007920cc074d046a2365e8cfce60ad6
esd_english,emotion,rate,absolute,20260922,1,6826cb456d57457b18b6b4e52ed873b89007920cc074d046a2365e8cfce60ad6
esd_english,emotion,rate,relative,20260922,1,6826cb456d57457b18b6b4e52ed873b89007920cc074d046a2365e8cfce60ad6
esd_english,emotion,rate,hybrid,20260922,1,6826cb456d57457b18b6b4e52ed873b89007920cc074d046a2365e8cfce60ad6
esd_english,emotion,rate,absolute,20260922,2,6826cb456d57457b18b6b4e52ed873b89007920cc074d046a2365e8cfce60ad6
esd_english,emotion,rate,relative,20260922,2,6826cb456d57457b18b6b4e52ed873b89007920cc074d046a2365e8cfce60ad6
esd_english,emotion,rate,hybrid,20260922,2,6826cb456d57457b18b6b4e52ed873b89007920cc074d046a2365e8cfce60ad6
esd_english,emotion,rate,absolute,20260922,3,6826cb456d57457b18b6b4e52ed873b89007920cc074d046a2365e8cfce60ad6
esd_english,emotion,rate,relative,20260922,3,6826cb456d57457b18b6b4e52ed873b89007920cc074d046a2365e8cfce60ad6
esd_english,emotion,rate,hybrid,20260922,3,6826cb456d57457b18b6b4e52ed873b89007920cc074d046a2365e8cfce60ad6
esd_english,emotion,all,absolute,20260920,0,026849fbd01a166f189d9681f30a2283b73f053792a8806431da27efdf85a5a0
esd_english,emotion,all,relative,20260920,0,026849fbd01a166f189d9681f30a2283b73f053792a8806431da27efdf85a5a0
esd_english,emotion,all,hybrid,20260920,0,026849fbd01a166f189d9681f30a2283b73f053792a8806431da27efdf85a5a0
esd_english,emotion,all,absolute,20260920,1,026849fbd01a166f189d9681f30a2283b73f053792a8806431da27efdf85a5a0
esd_english,emotion,all,relative,20260920,1,026849fbd01a166f189d9681f30a2283b73f053792a8806431da27efdf85a5a0
esd_english,emotion,all,hybrid,20260920,1,026849fbd01a166f189d9681f30a2283b73f053792a8806431da27efdf85a5a0
esd_english,emotion,all,absolute,20260920,2,026849fbd01a166f189d9681f30a2283b73f053792a8806431da27efdf85a5a0
esd_english,emotion,all,relative,20260920,2,026849fbd01a166f189d9681f30a2283b73f053792a8806431da27efdf85a5a0
esd_english,emotion,all,hybrid,20260920,2,026849fbd01a166f189d9681f30a2283b73f053792a8806431da27efdf85a5a0
esd_english,emotion,all,absolute,20260920,3,026849fbd01a166f189d9681f30a2283b73f053792a8806431da27efdf85a5a0
esd_english,emotion,all,relative,20260920,3,026849fbd01a166f189d9681f30a2283b73f053792a8806431da27efdf85a5a0
esd_english,emotion,all,hybrid,20260920,3,026849fbd01a166f189d9681f30a2283b73f053792a8806431da27efdf85a5a0
esd_english,emotion,all,absolute,20260921,0,026849fbd01a166f189d9681f30a2283b73f053792a8806431da27efdf85a5a0
esd_english,emotion,all,relative,20260921,0,026849fbd01a166f189d9681f30a2283b73f053792a8806431da27efdf85a5a0
esd_english,emotion,all,hybrid,20260921,0,026849fbd01a166f189d9681f30a2283b73f053792a8806431da27efdf85a5a0
esd_english,emotion,all,absolute,20260921,1,026849fbd01a166f189d9681f30a2283b73f053792a8806431da27efdf85a5a0
esd_english,emotion,all,relative,20260921,1,026849fbd01a166f189d9681f30a2283b73f053792a8806431da27efdf85a5a0
esd_english,emotion,all,hybrid,20260921,1,026849fbd01a166f189d9681f30a2283b73f053792a8806431da27efdf85a5a0
esd_english,emotion,all,absolute,20260921,2,026849fbd01a166f189d9681f30a2283b73f053792a8806431da27efdf85a5a0
esd_english,emotion,all,relative,20260921,2,026849fbd01a166f189d9681f30a2283b73f053792a8806431da27efdf85a5a0
esd_english,emotion,all,hybrid,20260921,2,026849fbd01a166f189d9681f30a2283b73f053792a8806431da27efdf85a5a0
esd_english,emotion,all,absolute,20260921,3,026849fbd01a166f189d9681f30a2283b73f053792a8806431da27efdf85a5a0
esd_english,emotion,all,relative,20260921,3,026849fbd01a166f189d9681f30a2283b73f053792a8806431da27efdf85a5a0
esd_english,emotion,all,hybrid,20260921,3,026849fbd01a166f189d9681f30a2283b73f053792a8806431da27efdf85a5a0
esd_english,emotion,all,absolute,20260922,0,026849fbd01a166f189d9681f30a2283b73f053792a8806431da27efdf85a5a0
esd_english,emotion,all,relative,20260922,0,026849fbd01a166f189d9681f30a2283b73f053792a8806431da27efdf85a5a0
esd_english,emotion,all,hybrid,20260922,0,026849fbd01a166f189d9681f30a2283b73f053792a8806431da27efdf85a5a0
esd_english,emotion,all,absolute,20260922,1,026849fbd01a166f189d9681f30a2283b73f053792a8806431da27efdf85a5a0
esd_english,emotion,all,relative,20260922,1,026849fbd01a166f189d9681f30a2283b73f053792a8806431da27efdf85a5a0
esd_english,emotion,all,hybrid,20260922,1,026849fbd01a166f189d9681f30a2283b73f053792a8806431da27efdf85a5a0
esd_english,emotion,all,absolute,20260922,2,026849fbd01a166f189d9681f30a2283b73f053792a8806431da27efdf85a5a0
esd_english,emotion,all,relative,20260922,2,026849fbd01a166f189d9681f30a2283b73f053792a8806431da27efdf85a5a0
esd_english,emotion,all,hybrid,20260922,2,026849fbd01a166f189d9681f30a2283b73f053792a8806431da27efdf85a5a0
esd_english,emotion,all,absolute,20260922,3,026849fbd01a166f189d9681f30a2283b73f053792a8806431da27efdf85a5a0
esd_english,emotion,all,relative,20260922,3,026849fbd01a166f189d9681f30a2283b73f053792a8806431da27efdf85a5a0
esd_english,emotion,all,hybrid,20260922,3,026849fbd01a166f189d9681f30a2283b73f053792a8806431da27efdf85a5a0
esd_english,gender,pitch,absolute,20260920,0,026849fbd01a166f189d9681f30a2283b73f053792a8806431da27efdf85a5a0
esd_english,gender,pitch,relative,20260920,0,026849fbd01a166f189d9681f30a2283b73f053792a8806431da27efdf85a5a0
esd_english,gender,pitch,hybrid,20260920,0,026849fbd01a166f189d9681f30a2283b73f053792a8806431da27efdf85a5a0
esd_english,gender,pitch,absolute,20260920,1,026849fbd01a166f189d9681f30a2283b73f053792a8806431da27efdf85a5a0
esd_english,gender,pitch,relative,20260920,1,026849fbd01a166f189d9681f30a2283b73f053792a8806431da27efdf85a5a0
esd_english,gender,pitch,hybrid,20260920,1,026849fbd01a166f189d9681f30a2283b73f053792a8806431da27efdf85a5a0
esd_english,gender,pitch,absolute,20260920,2,026849fbd01a166f189d9681f30a2283b73f053792a8806431da27efdf85a5a0
esd_english,gender,pitch,relative,20260920,2,026849fbd01a166f189d9681f30a2283b73f053792a8806431da27efdf85a5a0
esd_english,gender,pitch,hybrid,20260920,2,026849fbd01a166f189d9681f30a2283b73f053792a8806431da27efdf85a5a0
esd_english,gender,pitch,absolute,20260920,3,026849fbd01a166f189d9681f30a2283b73f053792a8806431da27efdf85a5a0
esd_english,gender,pitch,relative,20260920,3,026849fbd01a166f189d9681f30a2283b73f053792a8806431da27efdf85a5a0
esd_english,gender,pitch,hybrid,20260920,3,026849fbd01a166f189d9681f30a2283b73f053792a8806431da27efdf85a5a0
esd_english,gender,pitch,absolute,20260921,0,026849fbd01a166f189d9681f30a2283b73f053792a8806431da27efdf85a5a0
esd_english,gender,pitch,relative,20260921,0,026849fbd01a166f189d9681f30a2283b73f053792a8806431da27efdf85a5a0
esd_english,gender,pitch,hybrid,20260921,0,026849fbd01a166f189d9681f30a2283b73f053792a8806431da27efdf85a5a0
esd_english,gender,pitch,absolute,20260921,1,026849fbd01a166f189d9681f30a2283b73f053792a8806431da27efdf85a5a0
esd_english,gender,pitch,relative,20260921,1,026849fbd01a166f189d9681f30a2283b73f053792a8806431da27efdf85a5a0
esd_english,gender,pitch,hybrid,20260921,1,026849fbd01a166f189d9681f30a2283b73f053792a8806431da27efdf85a5a0
esd_english,gender,pitch,absolute,20260921,2,026849fbd01a166f189d9681f30a2283b73f053792a8806431da27efdf85a5a0
esd_english,gender,pitch,relative,20260921,2,026849fbd01a166f189d9681f30a2283b73f053792a8806431da27efdf85a5a0
esd_english,gender,pitch,hybrid,20260921,2,026849fbd01a166f189d9681f30a2283b73f053792a8806431da27efdf85a5a0
esd_english,gender,pitch,absolute,20260921,3,026849fbd01a166f189d9681f30a2283b73f053792a8806431da27efdf85a5a0
esd_english,gender,pitch,relative,20260921,3,026849fbd01a166f189d9681f30a2283b73f053792a8806431da27efdf85a5a0
esd_english,gender,pitch,hybrid,20260921,3,026849fbd01a166f189d9681f30a2283b73f053792a8806431da27efdf85a5a0
esd_english,gender,pitch,absolute,20260922,0,026849fbd01a166f189d9681f30a2283b73f053792a8806431da27efdf85a5a0
esd_english,gender,pitch,relative,20260922,0,026849fbd01a166f189d9681f30a2283b73f053792a8806431da27efdf85a5a0
esd_english,gender,pitch,hybrid,20260922,0,026849fbd01a166f189d9681f30a2283b73f053792a8806431da27efdf85a5a0
esd_english,gender,pitch,absolute,20260922,1,026849fbd01a166f189d9681f30a2283b73f053792a8806431da27efdf85a5a0
esd_english,gender,pitch,relative,20260922,1,026849fbd01a166f189d9681f30a2283b73f053792a8806431da27efdf85a5a0
esd_english,gender,pitch,hybrid,20260922,1,026849fbd01a166f189d9681f30a2283b73f053792a8806431da27efdf85a5a0
esd_english,gender,pitch,absolute,20260922,2,026849fbd01a166f189d9681f30a2283b73f053792a8806431da27efdf85a5a0
esd_english,gender,pitch,relative,20260922,2,026849fbd01a166f189d9681f30a2283b73f053792a8806431da27efdf85a5a0
esd_english,gender,pitch,hybrid,20260922,2,026849fbd01a166f189d9681f30a2283b73f053792a8806431da27efdf85a5a0
esd_english,gender,pitch,absolute,20260922,3,026849fbd01a166f189d9681f30a2283b73f053792a8806431da27efdf85a5a0
esd_english,gender,pitch,relative,20260922,3,026849fbd01a166f189d9681f30a2283b73f053792a8806431da27efdf85a5a0
esd_english,gender,pitch,hybrid,20260922,3,026849fbd01a166f189d9681f30a2283b73f053792a8806431da27efdf85a5a0
esd_english,gender,loudness,absolute,20260920,0,cfbb605dcae98945f0f6f275335725693a696a8782120815c33ec29c5845e736
esd_english,gender,loudness,relative,20260920,0,cfbb605dcae98945f0f6f275335725693a696a8782120815c33ec29c5845e736
esd_english,gender,loudness,hybrid,20260920,0,cfbb605dcae98945f0f6f275335725693a696a8782120815c33ec29c5845e736
esd_english,gender,loudness,absolute,20260920,1,cfbb605dcae98945f0f6f275335725693a696a8782120815c33ec29c5845e736
esd_english,gender,loudness,relative,20260920,1,cfbb605dcae98945f0f6f275335725693a696a8782120815c33ec29c5845e736
esd_english,gender,loudness,hybrid,20260920,1,cfbb605dcae98945f0f6f275335725693a696a8782120815c33ec29c5845e736
esd_english,gender,loudness,absolute,20260920,2,cfbb605dcae98945f0f6f275335725693a696a8782120815c33ec29c5845e736
esd_english,gender,loudness,relative,20260920,2,cfbb605dcae98945f0f6f275335725693a696a8782120815c33ec29c5845e736
esd_english,gender,loudness,hybrid,20260920,2,cfbb605dcae98945f0f6f275335725693a696a8782120815c33ec29c5845e736
esd_english,gender,loudness,absolute,20260920,3,cfbb605dcae98945f0f6f275335725693a696a8782120815c33ec29c5845e736
esd_english,gender,loudness,relative,20260920,3,cfbb605dcae98945f0f6f275335725693a696a8782120815c33ec29c5845e736
esd_english,gender,loudness,hybrid,20260920,3,cfbb605dcae98945f0f6f275335725693a696a8782120815c33ec29c5845e736
esd_english,gender,loudness,absolute,20260921,0,cfbb605dcae98945f0f6f275335725693a696a8782120815c33ec29c5845e736
esd_english,gender,loudness,relative,20260921,0,cfbb605dcae98945f0f6f275335725693a696a8782120815c33ec29c5845e736
esd_english,gender,loudness,hybrid,20260921,0,cfbb605dcae98945f0f6f275335725693a696a8782120815c33ec29c5845e736
esd_english,gender,loudness,absolute,20260921,1,cfbb605dcae98945f0f6f275335725693a696a8782120815c33ec29c5845e736
esd_english,gender,loudness,relative,20260921,1,cfbb605dcae98945f0f6f275335725693a696a8782120815c33ec29c5845e736
esd_english,gender,loudness,hybrid,20260921,1,cfbb605dcae98945f0f6f275335725693a696a8782120815c33ec29c5845e736
esd_english,gender,loudness,absolute,20260921,2,cfbb605dcae98945f0f6f275335725693a696a8782120815c33ec29c5845e736
esd_english,gender,loudness,relative,20260921,2,cfbb605dcae98945f0f6f275335725693a696a8782120815c33ec29c5845e736
esd_english,gender,loudness,hybrid,20260921,2,cfbb605dcae98945f0f6f275335725693a696a8782120815c33ec29c5845e736
esd_english,gender,loudness,absolute,20260921,3,cfbb605dcae98945f0f6f275335725693a696a8782120815c33ec29c5845e736
esd_english,gender,loudness,relative,20260921,3,cfbb605dcae98945f0f6f275335725693a696a8782120815c33ec29c5845e736
esd_english,gender,loudness,hybrid,20260921,3,cfbb605dcae98945f0f6f275335725693a696a8782120815c33ec29c5845e736
esd_english,gender,loudness,absolute,20260922,0,cfbb605dcae98945f0f6f275335725693a696a8782120815c33ec29c5845e736
esd_english,gender,loudness,relative,20260922,0,cfbb605dcae98945f0f6f275335725693a696a8782120815c33ec29c5845e736
esd_english,gender,loudness,hybrid,20260922,0,cfbb605dcae98945f0f6f275335725693a696a8782120815c33ec29c5845e736
esd_english,gender,loudness,absolute,20260922,1,cfbb605dcae98945f0f6f275335725693a696a8782120815c33ec29c5845e736
esd_english,gender,loudness,relative,20260922,1,cfbb605dcae98945f0f6f275335725693a696a8782120815c33ec29c5845e736
esd_english,gender,loudness,hybrid,20260922,1,cfbb605dcae98945f0f6f275335725693a696a8782120815c33ec29c5845e736
esd_english,gender,loudness,absolute,20260922,2,cfbb605dcae98945f0f6f275335725693a696a8782120815c33ec29c5845e736
esd_english,gender,loudness,relative,20260922,2,cfbb605dcae98945f0f6f275335725693a696a8782120815c33ec29c5845e736
esd_english,gender,loudness,hybrid,20260922,2,cfbb605dcae98945f0f6f275335725693a696a8782120815c33ec29c5845e736
esd_english,gender,loudness,absolute,20260922,3,cfbb605dcae98945f0f6f275335725693a696a8782120815c33ec29c5845e736
esd_english,gender,loudness,relative,20260922,3,cfbb605dcae98945f0f6f275335725693a696a8782120815c33ec29c5845e736
esd_english,gender,loudness,hybrid,20260922,3,cfbb605dcae98945f0f6f275335725693a696a8782120815c33ec29c5845e736
esd_english,gender,rate,absolute,20260920,0,cfbb605dcae98945f0f6f275335725693a696a8782120815c33ec29c5845e736
esd_english,gender,rate,relative,20260920,0,cfbb605dcae98945f0f6f275335725693a696a8782120815c33ec29c5845e736
esd_english,gender,rate,hybrid,20260920,0,cfbb605dcae98945f0f6f275335725693a696a8782120815c33ec29c5845e736
esd_english,gender,rate,absolute,20260920,1,cfbb605dcae98945f0f6f275335725693a696a8782120815c33ec29c5845e736
esd_english,gender,rate,relative,20260920,1,cfbb605dcae98945f0f6f275335725693a696a8782120815c33ec29c5845e736
esd_english,gender,rate,hybrid,20260920,1,cfbb605dcae98945f0f6f275335725693a696a8782120815c33ec29c5845e736
esd_english,gender,rate,absolute,20260920,2,cfbb605dcae98945f0f6f275335725693a696a8782120815c33ec29c5845e736
esd_english,gender,rate,relative,20260920,2,cfbb605dcae98945f0f6f275335725693a696a8782120815c33ec29c5845e736
esd_english,gender,rate,hybrid,20260920,2,cfbb605dcae98945f0f6f275335725693a696a8782120815c33ec29c5845e736
esd_english,gender,rate,absolute,20260920,3,cfbb605dcae98945f0f6f275335725693a696a8782120815c33ec29c5845e736
esd_english,gender,rate,relative,20260920,3,cfbb605dcae98945f0f6f275335725693a696a8782120815c33ec29c5845e736
esd_english,gender,rate,hybrid,20260920,3,cfbb605dcae98945f0f6f275335725693a696a8782120815c33ec29c5845e736
esd_english,gender,rate,absolute,20260921,0,cfbb605dcae98945f0f6f275335725693a696a8782120815c33ec29c5845e736
esd_english,gender,rate,relative,20260921,0,cfbb605dcae98945f0f6f275335725693a696a8782120815c33ec29c5845e736
esd_english,gender,rate,hybrid,20260921,0,cfbb605dcae98945f0f6f275335725693a696a8782120815c33ec29c5845e736
esd_english,gender,rate,absolute,20260921,1,cfbb605dcae98945f0f6f275335725693a696a8782120815c33ec29c5845e736
esd_english,gender,rate,relative,20260921,1,cfbb605dcae98945f0f6f275335725693a696a8782120815c33ec29c5845e736
esd_english,gender,rate,hybrid,20260921,1,cfbb605dcae98945f0f6f275335725693a696a8782120815c33ec29c5845e736
esd_english,gender,rate,absolute,20260921,2,cfbb605dcae98945f0f6f275335725693a696a8782120815c33ec29c5845e736
esd_english,gender,rate,relative,20260921,2,cfbb605dcae98945f0f6f275335725693a696a8782120815c33ec29c5845e736
esd_english,gender,rate,hybrid,20260921,2,cfbb605dcae98945f0f6f275335725693a696a8782120815c33ec29c5845e736
esd_english,gender,rate,absolute,20260921,3,cfbb605dcae98945f0f6f275335725693a696a8782120815c33ec29c5845e736
esd_english,gender,rate,relative,20260921,3,cfbb605dcae98945f0f6f275335725693a696a8782120815c33ec29c5845e736
esd_english,gender,rate,hybrid,20260921,3,cfbb605dcae98945f0f6f275335725693a696a8782120815c33ec29c5845e736
esd_english,gender,rate,absolute,20260922,0,cfbb605dcae98945f0f6f275335725693a696a8782120815c33ec29c5845e736
esd_english,gender,rate,relative,20260922,0,cfbb605dcae98945f0f6f275335725693a696a8782120815c33ec29c5845e736
esd_english,gender,rate,hybrid,20260922,0,cfbb605dcae98945f0f6f275335725693a696a8782120815c33ec29c5845e736
esd_english,gender,rate,absolute,20260922,1,cfbb605dcae98945f0f6f275335725693a696a8782120815c33ec29c5845e736
esd_english,gender,rate,relative,20260922,1,cfbb605dcae98945f0f6f275335725693a696a8782120815c33ec29c5845e736
esd_english,gender,rate,hybrid,20260922,1,cfbb605dcae98945f0f6f275335725693a696a8782120815c33ec29c5845e736
esd_english,gender,rate,absolute,20260922,2,cfbb605dcae98945f0f6f275335725693a696a8782120815c33ec29c5845e736
esd_english,gender,rate,relative,20260922,2,cfbb605dcae98945f0f6f275335725693a696a8782120815c33ec29c5845e736
esd_english,gender,rate,hybrid,20260922,2,cfbb605dcae98945f0f6f275335725693a696a8782120815c33ec29c5845e736
esd_english,gender,rate,absolute,20260922,3,cfbb605dcae98945f0f6f275335725693a696a8782120815c33ec29c5845e736
esd_english,gender,rate,relative,20260922,3,cfbb605dcae98945f0f6f275335725693a696a8782120815c33ec29c5845e736
esd_english,gender,rate,hybrid,20260922,3,cfbb605dcae98945f0f6f275335725693a696a8782120815c33ec29c5845e736
esd_english,gender,all,absolute,20260920,0,026849fbd01a166f189d9681f30a2283b73f053792a8806431da27efdf85a5a0
esd_english,gender,all,relative,20260920,0,026849fbd01a166f189d9681f30a2283b73f053792a8806431da27efdf85a5a0
esd_english,gender,all,hybrid,20260920,0,026849fbd01a166f189d9681f30a2283b73f053792a8806431da27efdf85a5a0
esd_english,gender,all,absolute,20260920,1,026849fbd01a166f189d9681f30a2283b73f053792a8806431da27efdf85a5a0
esd_english,gender,all,relative,20260920,1,026849fbd01a166f189d9681f30a2283b73f053792a8806431da27efdf85a5a0
esd_english,gender,all,hybrid,20260920,1,026849fbd01a166f189d9681f30a2283b73f053792a8806431da27efdf85a5a0
esd_english,gender,all,absolute,20260920,2,026849fbd01a166f189d9681f30a2283b73f053792a8806431da27efdf85a5a0
esd_english,gender,all,relative,20260920,2,026849fbd01a166f189d9681f30a2283b73f053792a8806431da27efdf85a5a0
esd_english,gender,all,hybrid,20260920,2,026849fbd01a166f189d9681f30a2283b73f053792a8806431da27efdf85a5a0
esd_english,gender,all,absolute,20260920,3,026849fbd01a166f189d9681f30a2283b73f053792a8806431da27efdf85a5a0
esd_english,gender,all,relative,20260920,3,026849fbd01a166f189d9681f30a2283b73f053792a8806431da27efdf85a5a0
esd_english,gender,all,hybrid,20260920,3,026849fbd01a166f189d9681f30a2283b73f053792a8806431da27efdf85a5a0
esd_english,gender,all,absolute,20260921,0,026849fbd01a166f189d9681f30a2283b73f053792a8806431da27efdf85a5a0
esd_english,gender,all,relative,20260921,0,026849fbd01a166f189d9681f30a2283b73f053792a8806431da27efdf85a5a0
esd_english,gender,all,hybrid,20260921,0,026849fbd01a166f189d9681f30a2283b73f053792a8806431da27efdf85a5a0
esd_english,gender,all,absolute,20260921,1,026849fbd01a166f189d9681f30a2283b73f053792a8806431da27efdf85a5a0
esd_english,gender,all,relative,20260921,1,026849fbd01a166f189d9681f30a2283b73f053792a8806431da27efdf85a5a0
esd_english,gender,all,hybrid,20260921,1,026849fbd01a166f189d9681f30a2283b73f053792a8806431da27efdf85a5a0
esd_english,gender,all,absolute,20260921,2,026849fbd01a166f189d9681f30a2283b73f053792a8806431da27efdf85a5a0
esd_english,gender,all,relative,20260921,2,026849fbd01a166f189d9681f30a2283b73f053792a8806431da27efdf85a5a0
esd_english,gender,all,hybrid,20260921,2,026849fbd01a166f189d9681f30a2283b73f053792a8806431da27efdf85a5a0
esd_english,gender,all,absolute,20260921,3,026849fbd01a166f189d9681f30a2283b73f053792a8806431da27efdf85a5a0
esd_english,gender,all,relative,20260921,3,026849fbd01a166f189d9681f30a2283b73f053792a8806431da27efdf85a5a0
esd_english,gender,all,hybrid,20260921,3,026849fbd01a166f189d9681f30a2283b73f053792a8806431da27efdf85a5a0
esd_english,gender,all,absolute,20260922,0,026849fbd01a166f189d9681f30a2283b73f053792a8806431da27efdf85a5a0
esd_english,gender,all,relative,20260922,0,026849fbd01a166f189d9681f30a2283b73f053792a8806431da27efdf85a5a0
esd_english,gender,all,hybrid,20260922,0,026849fbd01a166f189d9681f30a2283b73f053792a8806431da27efdf85a5a0
esd_english,gender,all,absolute,20260922,1,026849fbd01a166f189d9681f30a2283b73f053792a8806431da27efdf85a5a0
esd_english,gender,all,relative,20260922,1,026849fbd01a166f189d9681f30a2283b73f053792a8806431da27efdf85a5a0
esd_english,gender,all,hybrid,20260922,1,026849fbd01a166f189d9681f30a2283b73f053792a8806431da27efdf85a5a0
esd_english,gender,all,absolute,20260922,2,026849fbd01a166f189d9681f30a2283b73f053792a8806431da27efdf85a5a0
esd_english,gender,all,relative,20260922,2,026849fbd01a166f189d9681f30a2283b73f053792a8806431da27efdf85a5a0
esd_english,gender,all,hybrid,20260922,2,026849fbd01a166f189d9681f30a2283b73f053792a8806431da27efdf85a5a0
esd_english,gender,all,absolute,20260922,3,026849fbd01a166f189d9681f30a2283b73f053792a8806431da27efdf85a5a0
esd_english,gender,all,relative,20260922,3,026849fbd01a166f189d9681f30a2283b73f053792a8806431da27efdf85a5a0
esd_english,gender,all,hybrid,20260922,3,026849fbd01a166f189d9681f30a2283b73f053792a8806431da27efdf85a5a0
mead_part0,emotion,pitch,absolute,20260920,0,936319a17ca974f5e9acf630be9fa7a2e012c3082f45564291a77283af2a6ba3
mead_part0,emotion,pitch,relative,20260920,0,936319a17ca974f5e9acf630be9fa7a2e012c3082f45564291a77283af2a6ba3
mead_part0,emotion,pitch,hybrid,20260920,0,936319a17ca974f5e9acf630be9fa7a2e012c3082f45564291a77283af2a6ba3
mead_part0,emotion,pitch,absolute,20260920,1,936319a17ca974f5e9acf630be9fa7a2e012c3082f45564291a77283af2a6ba3
mead_part0,emotion,pitch,relative,20260920,1,936319a17ca974f5e9acf630be9fa7a2e012c3082f45564291a77283af2a6ba3
mead_part0,emotion,pitch,hybrid,20260920,1,936319a17ca974f5e9acf630be9fa7a2e012c3082f45564291a77283af2a6ba3
mead_part0,emotion,pitch,absolute,20260920,2,936319a17ca974f5e9acf630be9fa7a2e012c3082f45564291a77283af2a6ba3
mead_part0,emotion,pitch,relative,20260920,2,936319a17ca974f5e9acf630be9fa7a2e012c3082f45564291a77283af2a6ba3
mead_part0,emotion,pitch,hybrid,20260920,2,936319a17ca974f5e9acf630be9fa7a2e012c3082f45564291a77283af2a6ba3
mead_part0,emotion,pitch,absolute,20260920,3,936319a17ca974f5e9acf630be9fa7a2e012c3082f45564291a77283af2a6ba3
mead_part0,emotion,pitch,relative,20260920,3,936319a17ca974f5e9acf630be9fa7a2e012c3082f45564291a77283af2a6ba3
mead_part0,emotion,pitch,hybrid,20260920,3,936319a17ca974f5e9acf630be9fa7a2e012c3082f45564291a77283af2a6ba3
mead_part0,emotion,pitch,absolute,20260921,0,936319a17ca974f5e9acf630be9fa7a2e012c3082f45564291a77283af2a6ba3
mead_part0,emotion,pitch,relative,20260921,0,936319a17ca974f5e9acf630be9fa7a2e012c3082f45564291a77283af2a6ba3
mead_part0,emotion,pitch,hybrid,20260921,0,936319a17ca974f5e9acf630be9fa7a2e012c3082f45564291a77283af2a6ba3
mead_part0,emotion,pitch,absolute,20260921,1,936319a17ca974f5e9acf630be9fa7a2e012c3082f45564291a77283af2a6ba3
mead_part0,emotion,pitch,relative,20260921,1,936319a17ca974f5e9acf630be9fa7a2e012c3082f45564291a77283af2a6ba3
mead_part0,emotion,pitch,hybrid,20260921,1,936319a17ca974f5e9acf630be9fa7a2e012c3082f45564291a77283af2a6ba3
mead_part0,emotion,pitch,absolute,20260921,2,936319a17ca974f5e9acf630be9fa7a2e012c3082f45564291a77283af2a6ba3
mead_part0,emotion,pitch,relative,20260921,2,936319a17ca974f5e9acf630be9fa7a2e012c3082f45564291a77283af2a6ba3
mead_part0,emotion,pitch,hybrid,20260921,2,936319a17ca974f5e9acf630be9fa7a2e012c3082f45564291a77283af2a6ba3
mead_part0,emotion,pitch,absolute,20260921,3,936319a17ca974f5e9acf630be9fa7a2e012c3082f45564291a77283af2a6ba3
mead_part0,emotion,pitch,relative,20260921,3,936319a17ca974f5e9acf630be9fa7a2e012c3082f45564291a77283af2a6ba3
mead_part0,emotion,pitch,hybrid,20260921,3,936319a17ca974f5e9acf630be9fa7a2e012c3082f45564291a77283af2a6ba3
mead_part0,emotion,pitch,absolute,20260922,0,936319a17ca974f5e9acf630be9fa7a2e012c3082f45564291a77283af2a6ba3
mead_part0,emotion,pitch,relative,20260922,0,936319a17ca974f5e9acf630be9fa7a2e012c3082f45564291a77283af2a6ba3
mead_part0,emotion,pitch,hybrid,20260922,0,936319a17ca974f5e9acf630be9fa7a2e012c3082f45564291a77283af2a6ba3
mead_part0,emotion,pitch,absolute,20260922,1,936319a17ca974f5e9acf630be9fa7a2e012c3082f45564291a77283af2a6ba3
mead_part0,emotion,pitch,relative,20260922,1,936319a17ca974f5e9acf630be9fa7a2e012c3082f45564291a77283af2a6ba3
mead_part0,emotion,pitch,hybrid,20260922,1,936319a17ca974f5e9acf630be9fa7a2e012c3082f45564291a77283af2a6ba3
mead_part0,emotion,pitch,absolute,20260922,2,936319a17ca974f5e9acf630be9fa7a2e012c3082f45564291a77283af2a6ba3
mead_part0,emotion,pitch,relative,20260922,2,936319a17ca974f5e9acf630be9fa7a2e012c3082f45564291a77283af2a6ba3
mead_part0,emotion,pitch,hybrid,20260922,2,936319a17ca974f5e9acf630be9fa7a2e012c3082f45564291a77283af2a6ba3
mead_part0,emotion,pitch,absolute,20260922,3,936319a17ca974f5e9acf630be9fa7a2e012c3082f45564291a77283af2a6ba3
mead_part0,emotion,pitch,relative,20260922,3,936319a17ca974f5e9acf630be9fa7a2e012c3082f45564291a77283af2a6ba3
mead_part0,emotion,pitch,hybrid,20260922,3,936319a17ca974f5e9acf630be9fa7a2e012c3082f45564291a77283af2a6ba3
mead_part0,emotion,loudness,absolute,20260920,0,a8890e9f2aca4e1a9819ebb455b86c71bcd16294b8d46523792d4ff3dd64c876
mead_part0,emotion,loudness,relative,20260920,0,a8890e9f2aca4e1a9819ebb455b86c71bcd16294b8d46523792d4ff3dd64c876
mead_part0,emotion,loudness,hybrid,20260920,0,a8890e9f2aca4e1a9819ebb455b86c71bcd16294b8d46523792d4ff3dd64c876
mead_part0,emotion,loudness,absolute,20260920,1,a8890e9f2aca4e1a9819ebb455b86c71bcd16294b8d46523792d4ff3dd64c876
mead_part0,emotion,loudness,relative,20260920,1,a8890e9f2aca4e1a9819ebb455b86c71bcd16294b8d46523792d4ff3dd64c876
mead_part0,emotion,loudness,hybrid,20260920,1,a8890e9f2aca4e1a9819ebb455b86c71bcd16294b8d46523792d4ff3dd64c876
mead_part0,emotion,loudness,absolute,20260920,2,a8890e9f2aca4e1a9819ebb455b86c71bcd16294b8d46523792d4ff3dd64c876
mead_part0,emotion,loudness,relative,20260920,2,a8890e9f2aca4e1a9819ebb455b86c71bcd16294b8d46523792d4ff3dd64c876
mead_part0,emotion,loudness,hybrid,20260920,2,a8890e9f2aca4e1a9819ebb455b86c71bcd16294b8d46523792d4ff3dd64c876
mead_part0,emotion,loudness,absolute,20260920,3,a8890e9f2aca4e1a9819ebb455b86c71bcd16294b8d46523792d4ff3dd64c876
mead_part0,emotion,loudness,relative,20260920,3,a8890e9f2aca4e1a9819ebb455b86c71bcd16294b8d46523792d4ff3dd64c876
mead_part0,emotion,loudness,hybrid,20260920,3,a8890e9f2aca4e1a9819ebb455b86c71bcd16294b8d46523792d4ff3dd64c876
mead_part0,emotion,loudness,absolute,20260921,0,a8890e9f2aca4e1a9819ebb455b86c71bcd16294b8d46523792d4ff3dd64c876
mead_part0,emotion,loudness,relative,20260921,0,a8890e9f2aca4e1a9819ebb455b86c71bcd16294b8d46523792d4ff3dd64c876
mead_part0,emotion,loudness,hybrid,20260921,0,a8890e9f2aca4e1a9819ebb455b86c71bcd16294b8d46523792d4ff3dd64c876
mead_part0,emotion,loudness,absolute,20260921,1,a8890e9f2aca4e1a9819ebb455b86c71bcd16294b8d46523792d4ff3dd64c876
mead_part0,emotion,loudness,relative,20260921,1,a8890e9f2aca4e1a9819ebb455b86c71bcd16294b8d46523792d4ff3dd64c876
mead_part0,emotion,loudness,hybrid,20260921,1,a8890e9f2aca4e1a9819ebb455b86c71bcd16294b8d46523792d4ff3dd64c876
mead_part0,emotion,loudness,absolute,20260921,2,a8890e9f2aca4e1a9819ebb455b86c71bcd16294b8d46523792d4ff3dd64c876
mead_part0,emotion,loudness,relative,20260921,2,a8890e9f2aca4e1a9819ebb455b86c71bcd16294b8d46523792d4ff3dd64c876
mead_part0,emotion,loudness,hybrid,20260921,2,a8890e9f2aca4e1a9819ebb455b86c71bcd16294b8d46523792d4ff3dd64c876
mead_part0,emotion,loudness,absolute,20260921,3,a8890e9f2aca4e1a9819ebb455b86c71bcd16294b8d46523792d4ff3dd64c876
mead_part0,emotion,loudness,relative,20260921,3,a8890e9f2aca4e1a9819ebb455b86c71bcd16294b8d46523792d4ff3dd64c876
mead_part0,emotion,loudness,hybrid,20260921,3,a8890e9f2aca4e1a9819ebb455b86c71bcd16294b8d46523792d4ff3dd64c876
mead_part0,emotion,loudness,absolute,20260922,0,a8890e9f2aca4e1a9819ebb455b86c71bcd16294b8d46523792d4ff3dd64c876
mead_part0,emotion,loudness,relative,20260922,0,a8890e9f2aca4e1a9819ebb455b86c71bcd16294b8d46523792d4ff3dd64c876
mead_part0,emotion,loudness,hybrid,20260922,0,a8890e9f2aca4e1a9819ebb455b86c71bcd16294b8d46523792d4ff3dd64c876
mead_part0,emotion,loudness,absolute,20260922,1,a8890e9f2aca4e1a9819ebb455b86c71bcd16294b8d46523792d4ff3dd64c876
mead_part0,emotion,loudness,relative,20260922,1,a8890e9f2aca4e1a9819ebb455b86c71bcd16294b8d46523792d4ff3dd64c876
mead_part0,emotion,loudness,hybrid,20260922,1,a8890e9f2aca4e1a9819ebb455b86c71bcd16294b8d46523792d4ff3dd64c876
mead_part0,emotion,loudness,absolute,20260922,2,a8890e9f2aca4e1a9819ebb455b86c71bcd16294b8d46523792d4ff3dd64c876
mead_part0,emotion,loudness,relative,20260922,2,a8890e9f2aca4e1a9819ebb455b86c71bcd16294b8d46523792d4ff3dd64c876
mead_part0,emotion,loudness,hybrid,20260922,2,a8890e9f2aca4e1a9819ebb455b86c71bcd16294b8d46523792d4ff3dd64c876
mead_part0,emotion,loudness,absolute,20260922,3,a8890e9f2aca4e1a9819ebb455b86c71bcd16294b8d46523792d4ff3dd64c876
mead_part0,emotion,loudness,relative,20260922,3,a8890e9f2aca4e1a9819ebb455b86c71bcd16294b8d46523792d4ff3dd64c876
mead_part0,emotion,loudness,hybrid,20260922,3,a8890e9f2aca4e1a9819ebb455b86c71bcd16294b8d46523792d4ff3dd64c876
mead_part0,emotion,rate,absolute,20260920,0,9468e969ee74907712fe120cfe370f0a371b71ba42ac338a94e39c96ef864c95
mead_part0,emotion,rate,relative,20260920,0,9468e969ee74907712fe120cfe370f0a371b71ba42ac338a94e39c96ef864c95
mead_part0,emotion,rate,hybrid,20260920,0,9468e969ee74907712fe120cfe370f0a371b71ba42ac338a94e39c96ef864c95
mead_part0,emotion,rate,absolute,20260920,1,9468e969ee74907712fe120cfe370f0a371b71ba42ac338a94e39c96ef864c95
mead_part0,emotion,rate,relative,20260920,1,9468e969ee74907712fe120cfe370f0a371b71ba42ac338a94e39c96ef864c95
mead_part0,emotion,rate,hybrid,20260920,1,9468e969ee74907712fe120cfe370f0a371b71ba42ac338a94e39c96ef864c95
mead_part0,emotion,rate,absolute,20260920,2,9468e969ee74907712fe120cfe370f0a371b71ba42ac338a94e39c96ef864c95
mead_part0,emotion,rate,relative,20260920,2,9468e969ee74907712fe120cfe370f0a371b71ba42ac338a94e39c96ef864c95
mead_part0,emotion,rate,hybrid,20260920,2,9468e969ee74907712fe120cfe370f0a371b71ba42ac338a94e39c96ef864c95
mead_part0,emotion,rate,absolute,20260920,3,9468e969ee74907712fe120cfe370f0a371b71ba42ac338a94e39c96ef864c95
mead_part0,emotion,rate,relative,20260920,3,9468e969ee74907712fe120cfe370f0a371b71ba42ac338a94e39c96ef864c95
mead_part0,emotion,rate,hybrid,20260920,3,9468e969ee74907712fe120cfe370f0a371b71ba42ac338a94e39c96ef864c95
mead_part0,emotion,rate,absolute,20260921,0,9468e969ee74907712fe120cfe370f0a371b71ba42ac338a94e39c96ef864c95
mead_part0,emotion,rate,relative,20260921,0,9468e969ee74907712fe120cfe370f0a371b71ba42ac338a94e39c96ef864c95
mead_part0,emotion,rate,hybrid,20260921,0,9468e969ee74907712fe120cfe370f0a371b71ba42ac338a94e39c96ef864c95
mead_part0,emotion,rate,absolute,20260921,1,9468e969ee74907712fe120cfe370f0a371b71ba42ac338a94e39c96ef864c95
mead_part0,emotion,rate,relative,20260921,1,9468e969ee74907712fe120cfe370f0a371b71ba42ac338a94e39c96ef864c95
mead_part0,emotion,rate,hybrid,20260921,1,9468e969ee74907712fe120cfe370f0a371b71ba42ac338a94e39c96ef864c95
mead_part0,emotion,rate,absolute,20260921,2,9468e969ee74907712fe120cfe370f0a371b71ba42ac338a94e39c96ef864c95
mead_part0,emotion,rate,relative,20260921,2,9468e969ee74907712fe120cfe370f0a371b71ba42ac338a94e39c96ef864c95
mead_part0,emotion,rate,hybrid,20260921,2,9468e969ee74907712fe120cfe370f0a371b71ba42ac338a94e39c96ef864c95
mead_part0,emotion,rate,absolute,20260921,3,9468e969ee74907712fe120cfe370f0a371b71ba42ac338a94e39c96ef864c95
mead_part0,emotion,rate,relative,20260921,3,9468e969ee74907712fe120cfe370f0a371b71ba42ac338a94e39c96ef864c95
mead_part0,emotion,rate,hybrid,20260921,3,9468e969ee74907712fe120cfe370f0a371b71ba42ac338a94e39c96ef864c95
mead_part0,emotion,rate,absolute,20260922,0,9468e969ee74907712fe120cfe370f0a371b71ba42ac338a94e39c96ef864c95
mead_part0,emotion,rate,relative,20260922,0,9468e969ee74907712fe120cfe370f0a371b71ba42ac338a94e39c96ef864c95
mead_part0,emotion,rate,hybrid,20260922,0,9468e969ee74907712fe120cfe370f0a371b71ba42ac338a94e39c96ef864c95
mead_part0,emotion,rate,absolute,20260922,1,9468e969ee74907712fe120cfe370f0a371b71ba42ac338a94e39c96ef864c95
mead_part0,emotion,rate,relative,20260922,1,9468e969ee74907712fe120cfe370f0a371b71ba42ac338a94e39c96ef864c95
mead_part0,emotion,rate,hybrid,20260922,1,9468e969ee74907712fe120cfe370f0a371b71ba42ac338a94e39c96ef864c95
mead_part0,emotion,rate,absolute,20260922,2,9468e969ee74907712fe120cfe370f0a371b71ba42ac338a94e39c96ef864c95
mead_part0,emotion,rate,relative,20260922,2,9468e969ee74907712fe120cfe370f0a371b71ba42ac338a94e39c96ef864c95
mead_part0,emotion,rate,hybrid,20260922,2,9468e969ee74907712fe120cfe370f0a371b71ba42ac338a94e39c96ef864c95
mead_part0,emotion,rate,absolute,20260922,3,9468e969ee74907712fe120cfe370f0a371b71ba42ac338a94e39c96ef864c95
mead_part0,emotion,rate,relative,20260922,3,9468e969ee74907712fe120cfe370f0a371b71ba42ac338a94e39c96ef864c95
mead_part0,emotion,rate,hybrid,20260922,3,9468e969ee74907712fe120cfe370f0a371b71ba42ac338a94e39c96ef864c95
mead_part0,emotion,all,absolute,20260920,0,15f4ed0166c2f434dda8d50b42c113ca41db43deb81cf2ee8739c053cc557246
mead_part0,emotion,all,relative,20260920,0,15f4ed0166c2f434dda8d50b42c113ca41db43deb81cf2ee8739c053cc557246
mead_part0,emotion,all,hybrid,20260920,0,15f4ed0166c2f434dda8d50b42c113ca41db43deb81cf2ee8739c053cc557246
mead_part0,emotion,all,absolute,20260920,1,15f4ed0166c2f434dda8d50b42c113ca41db43deb81cf2ee8739c053cc557246
mead_part0,emotion,all,relative,20260920,1,15f4ed0166c2f434dda8d50b42c113ca41db43deb81cf2ee8739c053cc557246
mead_part0,emotion,all,hybrid,20260920,1,15f4ed0166c2f434dda8d50b42c113ca41db43deb81cf2ee8739c053cc557246
mead_part0,emotion,all,absolute,20260920,2,15f4ed0166c2f434dda8d50b42c113ca41db43deb81cf2ee8739c053cc557246
mead_part0,emotion,all,relative,20260920,2,15f4ed0166c2f434dda8d50b42c113ca41db43deb81cf2ee8739c053cc557246
mead_part0,emotion,all,hybrid,20260920,2,15f4ed0166c2f434dda8d50b42c113ca41db43deb81cf2ee8739c053cc557246
mead_part0,emotion,all,absolute,20260920,3,15f4ed0166c2f434dda8d50b42c113ca41db43deb81cf2ee8739c053cc557246
mead_part0,emotion,all,relative,20260920,3,15f4ed0166c2f434dda8d50b42c113ca41db43deb81cf2ee8739c053cc557246
mead_part0,emotion,all,hybrid,20260920,3,15f4ed0166c2f434dda8d50b42c113ca41db43deb81cf2ee8739c053cc557246
mead_part0,emotion,all,absolute,20260921,0,15f4ed0166c2f434dda8d50b42c113ca41db43deb81cf2ee8739c053cc557246
mead_part0,emotion,all,relative,20260921,0,15f4ed0166c2f434dda8d50b42c113ca41db43deb81cf2ee8739c053cc557246
mead_part0,emotion,all,hybrid,20260921,0,15f4ed0166c2f434dda8d50b42c113ca41db43deb81cf2ee8739c053cc557246
mead_part0,emotion,all,absolute,20260921,1,15f4ed0166c2f434dda8d50b42c113ca41db43deb81cf2ee8739c053cc557246
mead_part0,emotion,all,relative,20260921,1,15f4ed0166c2f434dda8d50b42c113ca41db43deb81cf2ee8739c053cc557246
mead_part0,emotion,all,hybrid,20260921,1,15f4ed0166c2f434dda8d50b42c113ca41db43deb81cf2ee8739c053cc557246
mead_part0,emotion,all,absolute,20260921,2,15f4ed0166c2f434dda8d50b42c113ca41db43deb81cf2ee8739c053cc557246
mead_part0,emotion,all,relative,20260921,2,15f4ed0166c2f434dda8d50b42c113ca41db43deb81cf2ee8739c053cc557246
mead_part0,emotion,all,hybrid,20260921,2,15f4ed0166c2f434dda8d50b42c113ca41db43deb81cf2ee8739c053cc557246
mead_part0,emotion,all,absolute,20260921,3,15f4ed0166c2f434dda8d50b42c113ca41db43deb81cf2ee8739c053cc557246
mead_part0,emotion,all,relative,20260921,3,15f4ed0166c2f434dda8d50b42c113ca41db43deb81cf2ee8739c053cc557246
mead_part0,emotion,all,hybrid,20260921,3,15f4ed0166c2f434dda8d50b42c113ca41db43deb81cf2ee8739c053cc557246
mead_part0,emotion,all,absolute,20260922,0,15f4ed0166c2f434dda8d50b42c113ca41db43deb81cf2ee8739c053cc557246
mead_part0,emotion,all,relative,20260922,0,15f4ed0166c2f434dda8d50b42c113ca41db43deb81cf2ee8739c053cc557246
mead_part0,emotion,all,hybrid,20260922,0,15f4ed0166c2f434dda8d50b42c113ca41db43deb81cf2ee8739c053cc557246
mead_part0,emotion,all,absolute,20260922,1,15f4ed0166c2f434dda8d50b42c113ca41db43deb81cf2ee8739c053cc557246
mead_part0,emotion,all,relative,20260922,1,15f4ed0166c2f434dda8d50b42c113ca41db43deb81cf2ee8739c053cc557246
mead_part0,emotion,all,hybrid,20260922,1,15f4ed0166c2f434dda8d50b42c113ca41db43deb81cf2ee8739c053cc557246
mead_part0,emotion,all,absolute,20260922,2,15f4ed0166c2f434dda8d50b42c113ca41db43deb81cf2ee8739c053cc557246
mead_part0,emotion,all,relative,20260922,2,15f4ed0166c2f434dda8d50b42c113ca41db43deb81cf2ee8739c053cc557246
mead_part0,emotion,all,hybrid,20260922,2,15f4ed0166c2f434dda8d50b42c113ca41db43deb81cf2ee8739c053cc557246
mead_part0,emotion,all,absolute,20260922,3,15f4ed0166c2f434dda8d50b42c113ca41db43deb81cf2ee8739c053cc557246
mead_part0,emotion,all,relative,20260922,3,15f4ed0166c2f434dda8d50b42c113ca41db43deb81cf2ee8739c053cc557246
mead_part0,emotion,all,hybrid,20260922,3,15f4ed0166c2f434dda8d50b42c113ca41db43deb81cf2ee8739c053cc557246
mead_part0,gender,pitch,absolute,20260920,0,098ee87999469cfbd4aefe4970640edd061b7916a2495d8ecec4e674a323c9bf
mead_part0,gender,pitch,relative,20260920,0,098ee87999469cfbd4aefe4970640edd061b7916a2495d8ecec4e674a323c9bf
mead_part0,gender,pitch,hybrid,20260920,0,098ee87999469cfbd4aefe4970640edd061b7916a2495d8ecec4e674a323c9bf
mead_part0,gender,pitch,absolute,20260920,1,098ee87999469cfbd4aefe4970640edd061b7916a2495d8ecec4e674a323c9bf
mead_part0,gender,pitch,relative,20260920,1,098ee87999469cfbd4aefe4970640edd061b7916a2495d8ecec4e674a323c9bf
mead_part0,gender,pitch,hybrid,20260920,1,098ee87999469cfbd4aefe4970640edd061b7916a2495d8ecec4e674a323c9bf
mead_part0,gender,pitch,absolute,20260920,2,098ee87999469cfbd4aefe4970640edd061b7916a2495d8ecec4e674a323c9bf
mead_part0,gender,pitch,relative,20260920,2,098ee87999469cfbd4aefe4970640edd061b7916a2495d8ecec4e674a323c9bf
mead_part0,gender,pitch,hybrid,20260920,2,098ee87999469cfbd4aefe4970640edd061b7916a2495d8ecec4e674a323c9bf
mead_part0,gender,pitch,absolute,20260920,3,098ee87999469cfbd4aefe4970640edd061b7916a2495d8ecec4e674a323c9bf
mead_part0,gender,pitch,relative,20260920,3,098ee87999469cfbd4aefe4970640edd061b7916a2495d8ecec4e674a323c9bf
mead_part0,gender,pitch,hybrid,20260920,3,098ee87999469cfbd4aefe4970640edd061b7916a2495d8ecec4e674a323c9bf
mead_part0,gender,pitch,absolute,20260921,0,098ee87999469cfbd4aefe4970640edd061b7916a2495d8ecec4e674a323c9bf
mead_part0,gender,pitch,relative,20260921,0,098ee87999469cfbd4aefe4970640edd061b7916a2495d8ecec4e674a323c9bf
mead_part0,gender,pitch,hybrid,20260921,0,098ee87999469cfbd4aefe4970640edd061b7916a2495d8ecec4e674a323c9bf
mead_part0,gender,pitch,absolute,20260921,1,098ee87999469cfbd4aefe4970640edd061b7916a2495d8ecec4e674a323c9bf
mead_part0,gender,pitch,relative,20260921,1,098ee87999469cfbd4aefe4970640edd061b7916a2495d8ecec4e674a323c9bf
mead_part0,gender,pitch,hybrid,20260921,1,098ee87999469cfbd4aefe4970640edd061b7916a2495d8ecec4e674a323c9bf
mead_part0,gender,pitch,absolute,20260921,2,098ee87999469cfbd4aefe4970640edd061b7916a2495d8ecec4e674a323c9bf
mead_part0,gender,pitch,relative,20260921,2,098ee87999469cfbd4aefe4970640edd061b7916a2495d8ecec4e674a323c9bf
mead_part0,gender,pitch,hybrid,20260921,2,098ee87999469cfbd4aefe4970640edd061b7916a2495d8ecec4e674a323c9bf
mead_part0,gender,pitch,absolute,20260921,3,098ee87999469cfbd4aefe4970640edd061b7916a2495d8ecec4e674a323c9bf
mead_part0,gender,pitch,relative,20260921,3,098ee87999469cfbd4aefe4970640edd061b7916a2495d8ecec4e674a323c9bf
mead_part0,gender,pitch,hybrid,20260921,3,098ee87999469cfbd4aefe4970640edd061b7916a2495d8ecec4e674a323c9bf
mead_part0,gender,pitch,absolute,20260922,0,098ee87999469cfbd4aefe4970640edd061b7916a2495d8ecec4e674a323c9bf
mead_part0,gender,pitch,relative,20260922,0,098ee87999469cfbd4aefe4970640edd061b7916a2495d8ecec4e674a323c9bf
mead_part0,gender,pitch,hybrid,20260922,0,098ee87999469cfbd4aefe4970640edd061b7916a2495d8ecec4e674a323c9bf
mead_part0,gender,pitch,absolute,20260922,1,098ee87999469cfbd4aefe4970640edd061b7916a2495d8ecec4e674a323c9bf
mead_part0,gender,pitch,relative,20260922,1,098ee87999469cfbd4aefe4970640edd061b7916a2495d8ecec4e674a323c9bf
mead_part0,gender,pitch,hybrid,20260922,1,098ee87999469cfbd4aefe4970640edd061b7916a2495d8ecec4e674a323c9bf
mead_part0,gender,pitch,absolute,20260922,2,098ee87999469cfbd4aefe4970640edd061b7916a2495d8ecec4e674a323c9bf
mead_part0,gender,pitch,relative,20260922,2,098ee87999469cfbd4aefe4970640edd061b7916a2495d8ecec4e674a323c9bf
mead_part0,gender,pitch,hybrid,20260922,2,098ee87999469cfbd4aefe4970640edd061b7916a2495d8ecec4e674a323c9bf
mead_part0,gender,pitch,absolute,20260922,3,098ee87999469cfbd4aefe4970640edd061b7916a2495d8ecec4e674a323c9bf
mead_part0,gender,pitch,relative,20260922,3,098ee87999469cfbd4aefe4970640edd061b7916a2495d8ecec4e674a323c9bf
mead_part0,gender,pitch,hybrid,20260922,3,098ee87999469cfbd4aefe4970640edd061b7916a2495d8ecec4e674a323c9bf
mead_part0,gender,loudness,absolute,20260920,0,244b78c24dbe70a4b064d758184fc44456553bae5607e4a86d15b52f1e4e4a66
mead_part0,gender,loudness,relative,20260920,0,244b78c24dbe70a4b064d758184fc44456553bae5607e4a86d15b52f1e4e4a66
mead_part0,gender,loudness,hybrid,20260920,0,244b78c24dbe70a4b064d758184fc44456553bae5607e4a86d15b52f1e4e4a66
mead_part0,gender,loudness,absolute,20260920,1,244b78c24dbe70a4b064d758184fc44456553bae5607e4a86d15b52f1e4e4a66
mead_part0,gender,loudness,relative,20260920,1,244b78c24dbe70a4b064d758184fc44456553bae5607e4a86d15b52f1e4e4a66
mead_part0,gender,loudness,hybrid,20260920,1,244b78c24dbe70a4b064d758184fc44456553bae5607e4a86d15b52f1e4e4a66
mead_part0,gender,loudness,absolute,20260920,2,244b78c24dbe70a4b064d758184fc44456553bae5607e4a86d15b52f1e4e4a66
mead_part0,gender,loudness,relative,20260920,2,244b78c24dbe70a4b064d758184fc44456553bae5607e4a86d15b52f1e4e4a66
mead_part0,gender,loudness,hybrid,20260920,2,244b78c24dbe70a4b064d758184fc44456553bae5607e4a86d15b52f1e4e4a66
mead_part0,gender,loudness,absolute,20260920,3,244b78c24dbe70a4b064d758184fc44456553bae5607e4a86d15b52f1e4e4a66
mead_part0,gender,loudness,relative,20260920,3,244b78c24dbe70a4b064d758184fc44456553bae5607e4a86d15b52f1e4e4a66
mead_part0,gender,loudness,hybrid,20260920,3,244b78c24dbe70a4b064d758184fc44456553bae5607e4a86d15b52f1e4e4a66
mead_part0,gender,loudness,absolute,20260921,0,244b78c24dbe70a4b064d758184fc44456553bae5607e4a86d15b52f1e4e4a66
mead_part0,gender,loudness,relative,20260921,0,244b78c24dbe70a4b064d758184fc44456553bae5607e4a86d15b52f1e4e4a66
mead_part0,gender,loudness,hybrid,20260921,0,244b78c24dbe70a4b064d758184fc44456553bae5607e4a86d15b52f1e4e4a66
mead_part0,gender,loudness,absolute,20260921,1,244b78c24dbe70a4b064d758184fc44456553bae5607e4a86d15b52f1e4e4a66
mead_part0,gender,loudness,relative,20260921,1,244b78c24dbe70a4b064d758184fc44456553bae5607e4a86d15b52f1e4e4a66
mead_part0,gender,loudness,hybrid,20260921,1,244b78c24dbe70a4b064d758184fc44456553bae5607e4a86d15b52f1e4e4a66
mead_part0,gender,loudness,absolute,20260921,2,244b78c24dbe70a4b064d758184fc44456553bae5607e4a86d15b52f1e4e4a66
mead_part0,gender,loudness,relative,20260921,2,244b78c24dbe70a4b064d758184fc44456553bae5607e4a86d15b52f1e4e4a66
mead_part0,gender,loudness,hybrid,20260921,2,244b78c24dbe70a4b064d758184fc44456553bae5607e4a86d15b52f1e4e4a66
mead_part0,gender,loudness,absolute,20260921,3,244b78c24dbe70a4b064d758184fc44456553bae5607e4a86d15b52f1e4e4a66
mead_part0,gender,loudness,relative,20260921,3,244b78c24dbe70a4b064d758184fc44456553bae5607e4a86d15b52f1e4e4a66
mead_part0,gender,loudness,hybrid,20260921,3,244b78c24dbe70a4b064d758184fc44456553bae5607e4a86d15b52f1e4e4a66
mead_part0,gender,loudness,absolute,20260922,0,244b78c24dbe70a4b064d758184fc44456553bae5607e4a86d15b52f1e4e4a66
mead_part0,gender,loudness,relative,20260922,0,244b78c24dbe70a4b064d758184fc44456553bae5607e4a86d15b52f1e4e4a66
mead_part0,gender,loudness,hybrid,20260922,0,244b78c24dbe70a4b064d758184fc44456553bae5607e4a86d15b52f1e4e4a66
mead_part0,gender,loudness,absolute,20260922,1,244b78c24dbe70a4b064d758184fc44456553bae5607e4a86d15b52f1e4e4a66
mead_part0,gender,loudness,relative,20260922,1,244b78c24dbe70a4b064d758184fc44456553bae5607e4a86d15b52f1e4e4a66
mead_part0,gender,loudness,hybrid,20260922,1,244b78c24dbe70a4b064d758184fc44456553bae5607e4a86d15b52f1e4e4a66
mead_part0,gender,loudness,absolute,20260922,2,244b78c24dbe70a4b064d758184fc44456553bae5607e4a86d15b52f1e4e4a66
mead_part0,gender,loudness,relative,20260922,2,244b78c24dbe70a4b064d758184fc44456553bae5607e4a86d15b52f1e4e4a66
mead_part0,gender,loudness,hybrid,20260922,2,244b78c24dbe70a4b064d758184fc44456553bae5607e4a86d15b52f1e4e4a66
mead_part0,gender,loudness,absolute,20260922,3,244b78c24dbe70a4b064d758184fc44456553bae5607e4a86d15b52f1e4e4a66
mead_part0,gender,loudness,relative,20260922,3,244b78c24dbe70a4b064d758184fc44456553bae5607e4a86d15b52f1e4e4a66
mead_part0,gender,loudness,hybrid,20260922,3,244b78c24dbe70a4b064d758184fc44456553bae5607e4a86d15b52f1e4e4a66
mead_part0,gender,rate,absolute,20260920,0,56cab2a2cf91a8ce52908860387f46e5953a8c361cae12f9f34aadaa427a7fcf
mead_part0,gender,rate,relative,20260920,0,56cab2a2cf91a8ce52908860387f46e5953a8c361cae12f9f34aadaa427a7fcf
mead_part0,gender,rate,hybrid,20260920,0,56cab2a2cf91a8ce52908860387f46e5953a8c361cae12f9f34aadaa427a7fcf
mead_part0,gender,rate,absolute,20260920,1,56cab2a2cf91a8ce52908860387f46e5953a8c361cae12f9f34aadaa427a7fcf
mead_part0,gender,rate,relative,20260920,1,56cab2a2cf91a8ce52908860387f46e5953a8c361cae12f9f34aadaa427a7fcf
mead_part0,gender,rate,hybrid,20260920,1,56cab2a2cf91a8ce52908860387f46e5953a8c361cae12f9f34aadaa427a7fcf
mead_part0,gender,rate,absolute,20260920,2,56cab2a2cf91a8ce52908860387f46e5953a8c361cae12f9f34aadaa427a7fcf
mead_part0,gender,rate,relative,20260920,2,56cab2a2cf91a8ce52908860387f46e5953a8c361cae12f9f34aadaa427a7fcf
mead_part0,gender,rate,hybrid,20260920,2,56cab2a2cf91a8ce52908860387f46e5953a8c361cae12f9f34aadaa427a7fcf
mead_part0,gender,rate,absolute,20260920,3,56cab2a2cf91a8ce52908860387f46e5953a8c361cae12f9f34aadaa427a7fcf
mead_part0,gender,rate,relative,20260920,3,56cab2a2cf91a8ce52908860387f46e5953a8c361cae12f9f34aadaa427a7fcf
mead_part0,gender,rate,hybrid,20260920,3,56cab2a2cf91a8ce52908860387f46e5953a8c361cae12f9f34aadaa427a7fcf
mead_part0,gender,rate,absolute,20260921,0,56cab2a2cf91a8ce52908860387f46e5953a8c361cae12f9f34aadaa427a7fcf
mead_part0,gender,rate,relative,20260921,0,56cab2a2cf91a8ce52908860387f46e5953a8c361cae12f9f34aadaa427a7fcf
mead_part0,gender,rate,hybrid,20260921,0,56cab2a2cf91a8ce52908860387f46e5953a8c361cae12f9f34aadaa427a7fcf
mead_part0,gender,rate,absolute,20260921,1,56cab2a2cf91a8ce52908860387f46e5953a8c361cae12f9f34aadaa427a7fcf
mead_part0,gender,rate,relative,20260921,1,56cab2a2cf91a8ce52908860387f46e5953a8c361cae12f9f34aadaa427a7fcf
mead_part0,gender,rate,hybrid,20260921,1,56cab2a2cf91a8ce52908860387f46e5953a8c361cae12f9f34aadaa427a7fcf
mead_part0,gender,rate,absolute,20260921,2,56cab2a2cf91a8ce52908860387f46e5953a8c361cae12f9f34aadaa427a7fcf
mead_part0,gender,rate,relative,20260921,2,56cab2a2cf91a8ce52908860387f46e5953a8c361cae12f9f34aadaa427a7fcf
mead_part0,gender,rate,hybrid,20260921,2,56cab2a2cf91a8ce52908860387f46e5953a8c361cae12f9f34aadaa427a7fcf
mead_part0,gender,rate,absolute,20260921,3,56cab2a2cf91a8ce52908860387f46e5953a8c361cae12f9f34aadaa427a7fcf
mead_part0,gender,rate,relative,20260921,3,56cab2a2cf91a8ce52908860387f46e5953a8c361cae12f9f34aadaa427a7fcf
mead_part0,gender,rate,hybrid,20260921,3,56cab2a2cf91a8ce52908860387f46e5953a8c361cae12f9f34aadaa427a7fcf
mead_part0,gender,rate,absolute,20260922,0,56cab2a2cf91a8ce52908860387f46e5953a8c361cae12f9f34aadaa427a7fcf
mead_part0,gender,rate,relative,20260922,0,56cab2a2cf91a8ce52908860387f46e5953a8c361cae12f9f34aadaa427a7fcf
mead_part0,gender,rate,hybrid,20260922,0,56cab2a2cf91a8ce52908860387f46e5953a8c361cae12f9f34aadaa427a7fcf
mead_part0,gender,rate,absolute,20260922,1,56cab2a2cf91a8ce52908860387f46e5953a8c361cae12f9f34aadaa427a7fcf
mead_part0,gender,rate,relative,20260922,1,56cab2a2cf91a8ce52908860387f46e5953a8c361cae12f9f34aadaa427a7fcf
mead_part0,gender,rate,hybrid,20260922,1,56cab2a2cf91a8ce52908860387f46e5953a8c361cae12f9f34aadaa427a7fcf
mead_part0,gender,rate,absolute,20260922,2,56cab2a2cf91a8ce52908860387f46e5953a8c361cae12f9f34aadaa427a7fcf
mead_part0,gender,rate,relative,20260922,2,56cab2a2cf91a8ce52908860387f46e5953a8c361cae12f9f34aadaa427a7fcf
mead_part0,gender,rate,hybrid,20260922,2,56cab2a2cf91a8ce52908860387f46e5953a8c361cae12f9f34aadaa427a7fcf
mead_part0,gender,rate,absolute,20260922,3,56cab2a2cf91a8ce52908860387f46e5953a8c361cae12f9f34aadaa427a7fcf
mead_part0,gender,rate,relative,20260922,3,56cab2a2cf91a8ce52908860387f46e5953a8c361cae12f9f34aadaa427a7fcf
mead_part0,gender,rate,hybrid,20260922,3,56cab2a2cf91a8ce52908860387f46e5953a8c361cae12f9f34aadaa427a7fcf
mead_part0,gender,all,absolute,20260920,0,dbd29e348ec16639a667a48fbe8980a22fd5d1a8c5ed24bffca105212f7d0044
mead_part0,gender,all,relative,20260920,0,dbd29e348ec16639a667a48fbe8980a22fd5d1a8c5ed24bffca105212f7d0044
mead_part0,gender,all,hybrid,20260920,0,dbd29e348ec16639a667a48fbe8980a22fd5d1a8c5ed24bffca105212f7d0044
mead_part0,gender,all,absolute,20260920,1,dbd29e348ec16639a667a48fbe8980a22fd5d1a8c5ed24bffca105212f7d0044
mead_part0,gender,all,relative,20260920,1,dbd29e348ec16639a667a48fbe8980a22fd5d1a8c5ed24bffca105212f7d0044
mead_part0,gender,all,hybrid,20260920,1,dbd29e348ec16639a667a48fbe8980a22fd5d1a8c5ed24bffca105212f7d0044
mead_part0,gender,all,absolute,20260920,2,dbd29e348ec16639a667a48fbe8980a22fd5d1a8c5ed24bffca105212f7d0044
mead_part0,gender,all,relative,20260920,2,dbd29e348ec16639a667a48fbe8980a22fd5d1a8c5ed24bffca105212f7d0044
mead_part0,gender,all,hybrid,20260920,2,dbd29e348ec16639a667a48fbe8980a22fd5d1a8c5ed24bffca105212f7d0044
mead_part0,gender,all,absolute,20260920,3,dbd29e348ec16639a667a48fbe8980a22fd5d1a8c5ed24bffca105212f7d0044
mead_part0,gender,all,relative,20260920,3,dbd29e348ec16639a667a48fbe8980a22fd5d1a8c5ed24bffca105212f7d0044
mead_part0,gender,all,hybrid,20260920,3,dbd29e348ec16639a667a48fbe8980a22fd5d1a8c5ed24bffca105212f7d0044
mead_part0,gender,all,absolute,20260921,0,dbd29e348ec16639a667a48fbe8980a22fd5d1a8c5ed24bffca105212f7d0044
mead_part0,gender,all,relative,20260921,0,dbd29e348ec16639a667a48fbe8980a22fd5d1a8c5ed24bffca105212f7d0044
mead_part0,gender,all,hybrid,20260921,0,dbd29e348ec16639a667a48fbe8980a22fd5d1a8c5ed24bffca105212f7d0044
mead_part0,gender,all,absolute,20260921,1,dbd29e348ec16639a667a48fbe8980a22fd5d1a8c5ed24bffca105212f7d0044
mead_part0,gender,all,relative,20260921,1,dbd29e348ec16639a667a48fbe8980a22fd5d1a8c5ed24bffca105212f7d0044
mead_part0,gender,all,hybrid,20260921,1,dbd29e348ec16639a667a48fbe8980a22fd5d1a8c5ed24bffca105212f7d0044
mead_part0,gender,all,absolute,20260921,2,dbd29e348ec16639a667a48fbe8980a22fd5d1a8c5ed24bffca105212f7d0044
mead_part0,gender,all,relative,20260921,2,dbd29e348ec16639a667a48fbe8980a22fd5d1a8c5ed24bffca105212f7d0044
mead_part0,gender,all,hybrid,20260921,2,dbd29e348ec16639a667a48fbe8980a22fd5d1a8c5ed24bffca105212f7d0044
mead_part0,gender,all,absolute,20260921,3,dbd29e348ec16639a667a48fbe8980a22fd5d1a8c5ed24bffca105212f7d0044
mead_part0,gender,all,relative,20260921,3,dbd29e348ec16639a667a48fbe8980a22fd5d1a8c5ed24bffca105212f7d0044
mead_part0,gender,all,hybrid,20260921,3,dbd29e348ec16639a667a48fbe8980a22fd5d1a8c5ed24bffca105212f7d0044
mead_part0,gender,all,absolute,20260922,0,dbd29e348ec16639a667a48fbe8980a22fd5d1a8c5ed24bffca105212f7d0044
mead_part0,gender,all,relative,20260922,0,dbd29e348ec16639a667a48fbe8980a22fd5d1a8c5ed24bffca105212f7d0044
mead_part0,gender,all,hybrid,20260922,0,dbd29e348ec16639a667a48fbe8980a22fd5d1a8c5ed24bffca105212f7d0044
mead_part0,gender,all,absolute,20260922,1,dbd29e348ec16639a667a48fbe8980a22fd5d1a8c5ed24bffca105212f7d0044
mead_part0,gender,all,relative,20260922,1,dbd29e348ec16639a667a48fbe8980a22fd5d1a8c5ed24bffca105212f7d0044
mead_part0,gender,all,hybrid,20260922,1,dbd29e348ec16639a667a48fbe8980a22fd5d1a8c5ed24bffca105212f7d0044
mead_part0,gender,all,absolute,20260922,2,dbd29e348ec16639a667a48fbe8980a22fd5d1a8c5ed24bffca105212f7d0044
mead_part0,gender,all,relative,20260922,2,dbd29e348ec16639a667a48fbe8980a22fd5d1a8c5ed24bffca105212f7d0044
mead_part0,gender,all,hybrid,20260922,2,dbd29e348ec16639a667a48fbe8980a22fd5d1a8c5ed24bffca105212f7d0044
mead_part0,gender,all,absolute,20260922,3,dbd29e348ec16639a667a48fbe8980a22fd5d1a8c5ed24bffca105212f7d0044
mead_part0,gender,all,relative,20260922,3,dbd29e348ec16639a667a48fbe8980a22fd5d1a8c5ed24bffca105212f7d0044
mead_part0,gender,all,hybrid,20260922,3,dbd29e348ec16639a667a48fbe8980a22fd5d1a8c5ed24bffca105212f7d0044
ravdess_speech,emotion,pitch,absolute,20260920,0,6ccc4db138d6897c3badb07b8206bcdaff88dc6f2b797f7d3019125281ecf9bc
ravdess_speech,emotion,pitch,relative,20260920,0,6ccc4db138d6897c3badb07b8206bcdaff88dc6f2b797f7d3019125281ecf9bc
ravdess_speech,emotion,pitch,hybrid,20260920,0,6ccc4db138d6897c3badb07b8206bcdaff88dc6f2b797f7d3019125281ecf9bc
ravdess_speech,emotion,pitch,absolute,20260920,1,6ccc4db138d6897c3badb07b8206bcdaff88dc6f2b797f7d3019125281ecf9bc
ravdess_speech,emotion,pitch,relative,20260920,1,6ccc4db138d6897c3badb07b8206bcdaff88dc6f2b797f7d3019125281ecf9bc
ravdess_speech,emotion,pitch,hybrid,20260920,1,6ccc4db138d6897c3badb07b8206bcdaff88dc6f2b797f7d3019125281ecf9bc
ravdess_speech,emotion,pitch,absolute,20260920,2,6ccc4db138d6897c3badb07b8206bcdaff88dc6f2b797f7d3019125281ecf9bc
ravdess_speech,emotion,pitch,relative,20260920,2,6ccc4db138d6897c3badb07b8206bcdaff88dc6f2b797f7d3019125281ecf9bc
ravdess_speech,emotion,pitch,hybrid,20260920,2,6ccc4db138d6897c3badb07b8206bcdaff88dc6f2b797f7d3019125281ecf9bc
ravdess_speech,emotion,pitch,absolute,20260920,3,6ccc4db138d6897c3badb07b8206bcdaff88dc6f2b797f7d3019125281ecf9bc
ravdess_speech,emotion,pitch,relative,20260920,3,6ccc4db138d6897c3badb07b8206bcdaff88dc6f2b797f7d3019125281ecf9bc
ravdess_speech,emotion,pitch,hybrid,20260920,3,6ccc4db138d6897c3badb07b8206bcdaff88dc6f2b797f7d3019125281ecf9bc
ravdess_speech,emotion,pitch,absolute,20260921,0,6ccc4db138d6897c3badb07b8206bcdaff88dc6f2b797f7d3019125281ecf9bc
ravdess_speech,emotion,pitch,relative,20260921,0,6ccc4db138d6897c3badb07b8206bcdaff88dc6f2b797f7d3019125281ecf9bc
ravdess_speech,emotion,pitch,hybrid,20260921,0,6ccc4db138d6897c3badb07b8206bcdaff88dc6f2b797f7d3019125281ecf9bc
ravdess_speech,emotion,pitch,absolute,20260921,1,6ccc4db138d6897c3badb07b8206bcdaff88dc6f2b797f7d3019125281ecf9bc
ravdess_speech,emotion,pitch,relative,20260921,1,6ccc4db138d6897c3badb07b8206bcdaff88dc6f2b797f7d3019125281ecf9bc
ravdess_speech,emotion,pitch,hybrid,20260921,1,6ccc4db138d6897c3badb07b8206bcdaff88dc6f2b797f7d3019125281ecf9bc
ravdess_speech,emotion,pitch,absolute,20260921,2,6ccc4db138d6897c3badb07b8206bcdaff88dc6f2b797f7d3019125281ecf9bc
ravdess_speech,emotion,pitch,relative,20260921,2,6ccc4db138d6897c3badb07b8206bcdaff88dc6f2b797f7d3019125281ecf9bc
ravdess_speech,emotion,pitch,hybrid,20260921,2,6ccc4db138d6897c3badb07b8206bcdaff88dc6f2b797f7d3019125281ecf9bc
ravdess_speech,emotion,pitch,absolute,20260921,3,6ccc4db138d6897c3badb07b8206bcdaff88dc6f2b797f7d3019125281ecf9bc
ravdess_speech,emotion,pitch,relative,20260921,3,6ccc4db138d6897c3badb07b8206bcdaff88dc6f2b797f7d3019125281ecf9bc
ravdess_speech,emotion,pitch,hybrid,20260921,3,6ccc4db138d6897c3badb07b8206bcdaff88dc6f2b797f7d3019125281ecf9bc
ravdess_speech,emotion,pitch,absolute,20260922,0,6ccc4db138d6897c3badb07b8206bcdaff88dc6f2b797f7d3019125281ecf9bc
ravdess_speech,emotion,pitch,relative,20260922,0,6ccc4db138d6897c3badb07b8206bcdaff88dc6f2b797f7d3019125281ecf9bc
ravdess_speech,emotion,pitch,hybrid,20260922,0,6ccc4db138d6897c3badb07b8206bcdaff88dc6f2b797f7d3019125281ecf9bc
ravdess_speech,emotion,pitch,absolute,20260922,1,6ccc4db138d6897c3badb07b8206bcdaff88dc6f2b797f7d3019125281ecf9bc
ravdess_speech,emotion,pitch,relative,20260922,1,6ccc4db138d6897c3badb07b8206bcdaff88dc6f2b797f7d3019125281ecf9bc
ravdess_speech,emotion,pitch,hybrid,20260922,1,6ccc4db138d6897c3badb07b8206bcdaff88dc6f2b797f7d3019125281ecf9bc
ravdess_speech,emotion,pitch,absolute,20260922,2,6ccc4db138d6897c3badb07b8206bcdaff88dc6f2b797f7d3019125281ecf9bc
ravdess_speech,emotion,pitch,relative,20260922,2,6ccc4db138d6897c3badb07b8206bcdaff88dc6f2b797f7d3019125281ecf9bc
ravdess_speech,emotion,pitch,hybrid,20260922,2,6ccc4db138d6897c3badb07b8206bcdaff88dc6f2b797f7d3019125281ecf9bc
ravdess_speech,emotion,pitch,absolute,20260922,3,6ccc4db138d6897c3badb07b8206bcdaff88dc6f2b797f7d3019125281ecf9bc
ravdess_speech,emotion,pitch,relative,20260922,3,6ccc4db138d6897c3badb07b8206bcdaff88dc6f2b797f7d3019125281ecf9bc
ravdess_speech,emotion,pitch,hybrid,20260922,3,6ccc4db138d6897c3badb07b8206bcdaff88dc6f2b797f7d3019125281ecf9bc
ravdess_speech,emotion,loudness,absolute,20260920,0,7a1b27a1e0b254856c8ffab3a9ae2379232e210125ac5ebfcc30cddb1fdfd929
ravdess_speech,emotion,loudness,relative,20260920,0,7a1b27a1e0b254856c8ffab3a9ae2379232e210125ac5ebfcc30cddb1fdfd929
ravdess_speech,emotion,loudness,hybrid,20260920,0,7a1b27a1e0b254856c8ffab3a9ae2379232e210125ac5ebfcc30cddb1fdfd929
ravdess_speech,emotion,loudness,absolute,20260920,1,7a1b27a1e0b254856c8ffab3a9ae2379232e210125ac5ebfcc30cddb1fdfd929
ravdess_speech,emotion,loudness,relative,20260920,1,7a1b27a1e0b254856c8ffab3a9ae2379232e210125ac5ebfcc30cddb1fdfd929
ravdess_speech,emotion,loudness,hybrid,20260920,1,7a1b27a1e0b254856c8ffab3a9ae2379232e210125ac5ebfcc30cddb1fdfd929
ravdess_speech,emotion,loudness,absolute,20260920,2,7a1b27a1e0b254856c8ffab3a9ae2379232e210125ac5ebfcc30cddb1fdfd929
ravdess_speech,emotion,loudness,relative,20260920,2,7a1b27a1e0b254856c8ffab3a9ae2379232e210125ac5ebfcc30cddb1fdfd929
ravdess_speech,emotion,loudness,hybrid,20260920,2,7a1b27a1e0b254856c8ffab3a9ae2379232e210125ac5ebfcc30cddb1fdfd929
ravdess_speech,emotion,loudness,absolute,20260920,3,7a1b27a1e0b254856c8ffab3a9ae2379232e210125ac5ebfcc30cddb1fdfd929
ravdess_speech,emotion,loudness,relative,20260920,3,7a1b27a1e0b254856c8ffab3a9ae2379232e210125ac5ebfcc30cddb1fdfd929
ravdess_speech,emotion,loudness,hybrid,20260920,3,7a1b27a1e0b254856c8ffab3a9ae2379232e210125ac5ebfcc30cddb1fdfd929
ravdess_speech,emotion,loudness,absolute,20260921,0,7a1b27a1e0b254856c8ffab3a9ae2379232e210125ac5ebfcc30cddb1fdfd929
ravdess_speech,emotion,loudness,relative,20260921,0,7a1b27a1e0b254856c8ffab3a9ae2379232e210125ac5ebfcc30cddb1fdfd929
ravdess_speech,emotion,loudness,hybrid,20260921,0,7a1b27a1e0b254856c8ffab3a9ae2379232e210125ac5ebfcc30cddb1fdfd929
ravdess_speech,emotion,loudness,absolute,20260921,1,7a1b27a1e0b254856c8ffab3a9ae2379232e210125ac5ebfcc30cddb1fdfd929
ravdess_speech,emotion,loudness,relative,20260921,1,7a1b27a1e0b254856c8ffab3a9ae2379232e210125ac5ebfcc30cddb1fdfd929
ravdess_speech,emotion,loudness,hybrid,20260921,1,7a1b27a1e0b254856c8ffab3a9ae2379232e210125ac5ebfcc30cddb1fdfd929
ravdess_speech,emotion,loudness,absolute,20260921,2,7a1b27a1e0b254856c8ffab3a9ae2379232e210125ac5ebfcc30cddb1fdfd929
ravdess_speech,emotion,loudness,relative,20260921,2,7a1b27a1e0b254856c8ffab3a9ae2379232e210125ac5ebfcc30cddb1fdfd929
ravdess_speech,emotion,loudness,hybrid,20260921,2,7a1b27a1e0b254856c8ffab3a9ae2379232e210125ac5ebfcc30cddb1fdfd929
ravdess_speech,emotion,loudness,absolute,20260921,3,7a1b27a1e0b254856c8ffab3a9ae2379232e210125ac5ebfcc30cddb1fdfd929
ravdess_speech,emotion,loudness,relative,20260921,3,7a1b27a1e0b254856c8ffab3a9ae2379232e210125ac5ebfcc30cddb1fdfd929
ravdess_speech,emotion,loudness,hybrid,20260921,3,7a1b27a1e0b254856c8ffab3a9ae2379232e210125ac5ebfcc30cddb1fdfd929
ravdess_speech,emotion,loudness,absolute,20260922,0,7a1b27a1e0b254856c8ffab3a9ae2379232e210125ac5ebfcc30cddb1fdfd929
ravdess_speech,emotion,loudness,relative,20260922,0,7a1b27a1e0b254856c8ffab3a9ae2379232e210125ac5ebfcc30cddb1fdfd929
ravdess_speech,emotion,loudness,hybrid,20260922,0,7a1b27a1e0b254856c8ffab3a9ae2379232e210125ac5ebfcc30cddb1fdfd929
ravdess_speech,emotion,loudness,absolute,20260922,1,7a1b27a1e0b254856c8ffab3a9ae2379232e210125ac5ebfcc30cddb1fdfd929
ravdess_speech,emotion,loudness,relative,20260922,1,7a1b27a1e0b254856c8ffab3a9ae2379232e210125ac5ebfcc30cddb1fdfd929
ravdess_speech,emotion,loudness,hybrid,20260922,1,7a1b27a1e0b254856c8ffab3a9ae2379232e210125ac5ebfcc30cddb1fdfd929
ravdess_speech,emotion,loudness,absolute,20260922,2,7a1b27a1e0b254856c8ffab3a9ae2379232e210125ac5ebfcc30cddb1fdfd929
ravdess_speech,emotion,loudness,relative,20260922,2,7a1b27a1e0b254856c8ffab3a9ae2379232e210125ac5ebfcc30cddb1fdfd929
ravdess_speech,emotion,loudness,hybrid,20260922,2,7a1b27a1e0b254856c8ffab3a9ae2379232e210125ac5ebfcc30cddb1fdfd929
ravdess_speech,emotion,loudness,absolute,20260922,3,7a1b27a1e0b254856c8ffab3a9ae2379232e210125ac5ebfcc30cddb1fdfd929
ravdess_speech,emotion,loudness,relative,20260922,3,7a1b27a1e0b254856c8ffab3a9ae2379232e210125ac5ebfcc30cddb1fdfd929
ravdess_speech,emotion,loudness,hybrid,20260922,3,7a1b27a1e0b254856c8ffab3a9ae2379232e210125ac5ebfcc30cddb1fdfd929
ravdess_speech,emotion,rate,absolute,20260920,0,7a1b27a1e0b254856c8ffab3a9ae2379232e210125ac5ebfcc30cddb1fdfd929
ravdess_speech,emotion,rate,relative,20260920,0,7a1b27a1e0b254856c8ffab3a9ae2379232e210125ac5ebfcc30cddb1fdfd929
ravdess_speech,emotion,rate,hybrid,20260920,0,7a1b27a1e0b254856c8ffab3a9ae2379232e210125ac5ebfcc30cddb1fdfd929
ravdess_speech,emotion,rate,absolute,20260920,1,7a1b27a1e0b254856c8ffab3a9ae2379232e210125ac5ebfcc30cddb1fdfd929
ravdess_speech,emotion,rate,relative,20260920,1,7a1b27a1e0b254856c8ffab3a9ae2379232e210125ac5ebfcc30cddb1fdfd929
ravdess_speech,emotion,rate,hybrid,20260920,1,7a1b27a1e0b254856c8ffab3a9ae2379232e210125ac5ebfcc30cddb1fdfd929
ravdess_speech,emotion,rate,absolute,20260920,2,7a1b27a1e0b254856c8ffab3a9ae2379232e210125ac5ebfcc30cddb1fdfd929
ravdess_speech,emotion,rate,relative,20260920,2,7a1b27a1e0b254856c8ffab3a9ae2379232e210125ac5ebfcc30cddb1fdfd929
ravdess_speech,emotion,rate,hybrid,20260920,2,7a1b27a1e0b254856c8ffab3a9ae2379232e210125ac5ebfcc30cddb1fdfd929
ravdess_speech,emotion,rate,absolute,20260920,3,7a1b27a1e0b254856c8ffab3a9ae2379232e210125ac5ebfcc30cddb1fdfd929
ravdess_speech,emotion,rate,relative,20260920,3,7a1b27a1e0b254856c8ffab3a9ae2379232e210125ac5ebfcc30cddb1fdfd929
ravdess_speech,emotion,rate,hybrid,20260920,3,7a1b27a1e0b254856c8ffab3a9ae2379232e210125ac5ebfcc30cddb1fdfd929
ravdess_speech,emotion,rate,absolute,20260921,0,7a1b27a1e0b254856c8ffab3a9ae2379232e210125ac5ebfcc30cddb1fdfd929
ravdess_speech,emotion,rate,relative,20260921,0,7a1b27a1e0b254856c8ffab3a9ae2379232e210125ac5ebfcc30cddb1fdfd929
ravdess_speech,emotion,rate,hybrid,20260921,0,7a1b27a1e0b254856c8ffab3a9ae2379232e210125ac5ebfcc30cddb1fdfd929
ravdess_speech,emotion,rate,absolute,20260921,1,7a1b27a1e0b254856c8ffab3a9ae2379232e210125ac5ebfcc30cddb1fdfd929
ravdess_speech,emotion,rate,relative,20260921,1,7a1b27a1e0b254856c8ffab3a9ae2379232e210125ac5ebfcc30cddb1fdfd929
ravdess_speech,emotion,rate,hybrid,20260921,1,7a1b27a1e0b254856c8ffab3a9ae2379232e210125ac5ebfcc30cddb1fdfd929
ravdess_speech,emotion,rate,absolute,20260921,2,7a1b27a1e0b254856c8ffab3a9ae2379232e210125ac5ebfcc30cddb1fdfd929
ravdess_speech,emotion,rate,relative,20260921,2,7a1b27a1e0b254856c8ffab3a9ae2379232e210125ac5ebfcc30cddb1fdfd929
ravdess_speech,emotion,rate,hybrid,20260921,2,7a1b27a1e0b254856c8ffab3a9ae2379232e210125ac5ebfcc30cddb1fdfd929
ravdess_speech,emotion,rate,absolute,20260921,3,7a1b27a1e0b254856c8ffab3a9ae2379232e210125ac5ebfcc30cddb1fdfd929
ravdess_speech,emotion,rate,relative,20260921,3,7a1b27a1e0b254856c8ffab3a9ae2379232e210125ac5ebfcc30cddb1fdfd929
ravdess_speech,emotion,rate,hybrid,20260921,3,7a1b27a1e0b254856c8ffab3a9ae2379232e210125ac5ebfcc30cddb1fdfd929
ravdess_speech,emotion,rate,absolute,20260922,0,7a1b27a1e0b254856c8ffab3a9ae2379232e210125ac5ebfcc30cddb1fdfd929
ravdess_speech,emotion,rate,relative,20260922,0,7a1b27a1e0b254856c8ffab3a9ae2379232e210125ac5ebfcc30cddb1fdfd929
ravdess_speech,emotion,rate,hybrid,20260922,0,7a1b27a1e0b254856c8ffab3a9ae2379232e210125ac5ebfcc30cddb1fdfd929
ravdess_speech,emotion,rate,absolute,20260922,1,7a1b27a1e0b254856c8ffab3a9ae2379232e210125ac5ebfcc30cddb1fdfd929
ravdess_speech,emotion,rate,relative,20260922,1,7a1b27a1e0b254856c8ffab3a9ae2379232e210125ac5ebfcc30cddb1fdfd929
ravdess_speech,emotion,rate,hybrid,20260922,1,7a1b27a1e0b254856c8ffab3a9ae2379232e210125ac5ebfcc30cddb1fdfd929
ravdess_speech,emotion,rate,absolute,20260922,2,7a1b27a1e0b254856c8ffab3a9ae2379232e210125ac5ebfcc30cddb1fdfd929
ravdess_speech,emotion,rate,relative,20260922,2,7a1b27a1e0b254856c8ffab3a9ae2379232e210125ac5ebfcc30cddb1fdfd929
ravdess_speech,emotion,rate,hybrid,20260922,2,7a1b27a1e0b254856c8ffab3a9ae2379232e210125ac5ebfcc30cddb1fdfd929
ravdess_speech,emotion,rate,absolute,20260922,3,7a1b27a1e0b254856c8ffab3a9ae2379232e210125ac5ebfcc30cddb1fdfd929
ravdess_speech,emotion,rate,relative,20260922,3,7a1b27a1e0b254856c8ffab3a9ae2379232e210125ac5ebfcc30cddb1fdfd929
ravdess_speech,emotion,rate,hybrid,20260922,3,7a1b27a1e0b254856c8ffab3a9ae2379232e210125ac5ebfcc30cddb1fdfd929
ravdess_speech,emotion,all,absolute,20260920,0,6ccc4db138d6897c3badb07b8206bcdaff88dc6f2b797f7d3019125281ecf9bc
ravdess_speech,emotion,all,relative,20260920,0,6ccc4db138d6897c3badb07b8206bcdaff88dc6f2b797f7d3019125281ecf9bc
ravdess_speech,emotion,all,hybrid,20260920,0,6ccc4db138d6897c3badb07b8206bcdaff88dc6f2b797f7d3019125281ecf9bc
ravdess_speech,emotion,all,absolute,20260920,1,6ccc4db138d6897c3badb07b8206bcdaff88dc6f2b797f7d3019125281ecf9bc
ravdess_speech,emotion,all,relative,20260920,1,6ccc4db138d6897c3badb07b8206bcdaff88dc6f2b797f7d3019125281ecf9bc
ravdess_speech,emotion,all,hybrid,20260920,1,6ccc4db138d6897c3badb07b8206bcdaff88dc6f2b797f7d3019125281ecf9bc
ravdess_speech,emotion,all,absolute,20260920,2,6ccc4db138d6897c3badb07b8206bcdaff88dc6f2b797f7d3019125281ecf9bc
ravdess_speech,emotion,all,relative,20260920,2,6ccc4db138d6897c3badb07b8206bcdaff88dc6f2b797f7d3019125281ecf9bc
ravdess_speech,emotion,all,hybrid,20260920,2,6ccc4db138d6897c3badb07b8206bcdaff88dc6f2b797f7d3019125281ecf9bc
ravdess_speech,emotion,all,absolute,20260920,3,6ccc4db138d6897c3badb07b8206bcdaff88dc6f2b797f7d3019125281ecf9bc
ravdess_speech,emotion,all,relative,20260920,3,6ccc4db138d6897c3badb07b8206bcdaff88dc6f2b797f7d3019125281ecf9bc
ravdess_speech,emotion,all,hybrid,20260920,3,6ccc4db138d6897c3badb07b8206bcdaff88dc6f2b797f7d3019125281ecf9bc
ravdess_speech,emotion,all,absolute,20260921,0,6ccc4db138d6897c3badb07b8206bcdaff88dc6f2b797f7d3019125281ecf9bc
ravdess_speech,emotion,all,relative,20260921,0,6ccc4db138d6897c3badb07b8206bcdaff88dc6f2b797f7d3019125281ecf9bc
ravdess_speech,emotion,all,hybrid,20260921,0,6ccc4db138d6897c3badb07b8206bcdaff88dc6f2b797f7d3019125281ecf9bc
ravdess_speech,emotion,all,absolute,20260921,1,6ccc4db138d6897c3badb07b8206bcdaff88dc6f2b797f7d3019125281ecf9bc
ravdess_speech,emotion,all,relative,20260921,1,6ccc4db138d6897c3badb07b8206bcdaff88dc6f2b797f7d3019125281ecf9bc
ravdess_speech,emotion,all,hybrid,20260921,1,6ccc4db138d6897c3badb07b8206bcdaff88dc6f2b797f7d3019125281ecf9bc
ravdess_speech,emotion,all,absolute,20260921,2,6ccc4db138d6897c3badb07b8206bcdaff88dc6f2b797f7d3019125281ecf9bc
ravdess_speech,emotion,all,relative,20260921,2,6ccc4db138d6897c3badb07b8206bcdaff88dc6f2b797f7d3019125281ecf9bc
ravdess_speech,emotion,all,hybrid,20260921,2,6ccc4db138d6897c3badb07b8206bcdaff88dc6f2b797f7d3019125281ecf9bc
ravdess_speech,emotion,all,absolute,20260921,3,6ccc4db138d6897c3badb07b8206bcdaff88dc6f2b797f7d3019125281ecf9bc
ravdess_speech,emotion,all,relative,20260921,3,6ccc4db138d6897c3badb07b8206bcdaff88dc6f2b797f7d3019125281ecf9bc
ravdess_speech,emotion,all,hybrid,20260921,3,6ccc4db138d6897c3badb07b8206bcdaff88dc6f2b797f7d3019125281ecf9bc
ravdess_speech,emotion,all,absolute,20260922,0,6ccc4db138d6897c3badb07b8206bcdaff88dc6f2b797f7d3019125281ecf9bc
ravdess_speech,emotion,all,relative,20260922,0,6ccc4db138d6897c3badb07b8206bcdaff88dc6f2b797f7d3019125281ecf9bc
ravdess_speech,emotion,all,hybrid,20260922,0,6ccc4db138d6897c3badb07b8206bcdaff88dc6f2b797f7d3019125281ecf9bc
ravdess_speech,emotion,all,absolute,20260922,1,6ccc4db138d6897c3badb07b8206bcdaff88dc6f2b797f7d3019125281ecf9bc
ravdess_speech,emotion,all,relative,20260922,1,6ccc4db138d6897c3badb07b8206bcdaff88dc6f2b797f7d3019125281ecf9bc
ravdess_speech,emotion,all,hybrid,20260922,1,6ccc4db138d6897c3badb07b8206bcdaff88dc6f2b797f7d3019125281ecf9bc
ravdess_speech,emotion,all,absolute,20260922,2,6ccc4db138d6897c3badb07b8206bcdaff88dc6f2b797f7d3019125281ecf9bc
ravdess_speech,emotion,all,relative,20260922,2,6ccc4db138d6897c3badb07b8206bcdaff88dc6f2b797f7d3019125281ecf9bc
ravdess_speech,emotion,all,hybrid,20260922,2,6ccc4db138d6897c3badb07b8206bcdaff88dc6f2b797f7d3019125281ecf9bc
ravdess_speech,emotion,all,absolute,20260922,3,6ccc4db138d6897c3badb07b8206bcdaff88dc6f2b797f7d3019125281ecf9bc
ravdess_speech,emotion,all,relative,20260922,3,6ccc4db138d6897c3badb07b8206bcdaff88dc6f2b797f7d3019125281ecf9bc
ravdess_speech,emotion,all,hybrid,20260922,3,6ccc4db138d6897c3badb07b8206bcdaff88dc6f2b797f7d3019125281ecf9bc
ravdess_speech,gender,pitch,absolute,20260920,0,963ff88c63b9e14c044a38248806a7123ef7cd8df82a4e9a1aa23f067b7fc116
ravdess_speech,gender,pitch,relative,20260920,0,963ff88c63b9e14c044a38248806a7123ef7cd8df82a4e9a1aa23f067b7fc116
ravdess_speech,gender,pitch,hybrid,20260920,0,963ff88c63b9e14c044a38248806a7123ef7cd8df82a4e9a1aa23f067b7fc116
ravdess_speech,gender,pitch,absolute,20260920,1,963ff88c63b9e14c044a38248806a7123ef7cd8df82a4e9a1aa23f067b7fc116
ravdess_speech,gender,pitch,relative,20260920,1,963ff88c63b9e14c044a38248806a7123ef7cd8df82a4e9a1aa23f067b7fc116
ravdess_speech,gender,pitch,hybrid,20260920,1,963ff88c63b9e14c044a38248806a7123ef7cd8df82a4e9a1aa23f067b7fc116
ravdess_speech,gender,pitch,absolute,20260920,2,963ff88c63b9e14c044a38248806a7123ef7cd8df82a4e9a1aa23f067b7fc116
ravdess_speech,gender,pitch,relative,20260920,2,963ff88c63b9e14c044a38248806a7123ef7cd8df82a4e9a1aa23f067b7fc116
ravdess_speech,gender,pitch,hybrid,20260920,2,963ff88c63b9e14c044a38248806a7123ef7cd8df82a4e9a1aa23f067b7fc116
ravdess_speech,gender,pitch,absolute,20260920,3,963ff88c63b9e14c044a38248806a7123ef7cd8df82a4e9a1aa23f067b7fc116
ravdess_speech,gender,pitch,relative,20260920,3,963ff88c63b9e14c044a38248806a7123ef7cd8df82a4e9a1aa23f067b7fc116
ravdess_speech,gender,pitch,hybrid,20260920,3,963ff88c63b9e14c044a38248806a7123ef7cd8df82a4e9a1aa23f067b7fc116
ravdess_speech,gender,pitch,absolute,20260921,0,963ff88c63b9e14c044a38248806a7123ef7cd8df82a4e9a1aa23f067b7fc116
ravdess_speech,gender,pitch,relative,20260921,0,963ff88c63b9e14c044a38248806a7123ef7cd8df82a4e9a1aa23f067b7fc116
ravdess_speech,gender,pitch,hybrid,20260921,0,963ff88c63b9e14c044a38248806a7123ef7cd8df82a4e9a1aa23f067b7fc116
ravdess_speech,gender,pitch,absolute,20260921,1,963ff88c63b9e14c044a38248806a7123ef7cd8df82a4e9a1aa23f067b7fc116
ravdess_speech,gender,pitch,relative,20260921,1,963ff88c63b9e14c044a38248806a7123ef7cd8df82a4e9a1aa23f067b7fc116
ravdess_speech,gender,pitch,hybrid,20260921,1,963ff88c63b9e14c044a38248806a7123ef7cd8df82a4e9a1aa23f067b7fc116
ravdess_speech,gender,pitch,absolute,20260921,2,963ff88c63b9e14c044a38248806a7123ef7cd8df82a4e9a1aa23f067b7fc116
ravdess_speech,gender,pitch,relative,20260921,2,963ff88c63b9e14c044a38248806a7123ef7cd8df82a4e9a1aa23f067b7fc116
ravdess_speech,gender,pitch,hybrid,20260921,2,963ff88c63b9e14c044a38248806a7123ef7cd8df82a4e9a1aa23f067b7fc116
ravdess_speech,gender,pitch,absolute,20260921,3,963ff88c63b9e14c044a38248806a7123ef7cd8df82a4e9a1aa23f067b7fc116
ravdess_speech,gender,pitch,relative,20260921,3,963ff88c63b9e14c044a38248806a7123ef7cd8df82a4e9a1aa23f067b7fc116
ravdess_speech,gender,pitch,hybrid,20260921,3,963ff88c63b9e14c044a38248806a7123ef7cd8df82a4e9a1aa23f067b7fc116
ravdess_speech,gender,pitch,absolute,20260922,0,963ff88c63b9e14c044a38248806a7123ef7cd8df82a4e9a1aa23f067b7fc116
ravdess_speech,gender,pitch,relative,20260922,0,963ff88c63b9e14c044a38248806a7123ef7cd8df82a4e9a1aa23f067b7fc116
ravdess_speech,gender,pitch,hybrid,20260922,0,963ff88c63b9e14c044a38248806a7123ef7cd8df82a4e9a1aa23f067b7fc116
ravdess_speech,gender,pitch,absolute,20260922,1,963ff88c63b9e14c044a38248806a7123ef7cd8df82a4e9a1aa23f067b7fc116
ravdess_speech,gender,pitch,relative,20260922,1,963ff88c63b9e14c044a38248806a7123ef7cd8df82a4e9a1aa23f067b7fc116
ravdess_speech,gender,pitch,hybrid,20260922,1,963ff88c63b9e14c044a38248806a7123ef7cd8df82a4e9a1aa23f067b7fc116
ravdess_speech,gender,pitch,absolute,20260922,2,963ff88c63b9e14c044a38248806a7123ef7cd8df82a4e9a1aa23f067b7fc116
ravdess_speech,gender,pitch,relative,20260922,2,963ff88c63b9e14c044a38248806a7123ef7cd8df82a4e9a1aa23f067b7fc116
ravdess_speech,gender,pitch,hybrid,20260922,2,963ff88c63b9e14c044a38248806a7123ef7cd8df82a4e9a1aa23f067b7fc116
ravdess_speech,gender,pitch,absolute,20260922,3,963ff88c63b9e14c044a38248806a7123ef7cd8df82a4e9a1aa23f067b7fc116
ravdess_speech,gender,pitch,relative,20260922,3,963ff88c63b9e14c044a38248806a7123ef7cd8df82a4e9a1aa23f067b7fc116
ravdess_speech,gender,pitch,hybrid,20260922,3,963ff88c63b9e14c044a38248806a7123ef7cd8df82a4e9a1aa23f067b7fc116
ravdess_speech,gender,loudness,absolute,20260920,0,4d2169ca882eea43497b15a74fb61529b0be7b278d5236118367dbe78f08d8ba
ravdess_speech,gender,loudness,relative,20260920,0,4d2169ca882eea43497b15a74fb61529b0be7b278d5236118367dbe78f08d8ba
ravdess_speech,gender,loudness,hybrid,20260920,0,4d2169ca882eea43497b15a74fb61529b0be7b278d5236118367dbe78f08d8ba
ravdess_speech,gender,loudness,absolute,20260920,1,4d2169ca882eea43497b15a74fb61529b0be7b278d5236118367dbe78f08d8ba
ravdess_speech,gender,loudness,relative,20260920,1,4d2169ca882eea43497b15a74fb61529b0be7b278d5236118367dbe78f08d8ba
ravdess_speech,gender,loudness,hybrid,20260920,1,4d2169ca882eea43497b15a74fb61529b0be7b278d5236118367dbe78f08d8ba
ravdess_speech,gender,loudness,absolute,20260920,2,4d2169ca882eea43497b15a74fb61529b0be7b278d5236118367dbe78f08d8ba
ravdess_speech,gender,loudness,relative,20260920,2,4d2169ca882eea43497b15a74fb61529b0be7b278d5236118367dbe78f08d8ba
ravdess_speech,gender,loudness,hybrid,20260920,2,4d2169ca882eea43497b15a74fb61529b0be7b278d5236118367dbe78f08d8ba
ravdess_speech,gender,loudness,absolute,20260920,3,4d2169ca882eea43497b15a74fb61529b0be7b278d5236118367dbe78f08d8ba
ravdess_speech,gender,loudness,relative,20260920,3,4d2169ca882eea43497b15a74fb61529b0be7b278d5236118367dbe78f08d8ba
ravdess_speech,gender,loudness,hybrid,20260920,3,4d2169ca882eea43497b15a74fb61529b0be7b278d5236118367dbe78f08d8ba
ravdess_speech,gender,loudness,absolute,20260921,0,4d2169ca882eea43497b15a74fb61529b0be7b278d5236118367dbe78f08d8ba
ravdess_speech,gender,loudness,relative,20260921,0,4d2169ca882eea43497b15a74fb61529b0be7b278d5236118367dbe78f08d8ba
ravdess_speech,gender,loudness,hybrid,20260921,0,4d2169ca882eea43497b15a74fb61529b0be7b278d5236118367dbe78f08d8ba
ravdess_speech,gender,loudness,absolute,20260921,1,4d2169ca882eea43497b15a74fb61529b0be7b278d5236118367dbe78f08d8ba
ravdess_speech,gender,loudness,relative,20260921,1,4d2169ca882eea43497b15a74fb61529b0be7b278d5236118367dbe78f08d8ba
ravdess_speech,gender,loudness,hybrid,20260921,1,4d2169ca882eea43497b15a74fb61529b0be7b278d5236118367dbe78f08d8ba
ravdess_speech,gender,loudness,absolute,20260921,2,4d2169ca882eea43497b15a74fb61529b0be7b278d5236118367dbe78f08d8ba
ravdess_speech,gender,loudness,relative,20260921,2,4d2169ca882eea43497b15a74fb61529b0be7b278d5236118367dbe78f08d8ba
ravdess_speech,gender,loudness,hybrid,20260921,2,4d2169ca882eea43497b15a74fb61529b0be7b278d5236118367dbe78f08d8ba
ravdess_speech,gender,loudness,absolute,20260921,3,4d2169ca882eea43497b15a74fb61529b0be7b278d5236118367dbe78f08d8ba
ravdess_speech,gender,loudness,relative,20260921,3,4d2169ca882eea43497b15a74fb61529b0be7b278d5236118367dbe78f08d8ba
ravdess_speech,gender,loudness,hybrid,20260921,3,4d2169ca882eea43497b15a74fb61529b0be7b278d5236118367dbe78f08d8ba
ravdess_speech,gender,loudness,absolute,20260922,0,4d2169ca882eea43497b15a74fb61529b0be7b278d5236118367dbe78f08d8ba
ravdess_speech,gender,loudness,relative,20260922,0,4d2169ca882eea43497b15a74fb61529b0be7b278d5236118367dbe78f08d8ba
ravdess_speech,gender,loudness,hybrid,20260922,0,4d2169ca882eea43497b15a74fb61529b0be7b278d5236118367dbe78f08d8ba
ravdess_speech,gender,loudness,absolute,20260922,1,4d2169ca882eea43497b15a74fb61529b0be7b278d5236118367dbe78f08d8ba
ravdess_speech,gender,loudness,relative,20260922,1,4d2169ca882eea43497b15a74fb61529b0be7b278d5236118367dbe78f08d8ba
ravdess_speech,gender,loudness,hybrid,20260922,1,4d2169ca882eea43497b15a74fb61529b0be7b278d5236118367dbe78f08d8ba
ravdess_speech,gender,loudness,absolute,20260922,2,4d2169ca882eea43497b15a74fb61529b0be7b278d5236118367dbe78f08d8ba
ravdess_speech,gender,loudness,relative,20260922,2,4d2169ca882eea43497b15a74fb61529b0be7b278d5236118367dbe78f08d8ba
ravdess_speech,gender,loudness,hybrid,20260922,2,4d2169ca882eea43497b15a74fb61529b0be7b278d5236118367dbe78f08d8ba
ravdess_speech,gender,loudness,absolute,20260922,3,4d2169ca882eea43497b15a74fb61529b0be7b278d5236118367dbe78f08d8ba
ravdess_speech,gender,loudness,relative,20260922,3,4d2169ca882eea43497b15a74fb61529b0be7b278d5236118367dbe78f08d8ba
ravdess_speech,gender,loudness,hybrid,20260922,3,4d2169ca882eea43497b15a74fb61529b0be7b278d5236118367dbe78f08d8ba
ravdess_speech,gender,rate,absolute,20260920,0,4d2169ca882eea43497b15a74fb61529b0be7b278d5236118367dbe78f08d8ba
ravdess_speech,gender,rate,relative,20260920,0,4d2169ca882eea43497b15a74fb61529b0be7b278d5236118367dbe78f08d8ba
ravdess_speech,gender,rate,hybrid,20260920,0,4d2169ca882eea43497b15a74fb61529b0be7b278d5236118367dbe78f08d8ba
ravdess_speech,gender,rate,absolute,20260920,1,4d2169ca882eea43497b15a74fb61529b0be7b278d5236118367dbe78f08d8ba
ravdess_speech,gender,rate,relative,20260920,1,4d2169ca882eea43497b15a74fb61529b0be7b278d5236118367dbe78f08d8ba
ravdess_speech,gender,rate,hybrid,20260920,1,4d2169ca882eea43497b15a74fb61529b0be7b278d5236118367dbe78f08d8ba
ravdess_speech,gender,rate,absolute,20260920,2,4d2169ca882eea43497b15a74fb61529b0be7b278d5236118367dbe78f08d8ba
ravdess_speech,gender,rate,relative,20260920,2,4d2169ca882eea43497b15a74fb61529b0be7b278d5236118367dbe78f08d8ba
ravdess_speech,gender,rate,hybrid,20260920,2,4d2169ca882eea43497b15a74fb61529b0be7b278d5236118367dbe78f08d8ba
ravdess_speech,gender,rate,absolute,20260920,3,4d2169ca882eea43497b15a74fb61529b0be7b278d5236118367dbe78f08d8ba
ravdess_speech,gender,rate,relative,20260920,3,4d2169ca882eea43497b15a74fb61529b0be7b278d5236118367dbe78f08d8ba
ravdess_speech,gender,rate,hybrid,20260920,3,4d2169ca882eea43497b15a74fb61529b0be7b278d5236118367dbe78f08d8ba
ravdess_speech,gender,rate,absolute,20260921,0,4d2169ca882eea43497b15a74fb61529b0be7b278d5236118367dbe78f08d8ba
ravdess_speech,gender,rate,relative,20260921,0,4d2169ca882eea43497b15a74fb61529b0be7b278d5236118367dbe78f08d8ba
ravdess_speech,gender,rate,hybrid,20260921,0,4d2169ca882eea43497b15a74fb61529b0be7b278d5236118367dbe78f08d8ba
ravdess_speech,gender,rate,absolute,20260921,1,4d2169ca882eea43497b15a74fb61529b0be7b278d5236118367dbe78f08d8ba
ravdess_speech,gender,rate,relative,20260921,1,4d2169ca882eea43497b15a74fb61529b0be7b278d5236118367dbe78f08d8ba
ravdess_speech,gender,rate,hybrid,20260921,1,4d2169ca882eea43497b15a74fb61529b0be7b278d5236118367dbe78f08d8ba
ravdess_speech,gender,rate,absolute,20260921,2,4d2169ca882eea43497b15a74fb61529b0be7b278d5236118367dbe78f08d8ba
ravdess_speech,gender,rate,relative,20260921,2,4d2169ca882eea43497b15a74fb61529b0be7b278d5236118367dbe78f08d8ba
ravdess_speech,gender,rate,hybrid,20260921,2,4d2169ca882eea43497b15a74fb61529b0be7b278d5236118367dbe78f08d8ba
ravdess_speech,gender,rate,absolute,20260921,3,4d2169ca882eea43497b15a74fb61529b0be7b278d5236118367dbe78f08d8ba
ravdess_speech,gender,rate,relative,20260921,3,4d2169ca882eea43497b15a74fb61529b0be7b278d5236118367dbe78f08d8ba
ravdess_speech,gender,rate,hybrid,20260921,3,4d2169ca882eea43497b15a74fb61529b0be7b278d5236118367dbe78f08d8ba
ravdess_speech,gender,rate,absolute,20260922,0,4d2169ca882eea43497b15a74fb61529b0be7b278d5236118367dbe78f08d8ba
ravdess_speech,gender,rate,relative,20260922,0,4d2169ca882eea43497b15a74fb61529b0be7b278d5236118367dbe78f08d8ba
ravdess_speech,gender,rate,hybrid,20260922,0,4d2169ca882eea43497b15a74fb61529b0be7b278d5236118367dbe78f08d8ba
ravdess_speech,gender,rate,absolute,20260922,1,4d2169ca882eea43497b15a74fb61529b0be7b278d5236118367dbe78f08d8ba
ravdess_speech,gender,rate,relative,20260922,1,4d2169ca882eea43497b15a74fb61529b0be7b278d5236118367dbe78f08d8ba
ravdess_speech,gender,rate,hybrid,20260922,1,4d2169ca882eea43497b15a74fb61529b0be7b278d5236118367dbe78f08d8ba
ravdess_speech,gender,rate,absolute,20260922,2,4d2169ca882eea43497b15a74fb61529b0be7b278d5236118367dbe78f08d8ba
ravdess_speech,gender,rate,relative,20260922,2,4d2169ca882eea43497b15a74fb61529b0be7b278d5236118367dbe78f08d8ba
ravdess_speech,gender,rate,hybrid,20260922,2,4d2169ca882eea43497b15a74fb61529b0be7b278d5236118367dbe78f08d8ba
ravdess_speech,gender,rate,absolute,20260922,3,4d2169ca882eea43497b15a74fb61529b0be7b278d5236118367dbe78f08d8ba
ravdess_speech,gender,rate,relative,20260922,3,4d2169ca882eea43497b15a74fb61529b0be7b278d5236118367dbe78f08d8ba
ravdess_speech,gender,rate,hybrid,20260922,3,4d2169ca882eea43497b15a74fb61529b0be7b278d5236118367dbe78f08d8ba
ravdess_speech,gender,all,absolute,20260920,0,963ff88c63b9e14c044a38248806a7123ef7cd8df82a4e9a1aa23f067b7fc116
ravdess_speech,gender,all,relative,20260920,0,963ff88c63b9e14c044a38248806a7123ef7cd8df82a4e9a1aa23f067b7fc116
ravdess_speech,gender,all,hybrid,20260920,0,963ff88c63b9e14c044a38248806a7123ef7cd8df82a4e9a1aa23f067b7fc116
ravdess_speech,gender,all,absolute,20260920,1,963ff88c63b9e14c044a38248806a7123ef7cd8df82a4e9a1aa23f067b7fc116
ravdess_speech,gender,all,relative,20260920,1,963ff88c63b9e14c044a38248806a7123ef7cd8df82a4e9a1aa23f067b7fc116
ravdess_speech,gender,all,hybrid,20260920,1,963ff88c63b9e14c044a38248806a7123ef7cd8df82a4e9a1aa23f067b7fc116
ravdess_speech,gender,all,absolute,20260920,2,963ff88c63b9e14c044a38248806a7123ef7cd8df82a4e9a1aa23f067b7fc116
ravdess_speech,gender,all,relative,20260920,2,963ff88c63b9e14c044a38248806a7123ef7cd8df82a4e9a1aa23f067b7fc116
ravdess_speech,gender,all,hybrid,20260920,2,963ff88c63b9e14c044a38248806a7123ef7cd8df82a4e9a1aa23f067b7fc116
ravdess_speech,gender,all,absolute,20260920,3,963ff88c63b9e14c044a38248806a7123ef7cd8df82a4e9a1aa23f067b7fc116
ravdess_speech,gender,all,relative,20260920,3,963ff88c63b9e14c044a38248806a7123ef7cd8df82a4e9a1aa23f067b7fc116
ravdess_speech,gender,all,hybrid,20260920,3,963ff88c63b9e14c044a38248806a7123ef7cd8df82a4e9a1aa23f067b7fc116
ravdess_speech,gender,all,absolute,20260921,0,963ff88c63b9e14c044a38248806a7123ef7cd8df82a4e9a1aa23f067b7fc116
ravdess_speech,gender,all,relative,20260921,0,963ff88c63b9e14c044a38248806a7123ef7cd8df82a4e9a1aa23f067b7fc116
ravdess_speech,gender,all,hybrid,20260921,0,963ff88c63b9e14c044a38248806a7123ef7cd8df82a4e9a1aa23f067b7fc116
ravdess_speech,gender,all,absolute,20260921,1,963ff88c63b9e14c044a38248806a7123ef7cd8df82a4e9a1aa23f067b7fc116
ravdess_speech,gender,all,relative,20260921,1,963ff88c63b9e14c044a38248806a7123ef7cd8df82a4e9a1aa23f067b7fc116
ravdess_speech,gender,all,hybrid,20260921,1,963ff88c63b9e14c044a38248806a7123ef7cd8df82a4e9a1aa23f067b7fc116
ravdess_speech,gender,all,absolute,20260921,2,963ff88c63b9e14c044a38248806a7123ef7cd8df82a4e9a1aa23f067b7fc116
ravdess_speech,gender,all,relative,20260921,2,963ff88c63b9e14c044a38248806a7123ef7cd8df82a4e9a1aa23f067b7fc116
ravdess_speech,gender,all,hybrid,20260921,2,963ff88c63b9e14c044a38248806a7123ef7cd8df82a4e9a1aa23f067b7fc116
ravdess_speech,gender,all,absolute,20260921,3,963ff88c63b9e14c044a38248806a7123ef7cd8df82a4e9a1aa23f067b7fc116
ravdess_speech,gender,all,relative,20260921,3,963ff88c63b9e14c044a38248806a7123ef7cd8df82a4e9a1aa23f067b7fc116
ravdess_speech,gender,all,hybrid,20260921,3,963ff88c63b9e14c044a38248806a7123ef7cd8df82a4e9a1aa23f067b7fc116
ravdess_speech,gender,all,absolute,20260922,0,963ff88c63b9e14c044a38248806a7123ef7cd8df82a4e9a1aa23f067b7fc116
ravdess_speech,gender,all,relative,20260922,0,963ff88c63b9e14c044a38248806a7123ef7cd8df82a4e9a1aa23f067b7fc116
ravdess_speech,gender,all,hybrid,20260922,0,963ff88c63b9e14c044a38248806a7123ef7cd8df82a4e9a1aa23f067b7fc116
ravdess_speech,gender,all,absolute,20260922,1,963ff88c63b9e14c044a38248806a7123ef7cd8df82a4e9a1aa23f067b7fc116
ravdess_speech,gender,all,relative,20260922,1,963ff88c63b9e14c044a38248806a7123ef7cd8df82a4e9a1aa23f067b7fc116
ravdess_speech,gender,all,hybrid,20260922,1,963ff88c63b9e14c044a38248806a7123ef7cd8df82a4e9a1aa23f067b7fc116
ravdess_speech,gender,all,absolute,20260922,2,963ff88c63b9e14c044a38248806a7123ef7cd8df82a4e9a1aa23f067b7fc116
ravdess_speech,gender,all,relative,20260922,2,963ff88c63b9e14c044a38248806a7123ef7cd8df82a4e9a1aa23f067b7fc116
ravdess_speech,gender,all,hybrid,20260922,2,963ff88c63b9e14c044a38248806a7123ef7cd8df82a4e9a1aa23f067b7fc116
ravdess_speech,gender,all,absolute,20260922,3,963ff88c63b9e14c044a38248806a7123ef7cd8df82a4e9a1aa23f067b7fc116
ravdess_speech,gender,all,relative,20260922,3,963ff88c63b9e14c044a38248806a7123ef7cd8df82a4e9a1aa23f067b7fc116
ravdess_speech,gender,all,hybrid,20260922,3,963ff88c63b9e14c044a38248806a7123ef7cd8df82a4e9a1aa23f067b7fc116
