split_type,held_out,model_family,dataset,attribute,emotion,target_delta,target_positive,resolved,predicted_delta,predicted_positive,positive_probability
attribute,loudness,labels_only,esd_english,loudness,angry,-0.0322078208179447,0,True,0.03029740144771474,0,0.49603959811556925
attribute,loudness,labels_only,esd_english,loudness,happy,-0.0082427663341944,0,False,0.029777377392861706,1,0.5846431127839894
attribute,loudness,labels_only,esd_english,loudness,neutral,0.0128876297905275,1,False,0.0018604782753089376,0,0.4827176490037461
attribute,loudness,labels_only,esd_english,loudness,sad,0.014281115862889,1,True,0.019390365637235295,0,0.3534251799233798
attribute,loudness,labels_only,esd_english,loudness,surprise,0.0182624836386973,1,False,0.023844629712031034,1,0.6996077907360492
attribute,loudness,labels_only,mead_part0,loudness,angry,0.0238753185957151,1,False,0.03029740144771474,0,0.49603959811556925
attribute,loudness,labels_only,mead_part0,loudness,happy,0.0559921428977725,1,True,0.029777377392861706,1,0.5846431127839894
attribute,loudness,labels_only,mead_part0,loudness,neutral,0.0825157795591456,1,True,0.0018604782753089376,0,0.4827176490037461
attribute,loudness,labels_only,mead_part0,loudness,sad,0.0221569003045382,1,True,0.019390365637235295,0,0.3534251799233798
attribute,loudness,labels_only,mead_part0,loudness,surprise,0.0307151052897808,1,True,0.023844629712031034,1,0.6996077907360492
attribute,loudness,labels_only,ravdess_speech,loudness,angry,0.0003803393501392,1,False,0.03029740144771474,0,0.49603959811556925
attribute,loudness,labels_only,ravdess_speech,loudness,happy,-0.0181878938491863,0,False,0.029777377392861706,1,0.5846431127839894
attribute,loudness,labels_only,ravdess_speech,loudness,neutral,0.0008110030981504,1,False,0.0018604782753089376,0,0.4827176490037461
attribute,loudness,labels_only,ravdess_speech,loudness,sad,-0.0163313718108844,0,False,0.019390365637235295,0,0.3534251799233798
attribute,loudness,labels_only,ravdess_speech,loudness,surprise,0.0211492086827264,1,True,0.023844629712031034,1,0.6996077907360492
attribute,loudness,labels_only,msp,loudness,angry,-0.009779302260989,0,True,0.03029740144771474,0,0.49603959811556925
attribute,loudness,labels_only,msp,loudness,happy,0.0078547537090692,1,True,0.029777377392861706,1,0.5846431127839894
attribute,loudness,labels_only,msp,loudness,neutral,0.1283541436137598,1,True,0.0018604782753089376,0,0.4827176490037461
attribute,loudness,labels_only,msp,loudness,sad,-0.00097520117986,0,False,0.019390365637235295,0,0.3534251799233798
attribute,loudness,labels_only,msp,loudness,surprise,-0.0074169623691794,0,True,0.023844629712031034,1,0.6996077907360492
attribute,loudness,labels_only,meld,loudness,angry,0.0207675635398396,1,True,0.03029740144771474,0,0.49603959811556925
attribute,loudness,labels_only,meld,loudness,happy,0.0041160024077913,1,False,0.029777377392861706,1,0.5846431127839894
attribute,loudness,labels_only,meld,loudness,neutral,0.0196723185053132,1,False,0.0018604782753089376,0,0.4827176490037461
attribute,loudness,labels_only,meld,loudness,sad,-0.0016032515179853,0,False,0.019390365637235295,0,0.3534251799233798
attribute,loudness,labels_only,meld,loudness,surprise,-0.0164372835412324,0,False,0.023844629712031034,1,0.6996077907360492
attribute,loudness,stats_only,esd_english,loudness,angry,-0.0322078208179447,0,True,0.03453975041144415,1,0.860396555416446
attribute,loudness,stats_only,esd_english,loudness,happy,-0.0082427663341944,0,False,0.01867204768655329,0,0.3421072039113504
attribute,loudness,stats_only,esd_english,loudness,neutral,0.0128876297905275,1,False,0.05831806376327766,1,0.5288273261660087
attribute,loudness,stats_only,esd_english,loudness,sad,0.014281115862889,1,True,0.04245000515033827,0,0.44453613886207854
attribute,loudness,stats_only,esd_english,loudness,surprise,0.0182624836386973,1,False,0.024422889768105485,1,0.9341699709521122
attribute,loudness,stats_only,mead_part0,loudness,angry,0.0238753185957151,1,False,0.03231433443182197,1,0.8985379496763484
attribute,loudness,stats_only,mead_part0,loudness,happy,0.0559921428977725,1,True,0.012823640331461064,1,0.6647635486448721
attribute,loudness,stats_only,mead_part0,loudness,neutral,0.0825157795591456,1,True,0.12156668170065957,1,0.9900393179296365
attribute,loudness,stats_only,mead_part0,loudness,sad,0.0221569003045382,1,True,0.020274238701574715,1,0.6913611023453952
attribute,loudness,stats_only,mead_part0,loudness,surprise,0.0307151052897808,1,True,0.027462220248809815,1,0.8509168619210591
attribute,loudness,stats_only,ravdess_speech,loudness,angry,0.0003803393501392,1,False,0.07164644045080745,1,0.9912463490767398
attribute,loudness,stats_only,ravdess_speech,loudness,happy,-0.0181878938491863,0,False,0.031923370660502166,1,0.5799927253997048
attribute,loudness,stats_only,ravdess_speech,loudness,neutral,0.0008110030981504,1,False,0.09331982886402349,1,0.5431066046929659
attribute,loudness,stats_only,ravdess_speech,loudness,sad,-0.0163313718108844,0,False,0.044360567004636045,0,0.32512987859553133
attribute,loudness,stats_only,ravdess_speech,loudness,surprise,0.0211492086827264,1,True,-0.0002511841557973696,0,0.1452625740808102
attribute,loudness,stats_only,msp,loudness,angry,-0.009779302260989,0,True,-0.032207489591646564,0,0.32890812884520554
attribute,loudness,stats_only,msp,loudness,happy,0.0078547537090692,1,True,0.0006497237454539742,1,0.8847467068701105
attribute,loudness,stats_only,msp,loudness,neutral,0.1283541436137598,1,True,-0.10778154477657789,0,0.39114224083305293
attribute,loudness,stats_only,msp,loudness,sad,-0.00097520117986,0,False,-0.05463288911104828,0,0.22244179884191934
attribute,loudness,stats_only,msp,loudness,surprise,-0.0074169623691794,0,True,0.05344394731475265,1,0.6603182080008564
attribute,loudness,stats_only,meld,loudness,angry,0.0207675635398396,1,True,-0.05600486449789862,0,0.4867696758135971
attribute,loudness,stats_only,meld,loudness,happy,0.0041160024077913,1,False,0.02232518662568466,1,0.7221320774436393
attribute,loudness,stats_only,meld,loudness,neutral,0.0196723185053132,1,False,-0.07558648772745302,0,0.45636213925755237
attribute,loudness,stats_only,meld,loudness,sad,-0.0016032515179853,0,False,-0.08529520983368721,0,0.030970352408644968
attribute,loudness,stats_only,meld,loudness,surprise,-0.0164372835412324,0,False,-0.06689519628552207,0,0.19822006888395718
attribute,loudness,combined,esd_english,loudness,angry,-0.0322078208179447,0,True,0.04533995677065403,1,0.7535075067987588
attribute,loudness,combined,esd_english,loudness,happy,-0.0082427663341944,0,False,0.031707990410733626,0,0.31547053128869285
attribute,loudness,combined,esd_english,loudness,neutral,0.0128876297905275,1,False,0.045862915230438006,1,0.6479023189526656
attribute,loudness,combined,esd_english,loudness,sad,0.014281115862889,1,True,0.044876123853247595,0,0.27218522311384447
attribute,loudness,combined,esd_english,loudness,surprise,0.0182624836386973,1,False,0.02225090841269041,1,0.9474528308889434
attribute,loudness,combined,mead_part0,loudness,angry,0.0238753185957151,1,False,0.03943247084468411,1,0.8827367096578032
attribute,loudness,combined,mead_part0,loudness,happy,0.0559921428977725,1,True,0.023792804378888,1,0.7905390642141633
attribute,loudness,combined,mead_part0,loudness,neutral,0.0825157795591456,1,True,0.10817191149366805,1,0.9953159908047697
attribute,loudness,combined,mead_part0,loudness,sad,0.0221569003045382,1,True,0.015368805050137064,1,0.5502910186154958
attribute,loudness,combined,mead_part0,loudness,surprise,0.0307151052897808,1,True,0.02110530082838784,1,0.9058021928107393
attribute,loudness,combined,ravdess_speech,loudness,angry,0.0003803393501392,1,False,0.08128938728238264,1,0.9883885914595064
attribute,loudness,combined,ravdess_speech,loudness,happy,-0.0181878938491863,0,False,0.0412456849766749,1,0.6608819480149827
attribute,loudness,combined,ravdess_speech,loudness,neutral,0.0008110030981504,1,False,0.07794076715036442,1,0.8295394629038587
attribute,loudness,combined,ravdess_speech,loudness,sad,-0.0163313718108844,0,False,0.04669428596113509,0,0.4290983467516146
attribute,loudness,combined,ravdess_speech,loudness,surprise,0.0211492086827264,1,True,-0.009528098829855964,0,0.2412879363326192
attribute,loudness,combined,msp,loudness,angry,-0.009779302260989,0,True,-0.030448111664793272,0,0.44765819634085263
attribute,loudness,combined,msp,loudness,happy,0.0078547537090692,1,True,0.0136155712905049,1,0.9187608393006202
attribute,loudness,combined,msp,loudness,neutral,0.1283541436137598,1,True,-0.11924360920934993,0,0.46394044614887664
attribute,loudness,combined,msp,loudness,sad,-0.00097520117986,0,False,-0.05385933554892973,0,0.1799493519297673
attribute,loudness,combined,msp,loudness,surprise,-0.0074169623691794,0,True,0.04183080257851533,1,0.819430550329057
attribute,loudness,combined,meld,loudness,angry,0.0207675635398396,1,True,-0.036942724507300476,0,0.343913269287779
attribute,loudness,combined,meld,loudness,happy,0.0041160024077913,1,False,0.03798981876548349,1,0.6718779479908106
attribute,loudness,combined,meld,loudness,neutral,0.0196723185053132,1,False,-0.08542871842056922,0,0.3860643718914299
attribute,loudness,combined,meld,loudness,sad,-0.0016032515179853,0,False,-0.07886017078865455,0,0.015843773050301005
attribute,loudness,combined,meld,loudness,surprise,-0.0164372835412324,0,False,-0.06366233645321732,0,0.20379902601364042
attribute,pitch,labels_only,esd_english,pitch,angry,0.0999050454638506,1,True,0.012220735635956225,0,0.4744655599738506
attribute,pitch,labels_only,esd_english,pitch,happy,0.0399739066178174,1,False,0.007702233450757379,1,0.552904780617193
attribute,pitch,labels_only,esd_english,pitch,neutral,0.1760816646948116,1,True,-0.0026300919112043943,1,0.7270048106278737
attribute,pitch,labels_only,esd_english,pitch,sad,0.1368870866229675,1,True,-0.006883811076727959,0,0.27879139140392667
attribute,pitch,labels_only,esd_english,pitch,surprise,0.0813380624427538,1,True,0.007437624161179873,1,0.552904780617193
attribute,pitch,labels_only,mead_part0,pitch,angry,0.0631913002060976,1,True,0.012220735635956225,0,0.4744655599738506
attribute,pitch,labels_only,mead_part0,pitch,happy,0.1901042573321201,1,True,0.007702233450757379,1,0.552904780617193
attribute,pitch,labels_only,mead_part0,pitch,neutral,0.1553755929679176,1,True,-0.0026300919112043943,1,0.7270048106278737
attribute,pitch,labels_only,mead_part0,pitch,sad,0.0316345577562277,1,True,-0.006883811076727959,0,0.27879139140392667
attribute,pitch,labels_only,mead_part0,pitch,surprise,0.0073112798950607,1,False,0.007437624161179873,1,0.552904780617193
attribute,pitch,labels_only,ravdess_speech,pitch,angry,0.0185909732784682,1,False,0.012220735635956225,0,0.4744655599738506
attribute,pitch,labels_only,ravdess_speech,pitch,happy,0.0427718424593458,1,True,0.007702233450757379,1,0.552904780617193
attribute,pitch,labels_only,ravdess_speech,pitch,neutral,0.1534417518662887,1,True,-0.0026300919112043943,1,0.7270048106278737
attribute,pitch,labels_only,ravdess_speech,pitch,sad,0.0801938468583791,1,True,-0.006883811076727959,0,0.27879139140392667
attribute,pitch,labels_only,ravdess_speech,pitch,surprise,0.0125548688541052,1,False,0.007437624161179873,1,0.552904780617193
attribute,pitch,labels_only,msp,pitch,angry,0.0176588029710441,1,True,0.012220735635956225,0,0.4744655599738506
attribute,pitch,labels_only,msp,pitch,happy,0.0538796511451181,1,True,0.007702233450757379,1,0.552904780617193
attribute,pitch,labels_only,msp,pitch,neutral,-0.3229485066290669,0,True,-0.0026300919112043943,1,0.7270048106278737
attribute,pitch,labels_only,msp,pitch,sad,0.1273329592218863,1,True,-0.006883811076727959,0,0.27879139140392667
attribute,pitch,labels_only,msp,pitch,surprise,0.0059885036014568,1,True,0.007437624161179873,1,0.552904780617193
attribute,pitch,labels_only,meld,pitch,angry,-0.0094238316879113,0,False,0.012220735635956225,0,0.4744655599738506
attribute,pitch,labels_only,meld,pitch,happy,-0.0183416642914438,0,False,0.007702233450757379,1,0.552904780617193
attribute,pitch,labels_only,meld,pitch,neutral,-0.0025453490131692,0,False,-0.0026300919112043943,1,0.7270048106278737
attribute,pitch,labels_only,meld,pitch,sad,-0.0076838489318792,0,False,-0.006883811076727959,0,0.27879139140392667
attribute,pitch,labels_only,meld,pitch,surprise,0.0925728235140581,1,True,0.007437624161179873,1,0.552904780617193
attribute,pitch,stats_only,esd_english,pitch,angry,0.0999050454638506,1,True,0.014957320704224574,1,0.7892071447090457
attribute,pitch,stats_only,esd_english,pitch,happy,0.0399739066178174,1,False,0.06673819185126809,1,0.9979158601126044
attribute,pitch,stats_only,esd_english,pitch,neutral,0.1760816646948116,1,True,0.13664081590008567,1,0.9999994414154205
attribute,pitch,stats_only,esd_english,pitch,sad,0.1368870866229675,1,True,0.09570761900916266,1,0.9999418398258234
attribute,pitch,stats_only,esd_english,pitch,surprise,0.0813380624427538,1,True,0.09848466591305648,1,0.9999030131210016
attribute,pitch,stats_only,mead_part0,pitch,angry,0.0631913002060976,1,True,0.04772388989025178,1,0.952817430527307
attribute,pitch,stats_only,mead_part0,pitch,happy,0.1901042573321201,1,True,0.06595462709891307,1,0.9921340597524168
attribute,pitch,stats_only,mead_part0,pitch,neutral,0.1553755929679176,1,True,0.18176891242806714,1,0.9999999268234325
attribute,pitch,stats_only,mead_part0,pitch,sad,0.0316345577562277,1,True,0.06282471101194137,1,0.9900130704320772
attribute,pitch,stats_only,mead_part0,pitch,surprise,0.0073112798950607,1,False,0.06903055130610516,1,0.9959919522577887
attribute,pitch,stats_only,ravdess_speech,pitch,angry,0.0185909732784682,1,False,0.028487139406315937,1,0.9287140892680943
attribute,pitch,stats_only,ravdess_speech,pitch,happy,0.0427718424593458,1,True,0.023910308974355275,1,0.8943570016798142
attribute,pitch,stats_only,ravdess_speech,pitch,neutral,0.1534417518662887,1,True,0.13630614562525967,1,0.9999972311203882
attribute,pitch,stats_only,ravdess_speech,pitch,sad,0.0801938468583791,1,True,0.04012444936164331,1,0.9887719650601478
attribute,pitch,stats_only,ravdess_speech,pitch,surprise,0.0125548688541052,1,False,0.0160758448097746,1,0.8428354349243063
attribute,pitch,stats_only,msp,pitch,angry,0.0176588029710441,1,True,0.004375744584946519,0,0.16366966499809485
attribute,pitch,stats_only,msp,pitch,happy,0.0538796511451181,1,True,0.0048621163820104915,1,0.6555724604521482
attribute,pitch,stats_only,msp,pitch,neutral,-0.3229485066290669,0,True,-0.03771723828451124,0,0.08653855059178754
attribute,pitch,stats_only,msp,pitch,sad,0.1273329592218863,1,True,0.06160049393904238,1,0.9735017140465745
attribute,pitch,stats_only,msp,pitch,surprise,0.0059885036014568,1,True,0.07232922328737984,1,0.9277951099133315
attribute,pitch,stats_only,meld,pitch,angry,-0.0094238316879113,0,False,0.0085211459924406,0,0.1815344125721596
attribute,pitch,stats_only,meld,pitch,happy,-0.0183416642914438,0,False,0.004172536829817519,0,0.4180338030994744
attribute,pitch,stats_only,meld,pitch,neutral,-0.0025453490131692,0,False,-0.043043097149675996,0,0.23057096285107045
attribute,pitch,stats_only,meld,pitch,sad,-0.0076838489318792,0,False,0.003703820350978663,0,0.13675362288557794
attribute,pitch,stats_only,meld,pitch,surprise,0.0925728235140581,1,True,0.027230074744740908,1,0.7000840527779929
attribute,pitch,combined,esd_english,pitch,angry,0.0999050454638506,1,True,0.016541601101650903,1,0.8447942713334764
attribute,pitch,combined,esd_english,pitch,happy,0.0399739066178174,1,False,0.0632489718175841,1,0.9988412240942177
attribute,pitch,combined,esd_english,pitch,neutral,0.1760816646948116,1,True,0.1244768887733197,1,0.9999997897350013
attribute,pitch,combined,esd_english,pitch,sad,0.1368870866229675,1,True,0.08505854775616066,1,0.9999352968151091
attribute,pitch,combined,esd_english,pitch,surprise,0.0813380624427538,1,True,0.09198975343568186,1,0.9999464207588493
attribute,pitch,combined,mead_part0,pitch,angry,0.0631913002060976,1,True,0.04885878889363468,1,0.973130165652839
attribute,pitch,combined,mead_part0,pitch,happy,0.1901042573321201,1,True,0.06540332778427298,1,0.9967678138186095
attribute,pitch,combined,mead_part0,pitch,neutral,0.1553755929679176,1,True,0.16736259089362665,1,0.99999997332109
attribute,pitch,combined,mead_part0,pitch,sad,0.0316345577562277,1,True,0.045720733169515096,1,0.9894923761308099
attribute,pitch,combined,mead_part0,pitch,surprise,0.0073112798950607,1,False,0.0610977998957246,1,0.9984080768476356
attribute,pitch,combined,ravdess_speech,pitch,angry,0.0185909732784682,1,False,0.03211119034376318,1,0.9506375466845113
attribute,pitch,combined,ravdess_speech,pitch,happy,0.0427718424593458,1,True,0.023896438135579814,1,0.9409765031204267
attribute,pitch,combined,ravdess_speech,pitch,neutral,0.1534417518662887,1,True,0.12654145425847624,1,0.9999990406735738
attribute,pitch,combined,ravdess_speech,pitch,sad,0.0801938468583791,1,True,0.026858232680740092,1,0.9866585461990243
attribute,pitch,combined,ravdess_speech,pitch,surprise,0.0125548688541052,1,False,0.009655468522919944,1,0.918227931590191
attribute,pitch,combined,msp,pitch,angry,0.0176588029710441,1,True,7.755939939679043e-05,0,0.18664670072251868
attribute,pitch,combined,msp,pitch,happy,0.0538796511451181,1,True,0.003060608469722787,1,0.7445173370230035
attribute,pitch,combined,msp,pitch,neutral,-0.3229485066290669,0,True,-0.044139228346797746,0,0.2631738501447353
attribute,pitch,combined,msp,pitch,sad,0.1273329592218863,1,True,0.04862618781657145,1,0.9636868110386995
attribute,pitch,combined,msp,pitch,surprise,0.0059885036014568,1,True,0.06269510225052212,1,0.9621163563040608
attribute,pitch,combined,meld,pitch,angry,-0.0094238316879113,0,False,0.007784088705869941,0,0.21041289258639997
attribute,pitch,combined,meld,pitch,happy,-0.0183416642914438,0,False,0.004679716381451208,1,0.5275881548041447
attribute,pitch,combined,meld,pitch,neutral,-0.0025453490131692,0,False,-0.05197298075141727,0,0.3989972394674845
attribute,pitch,combined,meld,pitch,sad,-0.0076838489318792,0,False,-0.014340716197861404,0,0.08497951190099728
attribute,pitch,combined,meld,pitch,surprise,0.0925728235140581,1,True,0.022478623184736868,1,0.8145180769867767
attribute,rate,labels_only,esd_english,rate,angry,-0.0001588469236613,0,False,0.02543247475572251,0,0.49245726814932833
attribute,rate,labels_only,esd_english,rate,happy,0.0294822747210762,1,False,0.03328056692851753,0,0.49245726814932855
attribute,rate,labels_only,esd_english,rate,neutral,0.0202538909175772,1,True,0.03596685674649095,1,0.5669645927831733
attribute,rate,labels_only,esd_english,rate,sad,-0.002904281095723,0,False,0.03507919498312098,0,0.4164857149012737
attribute,rate,labels_only,esd_english,rate,surprise,-0.0166343138977364,0,False,0.028086459824218403,1,0.594510909861587
attribute,rate,labels_only,mead_part0,rate,angry,0.0101536940900532,1,True,0.02543247475572251,0,0.49245726814932833
attribute,rate,labels_only,mead_part0,rate,happy,0.0132016380338443,1,True,0.03328056692851753,0,0.49245726814932855
attribute,rate,labels_only,mead_part0,rate,neutral,0.0072775908242173,1,True,0.03596685674649095,1,0.5669645927831733
attribute,rate,labels_only,mead_part0,rate,sad,0.0063667725551621,1,False,0.03507919498312098,0,0.4164857149012737
attribute,rate,labels_only,mead_part0,rate,surprise,0.0112318017780627,1,True,0.028086459824218403,1,0.594510909861587
attribute,rate,labels_only,ravdess_speech,rate,angry,0.0451212175403463,1,True,0.02543247475572251,0,0.49245726814932833
attribute,rate,labels_only,ravdess_speech,rate,happy,0.0636177538270417,1,True,0.03328056692851753,0,0.49245726814932855
attribute,rate,labels_only,ravdess_speech,rate,neutral,0.0694176717941696,1,False,0.03596685674649095,1,0.5669645927831733
attribute,rate,labels_only,ravdess_speech,rate,sad,-0.0196834043600819,0,False,0.03507919498312098,0,0.4164857149012737
attribute,rate,labels_only,ravdess_speech,rate,surprise,0.0342632492877761,1,True,0.028086459824218403,1,0.594510909861587
attribute,rate,labels_only,msp,rate,angry,0.1596938792014669,1,True,0.02543247475572251,0,0.49245726814932833
attribute,rate,labels_only,msp,rate,happy,0.0169347816779929,1,True,0.03328056692851753,0,0.49245726814932855
attribute,rate,labels_only,msp,rate,neutral,-0.4342599240903169,0,True,0.03596685674649095,1,0.5669645927831733
attribute,rate,labels_only,msp,rate,sad,-0.1650845097710863,0,True,0.03507919498312098,0,0.4164857149012737
attribute,rate,labels_only,msp,rate,surprise,0.0361572761895004,1,True,0.028086459824218403,1,0.594510909861587
attribute,rate,labels_only,meld,rate,angry,-0.0091247101157631,0,False,0.02543247475572251,0,0.49245726814932833
attribute,rate,labels_only,meld,rate,happy,-0.0464173985959821,0,True,0.03328056692851753,0,0.49245726814932855
attribute,rate,labels_only,meld,rate,neutral,0.0047746772434461,1,False,0.03596685674649095,1,0.5669645927831733
attribute,rate,labels_only,meld,rate,sad,-0.0095923710414499,0,False,0.03507919498312098,0,0.4164857149012737
attribute,rate,labels_only,meld,rate,surprise,0.0017685376452797,1,False,0.028086459824218403,1,0.594510909861587
attribute,rate,stats_only,esd_english,rate,angry,-0.0001588469236613,0,False,0.023779863421179253,0,0.39008032685318056
attribute,rate,stats_only,esd_english,rate,happy,0.0294822747210762,1,False,0.017187682736944737,0,0.44207069226520757
attribute,rate,stats_only,esd_english,rate,neutral,0.0202538909175772,1,True,0.017729995832716672,1,0.5526672120918344
attribute,rate,stats_only,esd_english,rate,sad,-0.002904281095723,0,False,0.010873808872702208,0,0.39836885523447346
attribute,rate,stats_only,esd_english,rate,surprise,-0.0166343138977364,0,False,0.0256786860730345,0,0.3905768275302856
attribute,rate,stats_only,mead_part0,rate,angry,0.0101536940900532,1,True,0.03733284019927226,1,0.5226009843048269
attribute,rate,stats_only,mead_part0,rate,happy,0.0132016380338443,1,True,0.029614174629918825,1,0.6527662939357648
attribute,rate,stats_only,mead_part0,rate,neutral,0.0072775908242173,1,True,0.0417749178504197,1,0.6621921615428308
attribute,rate,stats_only,mead_part0,rate,sad,0.0063667725551621,1,False,0.03152422088524178,1,0.6399011957061407
attribute,rate,stats_only,mead_part0,rate,surprise,0.0112318017780627,1,True,0.024958323517780316,1,0.5116482519753082
attribute,rate,stats_only,ravdess_speech,rate,angry,0.0451212175403463,1,True,0.02099951476655569,0,0.48617858756624555
attribute,rate,stats_only,ravdess_speech,rate,happy,0.0636177538270417,1,True,0.02526836173534476,0,0.3770656354331121
attribute,rate,stats_only,ravdess_speech,rate,neutral,0.0694176717941696,1,False,0.02000709051234513,1,0.634547304246719
attribute,rate,stats_only,ravdess_speech,rate,sad,-0.0196834043600819,0,False,0.016988690168047205,0,0.3509776890126524
attribute,rate,stats_only,ravdess_speech,rate,surprise,0.0342632492877761,1,True,0.006221984478619401,1,0.7295105156807171
attribute,rate,stats_only,msp,rate,angry,0.1596938792014669,1,True,0.02762572480813113,0,0.20456061373723888
attribute,rate,stats_only,msp,rate,happy,0.0169347816779929,1,True,0.024319041084275926,0,0.40655932146072615
attribute,rate,stats_only,msp,rate,neutral,-0.4342599240903169,0,True,0.012012014658194691,0,0.45077908685029117
attribute,rate,stats_only,msp,rate,sad,-0.1650845097710863,0,True,-0.044768520010615105,0,0.017131312876150277
attribute,rate,stats_only,msp,rate,surprise,0.0361572761895004,1,True,0.036592116732794736,0,0.09692466285216388
attribute,rate,stats_only,meld,rate,angry,-0.0091247101157631,0,False,0.00362514194722216,0,0.06920727853469574
attribute,rate,stats_only,meld,rate,happy,-0.0464173985959821,0,True,-0.007200517611662384,0,0.08646914083840909
attribute,rate,stats_only,meld,rate,neutral,0.0047746772434461,1,False,-0.003255332145011433,0,0.32623531543554407
attribute,rate,stats_only,meld,rate,sad,-0.0095923710414499,0,False,-0.02603348609494225,0,0.03064703590989243
attribute,rate,stats_only,meld,rate,surprise,0.0017685376452797,1,False,-0.017231466086524087,0,0.0545098115423727
attribute,rate,combined,esd_english,rate,angry,-0.0001588469236613,0,False,0.02681756755995076,0,0.46551440213363343
attribute,rate,combined,esd_english,rate,happy,0.0294822747210762,1,False,0.017727533970653273,0,0.41249926494079286
attribute,rate,combined,esd_english,rate,neutral,0.0202538909175772,1,True,0.011461469667045109,1,0.6493734912036989
attribute,rate,combined,esd_english,rate,sad,-0.002904281095723,0,False,0.014558741877967265,0,0.4126457675957919
attribute,rate,combined,esd_english,rate,surprise,-0.0166343138977364,0,False,0.019501455292582168,1,0.5568172585837567
attribute,rate,combined,mead_part0,rate,angry,0.0101536940900532,1,True,0.03929713511285797,1,0.5965004451183075
attribute,rate,combined,mead_part0,rate,happy,0.0132016380338443,1,True,0.030567808545671975,1,0.6119367831098027
attribute,rate,combined,mead_part0,rate,neutral,0.0072775908242173,1,True,0.034662678929558745,1,0.7589072939775203
attribute,rate,combined,mead_part0,rate,sad,0.0063667725551621,1,False,0.0350927525869381,1,0.64276663223998
attribute,rate,combined,mead_part0,rate,surprise,0.0112318017780627,1,True,0.020688003601590017,1,0.6535040227560884
attribute,rate,combined,ravdess_speech,rate,angry,0.0451212175403463,1,True,0.02440800258902947,1,0.557682979798266
attribute,rate,combined,ravdess_speech,rate,happy,0.0636177538270417,1,True,0.025544817510276423,0,0.3595897065016354
attribute,rate,combined,ravdess_speech,rate,neutral,0.0694176717941696,1,False,0.013726508037588007,1,0.7258089020063612
attribute,rate,combined,ravdess_speech,rate,sad,-0.0196834043600819,0,False,0.020207158925637715,0,0.3677572451251415
attribute,rate,combined,ravdess_speech,rate,surprise,0.0342632492877761,1,True,0.0016859174551674752,1,0.8152408977622204
attribute,rate,combined,msp,rate,angry,0.1596938792014669,1,True,0.03158243847485591,0,0.1961803002042307
attribute,rate,combined,msp,rate,happy,0.0169347816779929,1,True,0.025392178483066137,0,0.368184494439175
attribute,rate,combined,msp,rate,neutral,-0.4342599240903169,0,True,0.007822592305304747,1,0.5305864219197107
attribute,rate,combined,msp,rate,sad,-0.1650845097710863,0,True,-0.043147121105830764,0,0.01561549077284417
attribute,rate,combined,msp,rate,surprise,0.0361572761895004,1,True,0.03113392604012997,0,0.13616989118493508
attribute,rate,combined,meld,rate,angry,-0.0091247101157631,0,False,0.005399088803791894,0,0.07582614123223622
attribute,rate,combined,meld,rate,happy,-0.0464173985959821,0,True,-0.006632362843703582,0,0.06998018881855207
attribute,rate,combined,meld,rate,neutral,0.0047746772434461,1,False,-0.007146400036656363,0,0.39828650878675254
attribute,rate,combined,meld,rate,sad,-0.0095923710414499,0,False,-0.023145630545631908,0,0.021648622179880984
attribute,rate,combined,meld,rate,surprise,0.0017685376452797,1,False,-0.021698260273108866,0,0.08081739605564495
