dataset,K,mae_to_neutral,mae_to_marginal,median_error_to_neutral,median_error_to_marginal,n_speaker_evals
esd_english,1,2.129044655971043,2.079321470659552,1.993538461349445,1.7444222219255465,30
esd_english,2,3.5423499999261736,1.9028579522279798,2.610164849924402,1.4322265258289661,30
esd_english,5,5.185496354234803,2.6879281755176194,5.479161349425993,2.222341437177377,30
esd_english,10,3.1074489140386277,1.373884262539623,2.7462965964969683,0.9445249401478648,30
mead_part0,1,2.8622351002601985,1.8916152852007866,2.157621757591116,1.3196683898580872,144
mead_part0,2,2.374917342208437,1.063044457080886,1.7871060076324738,0.7391761904290561,144
mead_part0,5,2.411125492020674,0.9964999745599007,1.8896910334831034,0.5365044186918624,144
mead_part0,10,2.000961392279027,0.7213016635543722,1.7736298327863693,0.5999766843877694,144
ravdess_speech,1,5.355907140410624,3.921753690036009,4.029722516827441,3.751744963300254,72
ravdess_speech,2,4.092180894411004,2.6643459871348707,3.5675501350827545,2.693546942682694,72
ravdess_speech,5,3.4813004437952335,2.546016377696777,2.9551679305430625,1.7537917763615596,72
ravdess_speech,10,4.103814770913118,1.0824279113700463,3.6640879218642297,0.7645021197878492,72
