dataset,attribute,emotion,selected_threshold,fallback,prob_relative,nested_choice,nested_f1,training_best_fixed_f1,naive_stats_router_f1,oracle_f1,absolute,relative
esd_english,pitch,angry,0.8,relative,0.830195204093479,relative,0.2474705943906671,0.2474705943906671,0.2474705943906671,0.2474705943906671,0.1475655489268164,0.2474705943906671
esd_english,pitch,happy,0.8,relative,0.9932604236276907,relative,0.171639224960889,0.171639224960889,0.171639224960889,0.171639224960889,0.1316653183430715,0.171639224960889
esd_english,pitch,neutral,0.8,relative,0.9999591833604268,relative,0.5421603578258313,0.5421603578258313,0.5421603578258313,0.5421603578258313,0.3660786931310196,0.5421603578258313
esd_english,pitch,sad,0.8,relative,0.9989401840273866,relative,0.2338304508658968,0.2338304508658968,0.2338304508658968,0.2338304508658968,0.0969433642429293,0.2338304508658968
esd_english,pitch,surprise,0.8,relative,0.9990948152177858,relative,0.412779004652318,0.412779004652318,0.412779004652318,0.412779004652318,0.3314409422095642,0.412779004652318
esd_english,loudness,angry,0.8,relative,0.8372123824561303,relative,0.1720173022667326,0.1720173022667326,0.1720173022667326,0.2042251230846773,0.2042251230846773,0.1720173022667326
esd_english,loudness,happy,0.8,relative,0.5344663567569885,relative,0.2252536383363281,0.2252536383363281,0.2252536383363281,0.2334964046705226,0.2334964046705226,0.2252536383363281
esd_english,loudness,neutral,0.8,relative,0.7234120637599012,relative,0.5090811482359224,0.5090811482359224,0.5090811482359224,0.5090811482359224,0.4961935184453948,0.5090811482359224
esd_english,loudness,sad,0.8,relative,0.6647532426034574,relative,0.205704261981837,0.205704261981837,0.205704261981837,0.205704261981837,0.191423146118948,0.205704261981837
esd_english,loudness,surprise,0.8,relative,0.8601445026927848,relative,0.3882702103107813,0.3882702103107813,0.3882702103107813,0.3882702103107813,0.370007726672084,0.3882702103107813
esd_english,rate,angry,0.8,relative,0.6218679778121065,relative,0.1356086428273508,0.1356086428273508,0.1356086428273508,0.1357674897510121,0.1357674897510121,0.1356086428273508
esd_english,rate,happy,0.8,relative,0.6488030450040082,relative,0.1100058262951095,0.1100058262951095,0.1100058262951095,0.1100058262951095,0.0805235515740332,0.1100058262951095
esd_english,rate,neutral,0.8,relative,0.805812500452233,relative,0.2804081816876196,0.2804081816876196,0.2804081816876196,0.2804081816876196,0.2601542907700424,0.2804081816876196
esd_english,rate,sad,0.8,relative,0.5209816779015063,relative,0.3659667750818205,0.3659667750818205,0.3659667750818205,0.3688710561775436,0.3688710561775436,0.3659667750818205
esd_english,rate,surprise,0.8,relative,0.7234741112282805,relative,0.0604506337439324,0.0604506337439324,0.0604506337439324,0.0770849476416688,0.0770849476416688,0.0604506337439324
mead_part0,pitch,angry,0.5,relative,0.8534987993196321,relative,0.1148252086960416,0.1148252086960416,0.1148252086960416,0.1148252086960416,0.051633908489944,0.1148252086960416
mead_part0,pitch,happy,0.5,relative,0.9502062773358093,relative,0.2548414454459051,0.2548414454459051,0.2548414454459051,0.2548414454459051,0.064737188113785,0.2548414454459051
mead_part0,pitch,neutral,0.5,relative,0.9999819940069937,relative,0.3538391885103856,0.3538391885103856,0.3538391885103856,0.3538391885103856,0.198463595542468,0.3538391885103856
mead_part0,pitch,sad,0.5,relative,0.9514593133254199,relative,0.0515552497610678,0.0515552497610678,0.0515552497610678,0.0515552497610678,0.0199206920048401,0.0515552497610678
mead_part0,pitch,surprise,0.5,relative,0.9766643525794868,relative,0.3311400855143465,0.3311400855143465,0.3311400855143465,0.3311400855143465,0.3238288056192858,0.3311400855143465
mead_part0,loudness,angry,0.5,relative,0.8088506172279049,relative,0.3896223599640233,0.3896223599640233,0.3896223599640233,0.3896223599640233,0.3657470413683081,0.3896223599640233
mead_part0,loudness,happy,0.5,relative,0.6740844887404773,relative,0.2042320854036734,0.2042320854036734,0.2042320854036734,0.2042320854036734,0.1482399425059008,0.2042320854036734
mead_part0,loudness,neutral,0.5,relative,0.9975364557184004,relative,0.3525656027088864,0.3525656027088864,0.3525656027088864,0.3525656027088864,0.2700498231497408,0.3525656027088864
mead_part0,loudness,sad,0.5,relative,0.5854275876254782,relative,0.0875263071299989,0.0875263071299989,0.0875263071299989,0.0875263071299989,0.0653694068254607,0.0875263071299989
mead_part0,loudness,surprise,0.5,relative,0.7953290869304852,relative,0.1052666597431129,0.1052666597431129,0.1052666597431129,0.1052666597431129,0.074551554453332,0.1052666597431129
mead_part0,rate,angry,0.5,relative,0.5280112123905509,relative,0.0616541033894921,0.0616541033894921,0.0616541033894921,0.0616541033894921,0.0515004092994389,0.0616541033894921
mead_part0,rate,happy,0.5,relative,0.6468594543911219,relative,0.0919286074889757,0.0919286074889757,0.0919286074889757,0.0919286074889757,0.0787269694551314,0.0919286074889757
mead_part0,rate,neutral,0.5,relative,0.6514789836406222,relative,0.1735329623562394,0.1735329623562394,0.1735329623562394,0.1735329623562394,0.1662553715320221,0.1735329623562394
mead_part0,rate,sad,0.5,relative,0.634337485100527,relative,0.3545926833445633,0.3545926833445633,0.3545926833445633,0.3545926833445633,0.3482259107894012,0.3545926833445633
mead_part0,rate,surprise,0.5,relative,0.4683910919935157,absolute,0.0419563066980487,0.0531881084761115,0.0419563066980487,0.0531881084761115,0.0419563066980487,0.0531881084761115
meld,pitch,angry,0.7,relative,0.29004526327433894,absolute,0.1863113637052834,0.1768875320173721,0.1863113637052834,0.1863113637052834,0.1863113637052834,0.1768875320173721
meld,pitch,happy,0.7,relative,0.5187348499826254,relative,0.0882560697025279,0.0882560697025279,0.0882560697025279,0.1065977339939717,0.1065977339939717,0.0882560697025279
meld,pitch,neutral,0.7,relative,0.15774153853419742,absolute,0.5677616427637738,0.5652162937506046,0.5677616427637738,0.5677616427637738,0.5677616427637738,0.5652162937506046
meld,pitch,sad,0.7,relative,0.19590139170152163,absolute,0.0645605537662001,0.0568767048343208,0.0645605537662001,0.0645605537662001,0.0645605537662001,0.0568767048343208
meld,pitch,surprise,0.7,relative,0.6224990079290932,relative,0.1288535465946695,0.1288535465946695,0.1288535465946695,0.1288535465946695,0.0362807230806113,0.1288535465946695
meld,loudness,angry,0.7,relative,0.18380058074376845,absolute,0.1563412848073283,0.177108848347168,0.1563412848073283,0.177108848347168,0.1563412848073283,0.177108848347168
meld,loudness,happy,0.7,relative,0.4605988822686946,relative,0.0960842974387391,0.0960842974387391,0.0919682950309478,0.0960842974387391,0.0919682950309478,0.0960842974387391
meld,loudness,neutral,0.7,relative,0.5503981167015287,relative,0.1023634749803078,0.1023634749803078,0.1023634749803078,0.1023634749803078,0.0826911564749945,0.1023634749803078
meld,loudness,sad,0.7,relative,0.009025098235117074,absolute,0.1812086609051436,0.1796054093871583,0.1812086609051436,0.1812086609051436,0.1812086609051436,0.1796054093871583
meld,loudness,surprise,0.7,relative,0.12918865803925503,absolute,0.0628374754988824,0.04640019195765,0.0628374754988824,0.0628374754988824,0.0628374754988824,0.04640019195765
meld,rate,angry,0.7,relative,0.08582199806446085,absolute,0.1632480042601676,0.1541232941444045,0.1632480042601676,0.1632480042601676,0.1632480042601676,0.1541232941444045
meld,rate,happy,0.7,relative,0.07886643145123777,absolute,0.0804472047063478,0.0340298061103656,0.0804472047063478,0.0804472047063478,0.0804472047063478,0.0340298061103656
meld,rate,neutral,0.7,relative,0.1992975091140633,absolute,0.0977307797301241,0.1025054569735703,0.0977307797301241,0.1025054569735703,0.0977307797301241,0.1025054569735703
meld,rate,sad,0.7,relative,0.032464371849161004,absolute,0.0338813440961101,0.0242889730546601,0.0338813440961101,0.0338813440961101,0.0338813440961101,0.0242889730546601
meld,rate,surprise,0.7,relative,0.04715639450819472,absolute,0.2353332485874338,0.2371017862327136,0.2353332485874338,0.2371017862327136,0.2353332485874338,0.2371017862327136
msp,pitch,angry,0.9,relative,0.31701501189777487,relative,0.3104212492300307,0.3104212492300307,0.2927624462589865,0.3104212492300307,0.2927624462589865,0.3104212492300307
msp,pitch,happy,0.9,relative,0.7515369956376496,relative,0.1938668520298588,0.1938668520298588,0.1938668520298588,0.1938668520298588,0.1399872008847406,0.1938668520298588
msp,pitch,neutral,0.9,relative,0.3578627238981772,relative,0.2285059026268796,0.2285059026268796,0.5514544092559466,0.5514544092559466,0.5514544092559466,0.2285059026268796
msp,pitch,sad,0.9,relative,0.8947834406882462,relative,0.242072589154297,0.242072589154297,0.242072589154297,0.242072589154297,0.1147396299324106,0.242072589154297
msp,pitch,surprise,0.9,relative,0.7703025420448554,relative,0.0519857990705367,0.0519857990705367,0.0519857990705367,0.0519857990705367,0.0459972954690798,0.0519857990705367
msp,loudness,angry,0.9,relative,0.17478151093670632,relative,0.2546769936454914,0.2546769936454914,0.2644562959064805,0.2644562959064805,0.2644562959064805,0.2546769936454914
msp,loudness,happy,0.9,relative,0.9188983357847174,relative,0.1425174276486295,0.1425174276486295,0.1425174276486295,0.1425174276486295,0.1346626739395602,0.1425174276486295
msp,loudness,neutral,0.9,relative,0.8034129905587631,relative,0.3129566369296405,0.3129566369296405,0.3129566369296405,0.3129566369296405,0.1846024933158806,0.3129566369296405
msp,loudness,sad,0.9,relative,0.4001477692126814,relative,0.2395815553479161,0.2395815553479161,0.2405567565277762,0.2405567565277762,0.2405567565277762,0.2395815553479161
msp,loudness,surprise,0.9,relative,0.4171565655901812,relative,0.0297904983385729,0.0297904983385729,0.0372074607077524,0.0372074607077524,0.0372074607077524,0.0297904983385729
msp,rate,angry,0.9,relative,0.22377154492710308,relative,0.187238475719578,0.187238475719578,0.0275445965181111,0.187238475719578,0.0275445965181111,0.187238475719578
msp,rate,happy,0.9,relative,0.42758845161577486,relative,0.0372300415781683,0.0372300415781683,0.0202952599001754,0.0372300415781683,0.0202952599001754,0.0372300415781683
msp,rate,neutral,0.9,relative,0.4715624138479438,relative,0.0473876737645057,0.0473876737645057,0.4816475978548226,0.4816475978548226,0.4816475978548226,0.0473876737645057
msp,rate,sad,0.9,relative,0.03664420648695889,absolute,0.2161186138353538,0.0510341040642674,0.2161186138353538,0.2161186138353538,0.2161186138353538,0.0510341040642674
msp,rate,surprise,0.9,relative,0.1002577585700181,relative,0.0582352092154099,0.0582352092154099,0.0220779330259094,0.0582352092154099,0.0220779330259094,0.0582352092154099
ravdess_speech,pitch,angry,0.6,relative,0.888668837394098,relative,0.3270399756377287,0.3270399756377287,0.3270399756377287,0.3270399756377287,0.3084490023592605,0.3270399756377287
ravdess_speech,pitch,happy,0.6,relative,0.8461950131199003,relative,0.1410923195468212,0.1410923195468212,0.1410923195468212,0.1410923195468212,0.0983204770874753,0.1410923195468212
ravdess_speech,pitch,neutral,0.6,relative,0.9998954981073892,relative,0.4221847607141211,0.4221847607141211,0.4221847607141211,0.4221847607141211,0.2687430088478324,0.4221847607141211
ravdess_speech,pitch,sad,0.6,relative,0.9560903235066467,relative,0.2455858844307097,0.2455858844307097,0.2455858844307097,0.2455858844307097,0.1653920375723306,0.2455858844307097
ravdess_speech,pitch,surprise,0.6,relative,0.7968125693223762,relative,0.1228308221386148,0.1228308221386148,0.1228308221386148,0.1228308221386148,0.1102759532845095,0.1228308221386148
ravdess_speech,loudness,angry,0.6,relative,0.8376891774267041,relative,0.5249603717959754,0.5249603717959754,0.5249603717959754,0.5249603717959754,0.5245800324458362,0.5249603717959754
ravdess_speech,loudness,happy,0.6,relative,0.40925161662229986,relative,0.2046275015364486,0.2046275015364486,0.222815395385635,0.222815395385635,0.222815395385635,0.2046275015364486
ravdess_speech,loudness,neutral,0.6,relative,0.8532023023867623,relative,0.4494947459906495,0.4494947459906495,0.4494947459906495,0.4494947459906495,0.448683742892499,0.4494947459906495
ravdess_speech,loudness,sad,0.6,relative,0.6572175248743102,relative,0.282064742554649,0.282064742554649,0.282064742554649,0.2983961143655335,0.2983961143655335,0.282064742554649
ravdess_speech,loudness,surprise,0.6,relative,0.21311302894153816,absolute,0.2920364550805733,0.3131856637632997,0.2920364550805733,0.3131856637632997,0.2920364550805733,0.3131856637632997
ravdess_speech,rate,angry,0.6,relative,0.6221996142318065,relative,0.4980124971803789,0.4980124971803789,0.4980124971803789,0.4980124971803789,0.4528912796400325,0.4980124971803789
ravdess_speech,rate,happy,0.6,relative,0.45789970902500693,relative,0.1770485594014564,0.1770485594014564,0.1134308055744146,0.1770485594014564,0.1134308055744146,0.1770485594014564
ravdess_speech,rate,neutral,0.6,relative,0.683687492580029,relative,0.2020514655508518,0.2020514655508518,0.2020514655508518,0.2020514655508518,0.1326337937566822,0.2020514655508518
ravdess_speech,rate,sad,0.6,relative,0.43404100230822573,relative,0.167433759659736,0.167433759659736,0.187117164019818,0.187117164019818,0.187117164019818,0.167433759659736
ravdess_speech,rate,surprise,0.6,relative,0.7745835028958419,relative,0.4433192199516862,0.4433192199516862,0.4433192199516862,0.4433192199516862,0.40905597066391,0.4433192199516862
