dataset,policy,n_cells,mean_f1,mean_oracle_regret,gain_vs_training_best_fixed
esd_english,training_best_fixed,15,0.270709750230869,0.004009868604617334,0.0
esd_english,naive_stats_router,15,0.270709750230869,0.004009868604617334,0.0
esd_english,nested_router,15,0.270709750230869,0.004009868604617334,0.0
esd_english,oracle,15,0.27471961883548635,0.0,0.004009868604617328
mead_part0,training_best_fixed,15,0.19868737719552157,0.0,0.0
mead_part0,naive_stats_router,15,0.19793859041031736,0.0007487867852041867,-0.0007487867852042085
mead_part0,nested_router,15,0.19793859041031736,0.0007487867852041867,-0.0007487867852042085
mead_part0,oracle,15,0.19868737719552157,0.0,0.0
meld,training_best_fixed,15,0.14464677903508216,0.008077980582454443,0.0
meld,naive_stats_router,15,0.14940686327568323,0.003317896341853386,0.004760084240601065
meld,nested_router,15,0.14968126343620264,0.0030434961813339666,0.005034484401120476
meld,oracle,15,0.1527247596175366,0.0,0.00807798058245443
msp,training_best_fixed,15,0.15916673389091882,0.06269762708669993,0.0
msp,naive_stats_router,15,0.20650137830828513,0.015362982669333633,0.04733464441736632
msp,nested_router,15,0.17017236787565793,0.051691993101960834,0.01100563398473911
msp,oracle,15,0.22186436097761877,0.0,0.06269762708669996
ravdess_speech,training_best_fixed,15,0.30139548599020843,0.003613511334676861,0.0
ravdess_speech,naive_stats_router,15,0.2982691083701751,0.006739888954710181,-0.003126377620033316
ravdess_speech,nested_router,15,0.29998553874469336,0.005023458580191955,-0.0014099472455150752
ravdess_speech,oracle,15,0.30500899732488534,0.0,0.003613511334676911
