dataset,seed,fold,lambda,target,representation,ccc
msp,20260920,0,0.0,valence,absolute,0.00585947303671276
msp,20260920,0,0.0,arousal,absolute,0.13404437985328102
msp,20260920,0,0.0,dominance,absolute,0.09109012552009395
msp,20260920,0,0.0,valence,kshot_relative,0.01175779141062177
msp,20260920,0,0.0,arousal,kshot_relative,0.30779488829152557
msp,20260920,0,0.0,dominance,kshot_relative,0.21504231665743126
msp,20260920,0,0.0,valence,kshot_hybrid,0.013078060301494885
msp,20260920,0,0.0,arousal,kshot_hybrid,0.3101187855794128
msp,20260920,0,0.0,dominance,kshot_hybrid,0.21734506429906625
msp,20260920,0,0.25,valence,absolute,0.0038570891935444077
msp,20260920,0,0.25,arousal,absolute,0.23840867932237542
msp,20260920,0,0.25,dominance,absolute,0.16887917626733134
msp,20260920,0,0.25,valence,kshot_relative,0.012322667181509487
msp,20260920,0,0.25,arousal,kshot_relative,0.2956566731479479
msp,20260920,0,0.25,dominance,kshot_relative,0.20832768375314709
msp,20260920,0,0.25,valence,kshot_hybrid,0.013315597375386986
msp,20260920,0,0.25,arousal,kshot_hybrid,0.339322223280471
msp,20260920,0,0.25,dominance,kshot_hybrid,0.24179584160611478
msp,20260920,0,0.5,valence,absolute,0.0022919093303166212
msp,20260920,0,0.5,arousal,absolute,0.3318395721800488
msp,20260920,0,0.5,dominance,absolute,0.2458806304273876
msp,20260920,0,0.5,valence,kshot_relative,0.01255842082390912
msp,20260920,0,0.5,arousal,kshot_relative,0.26527448064098524
msp,20260920,0,0.5,dominance,kshot_relative,0.19073324658859878
msp,20260920,0,0.5,valence,kshot_hybrid,0.01398072630740128
msp,20260920,0,0.5,arousal,kshot_hybrid,0.38506416871650256
msp,20260920,0,0.5,dominance,kshot_hybrid,0.2822492652947588
msp,20260920,0,0.75,valence,absolute,0.0012318531491237004
msp,20260920,0,0.75,arousal,absolute,0.4004176999891776
msp,20260920,0,0.75,dominance,absolute,0.30954391682513466
msp,20260920,0,0.75,valence,kshot_relative,0.012483344841634152
msp,20260920,0,0.75,arousal,kshot_relative,0.2263506883092509
msp,20260920,0,0.75,dominance,kshot_relative,0.16717667356547747
msp,20260920,0,0.75,valence,kshot_hybrid,0.014977683516415029
msp,20260920,0,0.75,arousal,kshot_hybrid,0.4323259665879457
msp,20260920,0,0.75,dominance,kshot_hybrid,0.327142460241884
msp,20260920,0,1.0,valence,absolute,0.0006647011095043719
msp,20260920,0,1.0,arousal,absolute,0.4449894421999012
msp,20260920,0,1.0,dominance,absolute,0.3565357065920588
msp,20260920,0,1.0,valence,kshot_relative,0.012154206243938974
msp,20260920,0,1.0,arousal,kshot_relative,0.18745766878700337
msp,20260920,0,1.0,dominance,kshot_relative,0.14245107345044608
msp,20260920,0,1.0,valence,kshot_hybrid,0.01618319791349218
msp,20260920,0,1.0,arousal,kshot_hybrid,0.47250347877784943
msp,20260920,0,1.0,dominance,kshot_hybrid,0.3682910378603059
msp,20260920,1,0.0,valence,absolute,0.006084500444136923
msp,20260920,1,0.0,arousal,absolute,0.137136930784401
msp,20260920,1,0.0,dominance,absolute,0.08675857917738401
msp,20260920,1,0.0,valence,kshot_relative,0.011508920988291038
msp,20260920,1,0.0,arousal,kshot_relative,0.3168053992161461
msp,20260920,1,0.0,dominance,kshot_relative,0.22019530731082715
msp,20260920,1,0.0,valence,kshot_hybrid,0.012619835419286081
msp,20260920,1,0.0,arousal,kshot_hybrid,0.31891551230839343
msp,20260920,1,0.0,dominance,kshot_hybrid,0.22126844921735864
msp,20260920,1,0.25,valence,absolute,0.004515843363202247
msp,20260920,1,0.25,arousal,absolute,0.24212112986847073
msp,20260920,1,0.25,dominance,absolute,0.16457918325102697
msp,20260920,1,0.25,valence,kshot_relative,0.012150118631004257
msp,20260920,1,0.25,arousal,kshot_relative,0.3015157270719989
msp,20260920,1,0.25,dominance,kshot_relative,0.2116886275631449
msp,20260920,1,0.25,valence,kshot_hybrid,0.01308916112504534
msp,20260920,1,0.25,arousal,kshot_hybrid,0.3406645071788762
msp,20260920,1,0.25,dominance,kshot_hybrid,0.24029745715433037
msp,20260920,1,0.5,valence,absolute,0.0030218134713258225
msp,20260920,1,0.5,arousal,absolute,0.3377510890272702
msp,20260920,1,0.5,dominance,absolute,0.2440873889693034
msp,20260920,1,0.5,valence,kshot_relative,0.012338263728694012
msp,20260920,1,0.5,arousal,kshot_relative,0.2697857793314486
msp,20260920,1,0.5,dominance,kshot_relative,0.19344841647044056
msp,20260920,1,0.5,valence,kshot_hybrid,0.01369474462920192
msp,20260920,1,0.5,arousal,kshot_hybrid,0.3809521517025018
msp,20260920,1,0.5,dominance,kshot_hybrid,0.27813848753467896
msp,20260920,1,0.75,valence,absolute,0.0017355454421379623
msp,20260920,1,0.75,arousal,absolute,0.4099637484375266
msp,20260920,1,0.75,dominance,absolute,0.3123249451326322
msp,20260920,1,0.75,valence,kshot_relative,0.012126055478056959
msp,20260920,1,0.75,arousal,kshot_relative,0.23037233304612142
msp,20260920,1,0.75,dominance,kshot_relative,0.16983317798505454
msp,20260920,1,0.75,valence,kshot_hybrid,0.014356481089409302
msp,20260920,1,0.75,arousal,kshot_hybrid,0.42563030019468234
msp,20260920,1,0.75,dominance,kshot_hybrid,0.32323217576517094
msp,20260920,1,1.0,valence,absolute,0.000721871369438981
msp,20260920,1,1.0,arousal,absolute,0.4586023632341837
msp,20260920,1,1.0,dominance,absolute,0.36487018314274133
msp,20260920,1,1.0,valence,kshot_relative,0.011622263263158319
msp,20260920,1,1.0,arousal,kshot_relative,0.19106276225770216
msp,20260920,1,1.0,dominance,kshot_relative,0.1451323412484365
msp,20260920,1,1.0,valence,kshot_hybrid,0.015004530373207807
msp,20260920,1,1.0,arousal,kshot_hybrid,0.4654637337773926
msp,20260920,1,1.0,dominance,kshot_hybrid,0.3665079488701312
msp,20260920,2,0.0,valence,absolute,0.005550726822246177
msp,20260920,2,0.0,arousal,absolute,0.14239412316472355
msp,20260920,2,0.0,dominance,absolute,0.09869558195833278
msp,20260920,2,0.0,valence,kshot_relative,0.013674920598705639
msp,20260920,2,0.0,arousal,kshot_relative,0.31953769060024617
msp,20260920,2,0.0,dominance,kshot_relative,0.23875216662190304
msp,20260920,2,0.0,valence,kshot_hybrid,0.01370628680107573
msp,20260920,2,0.0,arousal,kshot_hybrid,0.3226252942054549
msp,20260920,2,0.0,dominance,kshot_hybrid,0.24071994558297008
msp,20260920,2,0.25,valence,absolute,0.003232298002835345
msp,20260920,2,0.25,arousal,absolute,0.2495368820766827
msp,20260920,2,0.25,dominance,absolute,0.18176475491604424
msp,20260920,2,0.25,valence,kshot_relative,0.013684573215350127
msp,20260920,2,0.25,arousal,kshot_relative,0.29556154328784406
msp,20260920,2,0.25,dominance,kshot_relative,0.2243046465351324
msp,20260920,2,0.25,valence,kshot_hybrid,0.013615980635529183
msp,20260920,2,0.25,arousal,kshot_hybrid,0.3447216308836054
msp,20260920,2,0.25,dominance,kshot_hybrid,0.2596252881990145
msp,20260920,2,0.5,valence,absolute,0.001408478394046462
msp,20260920,2,0.5,arousal,absolute,0.34332480735051735
msp,20260920,2,0.5,dominance,absolute,0.2639404216586828
msp,20260920,2,0.5,valence,kshot_relative,0.013302385111863367
msp,20260920,2,0.5,arousal,kshot_relative,0.25515079047833095
msp,20260920,2,0.5,dominance,kshot_relative,0.19966101871716144
msp,20260920,2,0.5,valence,kshot_hybrid,0.014059141505603438
msp,20260920,2,0.5,arousal,kshot_hybrid,0.38900050695133626
msp,20260920,2,0.5,dominance,kshot_hybrid,0.3000306781474484
msp,20260920,2,0.75,valence,absolute,0.00018166471512649822
msp,20260920,2,0.75,arousal,absolute,0.4108078507223651
msp,20260920,2,0.75,dominance,absolute,0.3321702335633818
msp,20260920,2,0.75,valence,kshot_relative,0.012601962621659765
msp,20260920,2,0.75,arousal,kshot_relative,0.20951719733961827
msp,20260920,2,0.75,dominance,kshot_relative,0.1703819722988065
msp,20260920,2,0.75,valence,kshot_hybrid,0.014940636475482359
msp,20260920,2,0.75,arousal,kshot_hybrid,0.437938016026451
msp,20260920,2,0.75,dominance,kshot_hybrid,0.34850289610094104
msp,20260920,2,1.0,valence,absolute,-0.0004565347344844773
msp,20260920,2,1.0,arousal,absolute,0.45395822146769865
msp,20260920,2,1.0,dominance,absolute,0.3829638356714496
msp,20260920,2,1.0,valence,kshot_relative,0.011692538313534376
msp,20260920,2,1.0,arousal,kshot_relative,0.1670645580448184
msp,20260920,2,1.0,dominance,kshot_relative,0.14136728426135198
msp,20260920,2,1.0,valence,kshot_hybrid,0.01611532782118943
msp,20260920,2,1.0,arousal,kshot_hybrid,0.4808873709934161
msp,20260920,2,1.0,dominance,kshot_hybrid,0.39473480842555353
msp,20260920,3,0.0,valence,absolute,0.0051436776604482535
msp,20260920,3,0.0,arousal,absolute,0.12737008779897832
msp,20260920,3,0.0,dominance,absolute,0.08781069477769728
msp,20260920,3,0.0,valence,kshot_relative,0.012673006052800148
msp,20260920,3,0.0,arousal,kshot_relative,0.3085473821188735
msp,20260920,3,0.0,dominance,kshot_relative,0.22868906728850194
msp,20260920,3,0.0,valence,kshot_hybrid,0.012712551923504975
msp,20260920,3,0.0,arousal,kshot_hybrid,0.3098279979466522
msp,20260920,3,0.0,dominance,kshot_hybrid,0.22956204781893763
msp,20260920,3,0.25,valence,absolute,0.0024782912951368365
msp,20260920,3,0.25,arousal,absolute,0.23480036802539664
msp,20260920,3,0.25,dominance,absolute,0.17143615341580562
msp,20260920,3,0.25,valence,kshot_relative,0.012680248319776362
msp,20260920,3,0.25,arousal,kshot_relative,0.2917440127464581
msp,20260920,3,0.25,dominance,kshot_relative,0.2173546363940922
msp,20260920,3,0.25,valence,kshot_hybrid,0.01294357391096362
msp,20260920,3,0.25,arousal,kshot_hybrid,0.3347004185766206
msp,20260920,3,0.25,dominance,kshot_hybrid,0.24947232118464036
msp,20260920,3,0.5,valence,absolute,0.0005050788384475193
msp,20260920,3,0.5,arousal,absolute,0.33352757318125187
msp,20260920,3,0.5,dominance,absolute,0.2562505632167015
msp,20260920,3,0.5,valence,kshot_relative,0.012308879681151082
msp,20260920,3,0.5,arousal,kshot_relative,0.2586742953059553
msp,20260920,3,0.5,dominance,kshot_relative,0.19565685809308217
msp,20260920,3,0.5,valence,kshot_hybrid,0.014002288316525335
msp,20260920,3,0.5,arousal,kshot_hybrid,0.38298299819048603
msp,20260920,3,0.5,dominance,kshot_hybrid,0.29215819749426114
msp,20260920,3,0.75,valence,absolute,-0.0006765642710414569
msp,20260920,3,0.75,arousal,absolute,0.40835318248869207
msp,20260920,3,0.75,dominance,absolute,0.32791238081062146
msp,20260920,3,0.75,valence,kshot_relative,0.01163422121209312
msp,20260920,3,0.75,arousal,kshot_relative,0.2185419299874931
msp,20260920,3,0.75,dominance,kshot_relative,0.16879371245374872
msp,20260920,3,0.75,valence,kshot_hybrid,0.0157022704300256
msp,20260920,3,0.75,arousal,kshot_hybrid,0.43677325333328004
msp,20260920,3,0.75,dominance,kshot_hybrid,0.3435854686774149
msp,20260920,3,1.0,valence,absolute,-0.001114143556577115
msp,20260920,3,1.0,arousal,absolute,0.45900948377827894
msp,20260920,3,1.0,dominance,absolute,0.3820729766896415
msp,20260920,3,1.0,valence,kshot_relative,0.010765118208412208
msp,20260920,3,1.0,arousal,kshot_relative,0.17924051469092575
msp,20260920,3,1.0,dominance,kshot_relative,0.14158636154792953
msp,20260920,3,1.0,valence,kshot_hybrid,0.01778795944739758
msp,20260920,3,1.0,arousal,kshot_hybrid,0.4845127631680506
msp,20260920,3,1.0,dominance,kshot_hybrid,0.39276105406870754
msp,20260920,4,0.0,valence,absolute,0.007246220240454629
msp,20260920,4,0.0,arousal,absolute,0.13705016897354044
msp,20260920,4,0.0,dominance,absolute,0.0901492683621323
msp,20260920,4,0.0,valence,kshot_relative,0.015012515102756578
msp,20260920,4,0.0,arousal,kshot_relative,0.3164968735013894
msp,20260920,4,0.0,dominance,kshot_relative,0.22194326052847987
msp,20260920,4,0.0,valence,kshot_hybrid,0.01585392583829224
msp,20260920,4,0.0,arousal,kshot_hybrid,0.3186877587408937
msp,20260920,4,0.0,dominance,kshot_hybrid,0.22334270315185598
msp,20260920,4,0.25,valence,absolute,0.0052397886273354575
msp,20260920,4,0.25,arousal,absolute,0.24418749676799117
msp,20260920,4,0.25,dominance,absolute,0.1680844228043087
msp,20260920,4,0.25,valence,kshot_relative,0.014938776475746896
msp,20260920,4,0.25,arousal,kshot_relative,0.3000198803674738
msp,20260920,4,0.25,dominance,kshot_relative,0.21360535343440842
msp,20260920,4,0.25,valence,kshot_hybrid,0.015432821009145545
msp,20260920,4,0.25,arousal,kshot_hybrid,0.3424812158059325
msp,20260920,4,0.25,dominance,kshot_hybrid,0.2435854604868877
msp,20260920,4,0.5,valence,absolute,0.0032346032236622475
msp,20260920,4,0.5,arousal,absolute,0.3421762109809418
msp,20260920,4,0.5,dominance,absolute,0.24751284922661596
msp,20260920,4,0.5,valence,kshot_relative,0.014469175276692036
msp,20260920,4,0.5,arousal,kshot_relative,0.26750403557200814
msp,20260920,4,0.5,dominance,kshot_relative,0.19589804119381996
msp,20260920,4,0.5,valence,kshot_hybrid,0.014489902274062839
msp,20260920,4,0.5,arousal,kshot_hybrid,0.3868553184997903
msp,20260920,4,0.5,dominance,kshot_hybrid,0.282510780214282
msp,20260920,4,0.75,valence,absolute,0.0013859009213824996
msp,20260920,4,0.75,arousal,absolute,0.41675717450778305
msp,20260920,4,0.75,dominance,absolute,0.31592725729439797
msp,20260920,4,0.75,valence,kshot_relative,0.013680791087189734
msp,20260920,4,0.75,arousal,kshot_relative,0.22771095260328733
msp,20260920,4,0.75,dominance,kshot_relative,0.1728068463108816
msp,20260920,4,0.75,valence,kshot_hybrid,0.01315362851016274
msp,20260920,4,0.75,arousal,kshot_hybrid,0.43598249544119655
msp,20260920,4,0.75,dominance,kshot_hybrid,0.3285156664560001
msp,20260920,4,1.0,valence,absolute,-0.00020025679283825493
msp,20260920,4,1.0,arousal,absolute,0.4675741896851199
msp,20260920,4,1.0,dominance,absolute,0.3689411004680496
msp,20260920,4,1.0,valence,kshot_relative,0.012682347773289783
msp,20260920,4,1.0,arousal,kshot_relative,0.18829598491220387
msp,20260920,4,1.0,dominance,kshot_relative,0.14838790395966975
msp,20260920,4,1.0,valence,kshot_hybrid,0.011586322294757364
msp,20260920,4,1.0,arousal,kshot_hybrid,0.4797415403465607
msp,20260920,4,1.0,dominance,kshot_hybrid,0.37254300428807424
msp,20260921,0,0.0,valence,absolute,0.005097522118155342
msp,20260921,0,0.0,arousal,absolute,0.14205786828432387
msp,20260921,0,0.0,dominance,absolute,0.0939032351872187
msp,20260921,0,0.0,valence,kshot_relative,0.010707625619238638
msp,20260921,0,0.0,arousal,kshot_relative,0.3362319926120611
msp,20260921,0,0.0,dominance,kshot_relative,0.2409510663159615
msp,20260921,0,0.0,valence,kshot_hybrid,0.011068940996602656
msp,20260921,0,0.0,arousal,kshot_hybrid,0.33793060812353654
msp,20260921,0,0.0,dominance,kshot_hybrid,0.24211183235737763
msp,20260921,0,0.25,valence,absolute,0.003427449690655137
msp,20260921,0,0.25,arousal,absolute,0.2504415407488458
msp,20260921,0,0.25,dominance,absolute,0.17506852757537153
msp,20260921,0,0.25,valence,kshot_relative,0.011112636194307064
msp,20260921,0,0.25,arousal,kshot_relative,0.32058060899467455
msp,20260921,0,0.25,dominance,kshot_relative,0.23290938210541737
msp,20260921,0,0.25,valence,kshot_hybrid,0.01144299687455814
msp,20260921,0,0.25,arousal,kshot_hybrid,0.36011058749424096
msp,20260921,0,0.25,dominance,kshot_hybrid,0.26205438414108456
msp,20260921,0,0.5,valence,absolute,0.0020734872222251924
msp,20260921,0,0.5,arousal,absolute,0.34810434548403507
msp,20260921,0,0.5,dominance,absolute,0.2570791248843847
msp,20260921,0,0.5,valence,kshot_relative,0.011159885975017738
msp,20260921,0,0.5,arousal,kshot_relative,0.28711187524243414
msp,20260921,0,0.5,dominance,kshot_relative,0.21404146260799709
msp,20260921,0,0.5,valence,kshot_hybrid,0.012219105320122742
msp,20260921,0,0.5,arousal,kshot_hybrid,0.4003896308688969
msp,20260921,0,0.5,dominance,kshot_hybrid,0.29962737389565036
msp,20260921,0,0.75,valence,absolute,0.0011110149792128506
msp,20260921,0,0.75,arousal,absolute,0.4208228047447646
msp,20260921,0,0.75,dominance,absolute,0.3266935612288209
msp,20260921,0,0.75,valence,kshot_relative,0.010889345571456616
msp,20260921,0,0.75,arousal,kshot_relative,0.2451011821888632
msp,20260921,0,0.75,dominance,kshot_relative,0.18888042594082782
msp,20260921,0,0.75,valence,kshot_hybrid,0.013282661067033085
msp,20260921,0,0.75,arousal,kshot_hybrid,0.44482031179285164
msp,20260921,0,0.75,dominance,kshot_hybrid,0.34376337010361757
msp,20260921,0,1.0,valence,absolute,0.0005406171160788442
msp,20260921,0,1.0,arousal,absolute,0.4690333299967078
msp,20260921,0,1.0,dominance,absolute,0.37966070004144475
msp,20260921,0,1.0,valence,kshot_relative,0.010380766162033905
msp,20260921,0,1.0,arousal,kshot_relative,0.20299493533244858
msp,20260921,0,1.0,dominance,kshot_relative,0.1621114573560801
msp,20260921,0,1.0,valence,kshot_hybrid,0.014498128561402446
msp,20260921,0,1.0,arousal,kshot_hybrid,0.4843588098471076
msp,20260921,0,1.0,dominance,kshot_hybrid,0.38586492486037777
msp,20260921,1,0.0,valence,absolute,0.00774610090260508
msp,20260921,1,0.0,arousal,absolute,0.13037243515689267
msp,20260921,1,0.0,dominance,absolute,0.09237436446445588
msp,20260921,1,0.0,valence,kshot_relative,0.015079837551431226
msp,20260921,1,0.0,arousal,kshot_relative,0.2956673118127863
msp,20260921,1,0.0,dominance,kshot_relative,0.21492143234842542
msp,20260921,1,0.0,valence,kshot_hybrid,0.016501580839061177
msp,20260921,1,0.0,arousal,kshot_hybrid,0.2981021659622288
msp,20260921,1,0.0,dominance,kshot_hybrid,0.21707451906794553
msp,20260921,1,0.25,valence,absolute,0.005382675892972641
msp,20260921,1,0.25,arousal,absolute,0.23998028569659915
msp,20260921,1,0.25,dominance,absolute,0.17443189170093387
msp,20260921,1,0.25,valence,kshot_relative,0.01463737490991375
msp,20260921,1,0.25,arousal,kshot_relative,0.27761036901466446
msp,20260921,1,0.25,dominance,kshot_relative,0.20397649416357155
msp,20260921,1,0.25,valence,kshot_hybrid,0.01583448422734949
msp,20260921,1,0.25,arousal,kshot_hybrid,0.3246129101290849
msp,20260921,1,0.25,dominance,kshot_hybrid,0.24055859969028762
msp,20260921,1,0.5,valence,absolute,0.003350435739311772
msp,20260921,1,0.5,arousal,absolute,0.33950621010399434
msp,20260921,1,0.5,dominance,absolute,0.2563127000748028
msp,20260921,1,0.5,valence,kshot_relative,0.013685768676685037
msp,20260921,1,0.5,arousal,kshot_relative,0.2434230177179436
msp,20260921,1,0.5,dominance,kshot_relative,0.18342778139655827
msp,20260921,1,0.5,valence,kshot_hybrid,0.015366404572994123
msp,20260921,1,0.5,arousal,kshot_hybrid,0.3744384693394914
msp,20260921,1,0.5,dominance,kshot_hybrid,0.2842238641205229
msp,20260921,1,0.75,valence,absolute,0.0017871896807183723
msp,20260921,1,0.75,arousal,absolute,0.41363878685500843
msp,20260921,1,0.75,dominance,absolute,0.324773985338233
msp,20260921,1,0.75,valence,kshot_relative,0.01236871697116755
msp,20260921,1,0.75,arousal,kshot_relative,0.20305602200780917
msp,20260921,1,0.75,dominance,kshot_relative,0.15821972157397074
msp,20260921,1,0.75,valence,kshot_hybrid,0.015113980462954155
msp,20260921,1,0.75,arousal,kshot_hybrid,0.4287300277579155
msp,20260921,1,0.75,dominance,kshot_hybrid,0.3344796721769499
msp,20260921,1,1.0,valence,absolute,0.0007290623995157051
msp,20260921,1,1.0,arousal,absolute,0.46277733628655976
msp,20260921,1,1.0,dominance,absolute,0.37610144153078895
msp,20260921,1,1.0,valence,kshot_relative,0.01085868748288926
msp,20260921,1,1.0,arousal,kshot_relative,0.16449567068886384
msp,20260921,1,1.0,dominance,kshot_relative,0.1328096584066366
msp,20260921,1,1.0,valence,kshot_hybrid,0.015056244431414012
msp,20260921,1,1.0,arousal,kshot_hybrid,0.47607322057982354
msp,20260921,1,1.0,dominance,kshot_hybrid,0.3813673283469857
msp,20260921,2,0.0,valence,absolute,0.005090931852319944
msp,20260921,2,0.0,arousal,absolute,0.1350444555397662
msp,20260921,2,0.0,dominance,absolute,0.0900723603238513
msp,20260921,2,0.0,valence,kshot_relative,0.01091996346067352
msp,20260921,2,0.0,arousal,kshot_relative,0.3121208477476986
msp,20260921,2,0.0,dominance,kshot_relative,0.22409254467516712
msp,20260921,2,0.0,valence,kshot_hybrid,0.01149142804593803
msp,20260921,2,0.0,arousal,kshot_hybrid,0.31493008894846025
msp,20260921,2,0.0,dominance,kshot_hybrid,0.22579565714609814
msp,20260921,2,0.25,valence,absolute,0.0027383481964088742
msp,20260921,2,0.25,arousal,absolute,0.24118341528618117
msp,20260921,2,0.25,dominance,absolute,0.17153400472289387
msp,20260921,2,0.25,valence,kshot_relative,0.011539587300172034
msp,20260921,2,0.25,arousal,kshot_relative,0.2937521833236968
msp,20260921,2,0.25,dominance,kshot_relative,0.21276821304704555
msp,20260921,2,0.25,valence,kshot_hybrid,0.011907113040263763
msp,20260921,2,0.25,arousal,kshot_hybrid,0.34104096535927214
msp,20260921,2,0.25,dominance,kshot_hybrid,0.2467307270519794
msp,20260921,2,0.5,valence,absolute,0.0009630759644558731
msp,20260921,2,0.5,arousal,absolute,0.3366624470934421
msp,20260921,2,0.5,dominance,absolute,0.2537670568302398
msp,20260921,2,0.5,valence,kshot_relative,0.011779863414256886
msp,20260921,2,0.5,arousal,kshot_relative,0.2585701674337706
msp,20260921,2,0.5,dominance,kshot_relative,0.19121860105670024
msp,20260921,2,0.5,valence,kshot_hybrid,0.012895462078759592
msp,20260921,2,0.5,arousal,kshot_hybrid,0.3879120605909198
msp,20260921,2,0.5,dominance,kshot_hybrid,0.2885654503680395
msp,20260921,2,0.75,valence,absolute,-0.00014677346287357118
msp,20260921,2,0.75,arousal,absolute,0.40750512715216536
msp,20260921,2,0.75,dominance,absolute,0.3231927091976541
msp,20260921,2,0.75,valence,kshot_relative,0.011666746065760987
msp,20260921,2,0.75,arousal,kshot_relative,0.21690855832354236
msp,20260921,2,0.75,dominance,kshot_relative,0.16478181924794036
msp,20260921,2,0.75,valence,kshot_hybrid,0.014295982513451088
msp,20260921,2,0.75,arousal,kshot_hybrid,0.43857481687997746
msp,20260921,2,0.75,dominance,kshot_hybrid,0.33799381437417336
msp,20260921,2,1.0,valence,absolute,-0.0006296737875858973
msp,20260921,2,1.0,arousal,absolute,0.45435430229008766
msp,20260921,2,1.0,dominance,absolute,0.3756671040313685
msp,20260921,2,1.0,valence,kshot_relative,0.01127808312124054
msp,20260921,2,1.0,arousal,kshot_relative,0.17696621383158753
msp,20260921,2,1.0,dominance,kshot_relative,0.1382166491243053
msp,20260921,2,1.0,valence,kshot_hybrid,0.015914057041726746
msp,20260921,2,1.0,arousal,kshot_hybrid,0.48286049124248515
msp,20260921,2,1.0,dominance,kshot_hybrid,0.3849752447074844
msp,20260921,3,0.0,valence,absolute,0.003377339665841011
msp,20260921,3,0.0,arousal,absolute,0.13204080444936284
msp,20260921,3,0.0,dominance,absolute,0.09078039130303857
msp,20260921,3,0.0,valence,kshot_relative,0.010252412950176742
msp,20260921,3,0.0,arousal,kshot_relative,0.3000040103330128
msp,20260921,3,0.0,dominance,kshot_relative,0.21669164942736166
msp,20260921,3,0.0,valence,kshot_hybrid,0.010518577968476623
msp,20260921,3,0.0,arousal,kshot_hybrid,0.30212519480714156
msp,20260921,3,0.0,dominance,kshot_hybrid,0.21789591644418832
msp,20260921,3,0.25,valence,absolute,0.0012976175469287066
msp,20260921,3,0.25,arousal,absolute,0.24313057204820576
msp,20260921,3,0.25,dominance,absolute,0.17599634669157802
msp,20260921,3,0.25,valence,kshot_relative,0.010332917924066352
msp,20260921,3,0.25,arousal,kshot_relative,0.2815382729227123
msp,20260921,3,0.25,dominance,kshot_relative,0.2046830685313982
msp,20260921,3,0.25,valence,kshot_hybrid,0.010706171814811174
msp,20260921,3,0.25,arousal,kshot_hybrid,0.3309955588252551
msp,20260921,3,0.25,dominance,kshot_hybrid,0.24106980594900132
msp,20260921,3,0.5,valence,absolute,-0.0002849725004259699
msp,20260921,3,0.5,arousal,absolute,0.34186148540155087
msp,20260921,3,0.5,dominance,absolute,0.2598368831828664
msp,20260921,3,0.5,valence,kshot_relative,0.010138018255572288
msp,20260921,3,0.5,arousal,kshot_relative,0.24500061480274257
msp,20260921,3,0.5,dominance,kshot_relative,0.18155537568964578
msp,20260921,3,0.5,valence,kshot_hybrid,0.01150320954587348
msp,20260921,3,0.5,arousal,kshot_hybrid,0.3829057236553641
msp,20260921,3,0.5,dominance,kshot_hybrid,0.2871274010994466
msp,20260921,3,0.75,valence,absolute,-0.0012980666526681
msp,20260921,3,0.75,arousal,absolute,0.41299441979698914
msp,20260921,3,0.75,dominance,absolute,0.3277874398304312
msp,20260921,3,0.75,valence,kshot_relative,0.009715782241924976
msp,20260921,3,0.75,arousal,kshot_relative,0.20196911626592434
msp,20260921,3,0.75,dominance,kshot_relative,0.1536056517239998
msp,20260921,3,0.75,valence,kshot_hybrid,0.012771524182264135
msp,20260921,3,0.75,arousal,kshot_hybrid,0.4371518115788048
msp,20260921,3,0.75,dominance,kshot_hybrid,0.3396116291236524
msp,20260921,3,1.0,valence,absolute,-0.0017685981527085157
msp,20260921,3,1.0,arousal,absolute,0.4583195490041904
msp,20260921,3,1.0,dominance,absolute,0.376797647274312
msp,20260921,3,1.0,valence,kshot_relative,0.009139013595852757
msp,20260921,3,1.0,arousal,kshot_relative,0.16148788895821994
msp,20260921,3,1.0,dominance,kshot_relative,0.12620969160190765
msp,20260921,3,1.0,valence,kshot_hybrid,0.01432967396720628
msp,20260921,3,1.0,arousal,kshot_hybrid,0.4824192221308495
msp,20260921,3,1.0,dominance,kshot_hybrid,0.3871514769295078
msp,20260921,4,0.0,valence,absolute,0.007103469906260654
msp,20260921,4,0.0,arousal,absolute,0.13837836465857806
msp,20260921,4,0.0,dominance,absolute,0.08700428837619202
msp,20260921,4,0.0,valence,kshot_relative,0.016673773192442138
msp,20260921,4,0.0,arousal,kshot_relative,0.32455687816596235
msp,20260921,4,0.0,dominance,kshot_relative,0.22476088079608897
msp,20260921,4,0.0,valence,kshot_hybrid,0.016992086780849933
msp,20260921,4,0.0,arousal,kshot_hybrid,0.326983222322571
msp,20260921,4,0.0,dominance,kshot_hybrid,0.22574491870261368
msp,20260921,4,0.25,valence,absolute,0.00444358446361612
msp,20260921,4,0.25,arousal,absolute,0.2347191934649505
msp,20260921,4,0.25,dominance,absolute,0.15762966002511625
msp,20260921,4,0.25,valence,kshot_relative,0.016932691273223235
msp,20260921,4,0.25,arousal,kshot_relative,0.31073817151031397
msp,20260921,4,0.25,dominance,kshot_relative,0.2179870057167889
msp,20260921,4,0.25,valence,kshot_hybrid,0.016567043065911776
msp,20260921,4,0.25,arousal,kshot_hybrid,0.3468316684364133
msp,20260921,4,0.25,dominance,kshot_hybrid,0.24231730309864793
msp,20260921,4,0.5,valence,absolute,0.0020420399793637458
msp,20260921,4,0.5,arousal,absolute,0.3227839456853178
msp,20260921,4,0.5,dominance,absolute,0.23012711852362974
msp,20260921,4,0.5,valence,kshot_relative,0.01674211575993362
msp,20260921,4,0.5,arousal,kshot_relative,0.282576697405867
msp,20260921,4,0.5,dominance,kshot_relative,0.20263887432863836
msp,20260921,4,0.5,valence,kshot_hybrid,0.01619547991830656
msp,20260921,4,0.5,arousal,kshot_hybrid,0.3827495787225067
msp,20260921,4,0.5,dominance,kshot_hybrid,0.2750246602516124
msp,20260921,4,0.75,valence,absolute,6.125839129828638e-05
msp,20260921,4,0.75,arousal,absolute,0.3909826849851161
msp,20260921,4,0.75,dominance,absolute,0.29383941252960755
msp,20260921,4,0.75,valence,kshot_relative,0.016162768866340542
msp,20260921,4,0.75,arousal,kshot_relative,0.24669873766175032
msp,20260921,4,0.75,dominance,kshot_relative,0.1818171189739396
msp,20260921,4,0.75,valence,kshot_hybrid,0.015900695177427863
msp,20260921,4,0.75,arousal,kshot_hybrid,0.4235333095607918
msp,20260921,4,0.75,dominance,kshot_hybrid,0.3151825558690269
msp,20260921,4,1.0,valence,absolute,-0.0014252546491530852
msp,20260921,4,1.0,arousal,absolute,0.4385101624392446
msp,20260921,4,1.0,dominance,absolute,0.34437740555296775
msp,20260921,4,1.0,valence,kshot_relative,0.015300927674574034
msp,20260921,4,1.0,arousal,kshot_relative,0.20951221910045548
msp,20260921,4,1.0,dominance,kshot_relative,0.1589447427146457
msp,20260921,4,1.0,valence,kshot_hybrid,0.015691488119946542
msp,20260921,4,1.0,arousal,kshot_hybrid,0.4611753719874745
msp,20260921,4,1.0,dominance,kshot_hybrid,0.3552099925534549
msp,20260922,0,0.0,valence,absolute,0.0071029592122660275
msp,20260922,0,0.0,arousal,absolute,0.13046801919433848
msp,20260922,0,0.0,dominance,absolute,0.08722002338750336
msp,20260922,0,0.0,valence,kshot_relative,0.014477093489442828
msp,20260922,0,0.0,arousal,kshot_relative,0.3043905524921115
msp,20260922,0,0.0,dominance,kshot_relative,0.21546934702866746
msp,20260922,0,0.0,valence,kshot_hybrid,0.015156697996622745
msp,20260922,0,0.0,arousal,kshot_hybrid,0.3065165839705846
msp,20260922,0,0.0,dominance,kshot_hybrid,0.21696179128214466
msp,20260922,0,0.25,valence,absolute,0.005192132082375077
msp,20260922,0,0.25,arousal,absolute,0.23911683667623151
msp,20260922,0,0.25,dominance,absolute,0.16749882526471493
msp,20260922,0,0.25,valence,kshot_relative,0.014086981487108905
msp,20260922,0,0.25,arousal,kshot_relative,0.28393299668589855
msp,20260922,0,0.25,dominance,kshot_relative,0.2044814634790034
msp,20260922,0,0.25,valence,kshot_hybrid,0.014997497843166327
msp,20260922,0,0.25,arousal,kshot_hybrid,0.33181619957842406
msp,20260922,0,0.25,dominance,kshot_hybrid,0.2381136905380587
msp,20260922,0,0.5,valence,absolute,0.003448089348958719
msp,20260922,0,0.5,arousal,absolute,0.3378745273182368
msp,20260922,0,0.5,dominance,absolute,0.24897986011270562
msp,20260922,0,0.5,valence,kshot_relative,0.013257616317247525
msp,20260922,0,0.5,arousal,kshot_relative,0.24776088949989314
msp,20260922,0,0.5,dominance,kshot_relative,0.18372665069813954
msp,20260922,0,0.5,valence,kshot_hybrid,0.01472094237650865
msp,20260922,0,0.5,arousal,kshot_hybrid,0.3813160605036624
msp,20260922,0,0.5,dominance,kshot_hybrid,0.28068188110730796
msp,20260922,0,0.75,valence,absolute,0.00199926574044538
msp,20260922,0,0.75,arousal,absolute,0.4118551698473384
msp,20260922,0,0.75,dominance,absolute,0.31799266641060403
msp,20260922,0,0.75,valence,kshot_relative,0.012106383111450089
msp,20260922,0,0.75,arousal,kshot_relative,0.20588007983046258
msp,20260922,0,0.75,dominance,kshot_relative,0.15817207199509922
msp,20260922,0,0.75,valence,kshot_hybrid,0.014363580972214034
msp,20260922,0,0.75,arousal,kshot_hybrid,0.43559762662156304
msp,20260922,0,0.75,dominance,kshot_hybrid,0.3307089336404922
msp,20260922,0,1.0,valence,absolute,0.0009050787616120233
msp,20260922,0,1.0,arousal,absolute,0.4613580494549223
msp,20260922,0,1.0,dominance,absolute,0.3702431109234493
msp,20260922,0,1.0,valence,kshot_relative,0.0107776610969267
msp,20260922,0,1.0,arousal,kshot_relative,0.16617126689825068
msp,20260922,0,1.0,dominance,kshot_relative,0.13238204727723954
msp,20260922,0,1.0,valence,kshot_hybrid,0.013967613668393815
msp,20260922,0,1.0,arousal,kshot_hybrid,0.48292009423607324
msp,20260922,0,1.0,dominance,kshot_hybrid,0.3777032051772341
msp,20260922,1,0.0,valence,absolute,0.004623926631029446
msp,20260922,1,0.0,arousal,absolute,0.13914901341255353
msp,20260922,1,0.0,dominance,absolute,0.09092335918023034
msp,20260922,1,0.0,valence,kshot_relative,0.012432366534118161
msp,20260922,1,0.0,arousal,kshot_relative,0.3281918991102049
msp,20260922,1,0.0,dominance,kshot_relative,0.23121554075337641
msp,20260922,1,0.0,valence,kshot_hybrid,0.012726987167457795
msp,20260922,1,0.0,arousal,kshot_hybrid,0.3302048142624353
msp,20260922,1,0.0,dominance,kshot_hybrid,0.23248078334185898
msp,20260922,1,0.25,valence,absolute,0.002345315717152784
msp,20260922,1,0.25,arousal,absolute,0.24585047496709916
msp,20260922,1,0.25,dominance,absolute,0.16913270599883648
msp,20260922,1,0.25,valence,kshot_relative,0.013050434253304965
msp,20260922,1,0.25,arousal,kshot_relative,0.3101660972055376
msp,20260922,1,0.25,dominance,kshot_relative,0.22125676319075258
msp,20260922,1,0.25,valence,kshot_hybrid,0.013148868749373504
msp,20260922,1,0.25,arousal,kshot_hybrid,0.3544486669319497
msp,20260922,1,0.25,dominance,kshot_hybrid,0.25195382413323536
msp,20260922,1,0.5,valence,absolute,0.0006179075202943392
msp,20260922,1,0.5,arousal,absolute,0.3413803425948798
msp,20260922,1,0.5,dominance,absolute,0.24765285836730971
msp,20260922,1,0.5,valence,kshot_relative,0.013303707176403235
msp,20260922,1,0.5,arousal,kshot_relative,0.27489471749406236
msp,20260922,1,0.5,dominance,kshot_relative,0.2014778214805638
msp,20260922,1,0.5,valence,kshot_hybrid,0.014276977769513262
msp,20260922,1,0.5,arousal,kshot_hybrid,0.39879900747613967
msp,20260922,1,0.5,dominance,kshot_hybrid,0.2904502780199362
msp,20260922,1,0.75,valence,absolute,-0.00048110639546110426
msp,20260922,1,0.75,arousal,absolute,0.4121435827074314
msp,20260922,1,0.75,dominance,absolute,0.31435083180646856
msp,20260922,1,0.75,valence,kshot_relative,0.013210983981422827
msp,20260922,1,0.75,arousal,kshot_relative,0.23240194773342313
msp,20260922,1,0.75,dominance,kshot_relative,0.1765372839671773
msp,20260922,1,0.75,valence,kshot_hybrid,0.015949875072027383
msp,20260922,1,0.75,arousal,kshot_hybrid,0.4472672689318186
msp,20260922,1,0.75,dominance,kshot_hybrid,0.33625805224061706
msp,20260922,1,1.0,valence,absolute,-0.0009776405748608181
msp,20260922,1,1.0,arousal,absolute,0.4589355324800769
msp,20260922,1,1.0,dominance,absolute,0.36537605712338295
msp,20260922,1,1.0,valence,kshot_relative,0.012836446122815096
msp,20260922,1,1.0,arousal,kshot_relative,0.19101714377597767
msp,20260922,1,1.0,dominance,kshot_relative,0.15076134826617255
msp,20260922,1,1.0,valence,kshot_hybrid,0.017956970749524813
msp,20260922,1,1.0,arousal,kshot_hybrid,0.48997191513219923
msp,20260922,1,1.0,dominance,kshot_hybrid,0.3802616311395505
msp,20260922,2,0.0,valence,absolute,0.008662560621267988
msp,20260922,2,0.0,arousal,absolute,0.13185320409778234
msp,20260922,2,0.0,dominance,absolute,0.0865841225136721
msp,20260922,2,0.0,valence,kshot_relative,0.01566252979634951
msp,20260922,2,0.0,arousal,kshot_relative,0.30389521461096114
msp,20260922,2,0.0,dominance,kshot_relative,0.21522878745298243
msp,20260922,2,0.0,valence,kshot_hybrid,0.016762269159886368
msp,20260922,2,0.0,arousal,kshot_hybrid,0.3062680747014916
msp,20260922,2,0.0,dominance,kshot_hybrid,0.21678412328010702
msp,20260922,2,0.25,valence,absolute,0.005754227398824401
msp,20260922,2,0.25,arousal,absolute,0.2333458519388454
msp,20260922,2,0.25,dominance,absolute,0.1634439238905664
msp,20260922,2,0.25,valence,kshot_relative,0.01580845761343013
msp,20260922,2,0.25,arousal,kshot_relative,0.2899680892248329
msp,20260922,2,0.25,dominance,kshot_relative,0.20647404085299828
msp,20260922,2,0.25,valence,kshot_hybrid,0.016520768270947346
msp,20260922,2,0.25,arousal,kshot_hybrid,0.33129703788332376
msp,20260922,2,0.25,dominance,kshot_hybrid,0.23736454905030632
msp,20260922,2,0.5,valence,absolute,0.0033216860769983273
msp,20260922,2,0.5,arousal,absolute,0.3247087985931126
msp,20260922,2,0.5,dominance,absolute,0.24034179738551092
msp,20260922,2,0.5,valence,kshot_relative,0.015438276615717355
msp,20260922,2,0.5,arousal,kshot_relative,0.25944348510367776
msp,20260922,2,0.5,dominance,kshot_relative,0.18765744517028599
msp,20260922,2,0.5,valence,kshot_hybrid,0.01651651466898913
msp,20260922,2,0.5,arousal,kshot_hybrid,0.373937549599111
msp,20260922,2,0.5,dominance,kshot_hybrid,0.27599698201388784
msp,20260922,2,0.75,valence,absolute,0.0015248783042746297
msp,20260922,2,0.75,arousal,absolute,0.3926802215490384
msp,20260922,2,0.75,dominance,absolute,0.3046907217882587
msp,20260922,2,0.75,valence,kshot_relative,0.014662941368590162
msp,20260922,2,0.75,arousal,kshot_relative,0.22129880955077702
msp,20260922,2,0.75,dominance,kshot_relative,0.1635449279886785
msp,20260922,2,0.75,valence,kshot_hybrid,0.01671473110335302
msp,20260922,2,0.75,arousal,kshot_hybrid,0.41962380945677125
msp,20260922,2,0.75,dominance,kshot_hybrid,0.320875562699011
msp,20260922,2,1.0,valence,absolute,0.0003786298274202487
msp,20260922,2,1.0,arousal,absolute,0.43776669285076797
msp,20260922,2,1.0,dominance,absolute,0.352876215253132
msp,20260922,2,1.0,valence,kshot_relative,0.013635484998118508
msp,20260922,2,1.0,arousal,kshot_relative,0.18337534928163948
msp,20260922,2,1.0,dominance,kshot_relative,0.1386590347366056
msp,20260922,2,1.0,valence,kshot_hybrid,0.017054365213305982
msp,20260922,2,1.0,arousal,kshot_hybrid,0.45948150351068207
msp,20260922,2,1.0,dominance,kshot_hybrid,0.3631168484218678
msp,20260922,3,0.0,valence,absolute,0.004788673000319183
msp,20260922,3,0.0,arousal,absolute,0.13550475358731995
msp,20260922,3,0.0,dominance,absolute,0.09189647761549151
msp,20260922,3,0.0,valence,kshot_relative,0.010780779183868282
msp,20260922,3,0.0,arousal,kshot_relative,0.31250293367167603
msp,20260922,3,0.0,dominance,kshot_relative,0.22677603373049599
msp,20260922,3,0.0,valence,kshot_hybrid,0.011331040625354923
msp,20260922,3,0.0,arousal,kshot_hybrid,0.3148929659841025
msp,20260922,3,0.0,dominance,kshot_hybrid,0.22830695195539413
msp,20260922,3,0.25,valence,absolute,0.0031823329789141576
msp,20260922,3,0.25,arousal,absolute,0.24348386207614994
msp,20260922,3,0.25,dominance,absolute,0.17523468963146976
msp,20260922,3,0.25,valence,kshot_relative,0.01108257319776967
msp,20260922,3,0.25,arousal,kshot_relative,0.2970619010124024
msp,20260922,3,0.25,dominance,kshot_relative,0.2184173522667551
msp,20260922,3,0.25,valence,kshot_hybrid,0.011642389381581093
msp,20260922,3,0.25,arousal,kshot_hybrid,0.34107344091678343
msp,20260922,3,0.25,dominance,kshot_hybrid,0.2506783657606493
msp,20260922,3,0.5,valence,absolute,0.001926717704048461
msp,20260922,3,0.5,arousal,absolute,0.34218866895357114
msp,20260922,3,0.5,dominance,absolute,0.2600946134845152
msp,20260922,3,0.5,valence,kshot_relative,0.011074269224847028
msp,20260922,3,0.5,arousal,kshot_relative,0.26483359296901343
msp,20260922,3,0.5,dominance,kshot_relative,0.1993640104993012
msp,20260922,3,0.5,valence,kshot_hybrid,0.012162682111528702
msp,20260922,3,0.5,arousal,kshot_hybrid,0.38783781002817386
msp,20260922,3,0.5,dominance,kshot_hybrid,0.29345005104565847
msp,20260922,3,0.75,valence,absolute,0.0010847633521214608
msp,20260922,3,0.75,arousal,absolute,0.41663415667066067
msp,20260922,3,0.75,dominance,absolute,0.3322236644294507
msp,20260922,3,0.75,valence,kshot_relative,0.010792927181876156
msp,20260922,3,0.75,arousal,kshot_relative,0.22493810814743662
msp,20260922,3,0.75,dominance,kshot_relative,0.1743828000256445
msp,20260922,3,0.75,valence,kshot_hybrid,0.0128243493659785
msp,20260922,3,0.75,arousal,kshot_hybrid,0.43874879383446547
msp,20260922,3,0.75,dominance,kshot_hybrid,0.3435560375691188
msp,20260922,3,1.0,valence,absolute,0.0006451001672085402
msp,20260922,3,1.0,arousal,absolute,0.46658429807741547
msp,20260922,3,1.0,dominance,absolute,0.3869731246390397
msp,20260922,3,1.0,valence,kshot_relative,0.010309038805903538
msp,20260922,3,1.0,arousal,kshot_relative,0.18540360578853068
msp,20260922,3,1.0,dominance,kshot_relative,0.1482420693529643
msp,20260922,3,1.0,valence,kshot_hybrid,0.0135516854083097
msp,20260922,3,1.0,arousal,kshot_hybrid,0.4834521967904728
msp,20260922,3,1.0,dominance,kshot_hybrid,0.39095393398372513
msp,20260922,4,0.0,valence,absolute,0.0045210657537524184
msp,20260922,4,0.0,arousal,absolute,0.139182113225705
msp,20260922,4,0.0,dominance,absolute,0.09619312859489673
msp,20260922,4,0.0,valence,kshot_relative,0.009410792668126458
msp,20260922,4,0.0,arousal,kshot_relative,0.3187345013012663
msp,20260922,4,0.0,dominance,kshot_relative,0.23154374319798893
msp,20260922,4,0.0,valence,kshot_hybrid,0.010444453985722362
msp,20260922,4,0.0,arousal,kshot_hybrid,0.32059587369251336
msp,20260922,4,0.0,dominance,kshot_hybrid,0.23290720859138295
msp,20260922,4,0.25,valence,absolute,0.002543170561755072
msp,20260922,4,0.25,arousal,absolute,0.24512870240593337
msp,20260922,4,0.25,dominance,absolute,0.17766790766127177
msp,20260922,4,0.25,valence,kshot_relative,0.010021053388801656
msp,20260922,4,0.25,arousal,kshot_relative,0.30261407950564995
msp,20260922,4,0.25,dominance,kshot_relative,0.22093203424816446
msp,20260922,4,0.25,valence,kshot_hybrid,0.010696742395631679
msp,20260922,4,0.25,arousal,kshot_hybrid,0.34309556080363063
msp,20260922,4,0.25,dominance,kshot_hybrid,0.25312246052691656
msp,20260922,4,0.5,valence,absolute,0.0010636473965854136
msp,20260922,4,0.5,arousal,absolute,0.3406272580655701
msp,20260922,4,0.5,dominance,absolute,0.2590282808611762
msp,20260922,4,0.5,valence,kshot_relative,0.01032702377527822
msp,20260922,4,0.5,arousal,kshot_relative,0.26928794490415564
msp,20260922,4,0.5,dominance,kshot_relative,0.20009539983742153
msp,20260922,4,0.5,valence,kshot_hybrid,0.01161552358787795
msp,20260922,4,0.5,arousal,kshot_hybrid,0.3841443565314128
msp,20260922,4,0.5,dominance,kshot_hybrid,0.2920378204520393
msp,20260922,4,0.75,valence,absolute,0.00015240156569533287
msp,20260922,4,0.75,arousal,absolute,0.4115942112529204
msp,20260922,4,0.75,dominance,absolute,0.32732595678230414
msp,20260922,4,0.75,valence,kshot_relative,0.010336753598590105
msp,20260922,4,0.75,arousal,kshot_relative,0.22818330243704124
msp,20260922,4,0.75,dominance,kshot_relative,0.17385674905808998
msp,20260922,4,0.75,valence,kshot_hybrid,0.013051759158125236
msp,20260922,4,0.75,arousal,kshot_hybrid,0.42945012848519076
msp,20260922,4,0.75,dominance,kshot_hybrid,0.3379404392939429
msp,20260922,4,1.0,valence,absolute,-0.0002199464198191632
msp,20260922,4,1.0,arousal,absolute,0.4584155495901791
msp,20260922,4,1.0,dominance,absolute,0.37869861256355325
msp,20260922,4,1.0,valence,kshot_relative,0.01010075259938394
msp,20260922,4,1.0,arousal,kshot_relative,0.1875617269627244
msp,20260922,4,1.0,dominance,kshot_relative,0.14684360286656514
msp,20260922,4,1.0,valence,kshot_hybrid,0.014804285131232968
msp,20260922,4,1.0,arousal,kshot_hybrid,0.4697087694163185
msp,20260922,4,1.0,dominance,kshot_hybrid,0.38167306051988353
iemocap,20260920,0,0.0,valence,absolute,0.027175277884515535
iemocap,20260920,0,0.0,arousal,absolute,0.38827982919273435
iemocap,20260920,0,0.0,dominance,absolute,0.31823739683189894
iemocap,20260920,0,0.0,valence,kshot_relative,0.0262409221398486
iemocap,20260920,0,0.0,arousal,kshot_relative,0.4525703543078089
iemocap,20260920,0,0.0,dominance,kshot_relative,0.3278448736571916
iemocap,20260920,0,0.0,valence,kshot_hybrid,0.02793752217880787
iemocap,20260920,0,0.0,arousal,kshot_hybrid,0.4574860541316194
iemocap,20260920,0,0.0,dominance,kshot_hybrid,0.33569665879111293
iemocap,20260920,0,0.25,valence,absolute,0.028116628992517656
iemocap,20260920,0,0.25,arousal,absolute,0.3967566804246987
iemocap,20260920,0,0.25,dominance,absolute,0.32366017173811273
iemocap,20260920,0,0.25,valence,kshot_relative,0.025732930470222997
iemocap,20260920,0,0.25,arousal,kshot_relative,0.45619730449915635
iemocap,20260920,0,0.25,dominance,kshot_relative,0.32932138971486974
iemocap,20260920,0,0.25,valence,kshot_hybrid,0.028612272930066285
iemocap,20260920,0,0.25,arousal,kshot_hybrid,0.4673756771242618
iemocap,20260920,0,0.25,dominance,kshot_hybrid,0.3410037869930638
iemocap,20260920,0,0.5,valence,absolute,0.029054717718027076
iemocap,20260920,0,0.5,arousal,absolute,0.4047441863440754
iemocap,20260920,0,0.5,dominance,absolute,0.32885958536883964
iemocap,20260920,0,0.5,valence,kshot_relative,0.025175998823956918
iemocap,20260920,0,0.5,arousal,kshot_relative,0.4591968393996445
iemocap,20260920,0,0.5,dominance,kshot_relative,0.3306423386968179
iemocap,20260920,0,0.5,valence,kshot_hybrid,0.029454365349804834
iemocap,20260920,0,0.5,arousal,kshot_hybrid,0.4733323998601647
iemocap,20260920,0,0.5,dominance,kshot_hybrid,0.34427032787190986
iemocap,20260920,0,0.75,valence,absolute,0.029986579181933506
iemocap,20260920,0,0.75,arousal,absolute,0.41219200969293174
iemocap,20260920,0,0.75,dominance,absolute,0.3338396994674268
iemocap,20260920,0,0.75,valence,kshot_relative,0.024572844242145318
iemocap,20260920,0,0.75,arousal,kshot_relative,0.4615719674377169
iemocap,20260920,0,0.75,dominance,kshot_relative,0.3318078728863741
iemocap,20260920,0,0.75,valence,kshot_hybrid,0.03046018296883746
iemocap,20260920,0,0.75,arousal,kshot_hybrid,0.47524579159940367
iemocap,20260920,0,0.75,dominance,kshot_hybrid,0.345486243699175
iemocap,20260920,0,1.0,valence,absolute,0.030909445833407045
iemocap,20260920,0,1.0,arousal,absolute,0.4191086324758499
iemocap,20260920,0,1.0,dominance,absolute,0.3385945005954872
iemocap,20260920,0,1.0,valence,kshot_relative,0.023926632866840023
iemocap,20260920,0,1.0,arousal,kshot_relative,0.4633209623619958
iemocap,20260920,0,1.0,dominance,kshot_relative,0.3328190390511249
iemocap,20260920,0,1.0,valence,kshot_hybrid,0.0316252015361085
iemocap,20260920,0,1.0,arousal,kshot_hybrid,0.4731158822677037
iemocap,20260920,0,1.0,dominance,kshot_hybrid,0.34466905674245474
iemocap,20260920,1,0.0,valence,absolute,0.029632513319143256
iemocap,20260920,1,0.0,arousal,absolute,0.40857352014977316
iemocap,20260920,1,0.0,dominance,absolute,0.3156750184455789
iemocap,20260920,1,0.0,valence,kshot_relative,0.028060454801132367
iemocap,20260920,1,0.0,arousal,kshot_relative,0.4892273031207365
iemocap,20260920,1,0.0,dominance,kshot_relative,0.3376564512459047
iemocap,20260920,1,0.0,valence,kshot_hybrid,0.02846730311341092
iemocap,20260920,1,0.0,arousal,kshot_hybrid,0.501888268870532
iemocap,20260920,1,0.0,dominance,kshot_hybrid,0.35098896551749154
iemocap,20260920,1,0.25,valence,absolute,0.028718800474784312
iemocap,20260920,1,0.25,arousal,absolute,0.41463469034551054
iemocap,20260920,1,0.25,dominance,absolute,0.32247988002591893
iemocap,20260920,1,0.25,valence,kshot_relative,0.027701150699278115
iemocap,20260920,1,0.25,arousal,kshot_relative,0.49716449452919753
iemocap,20260920,1,0.25,dominance,kshot_relative,0.33810211703530074
iemocap,20260920,1,0.25,valence,kshot_hybrid,0.028480078156924223
iemocap,20260920,1,0.25,arousal,kshot_hybrid,0.5105045557094217
iemocap,20260920,1,0.25,dominance,kshot_hybrid,0.3590070096497404
iemocap,20260920,1,0.5,valence,absolute,0.02782527787667923
iemocap,20260920,1,0.5,arousal,absolute,0.4188325674241588
iemocap,20260920,1,0.5,dominance,absolute,0.322425147657872
iemocap,20260920,1,0.5,valence,kshot_relative,0.02734222959710371
iemocap,20260920,1,0.5,arousal,kshot_relative,0.5034406336609238
iemocap,20260920,1,0.5,dominance,kshot_relative,0.33194017221739697
iemocap,20260920,1,0.5,valence,kshot_hybrid,0.028606368064219158
iemocap,20260920,1,0.5,arousal,kshot_hybrid,0.5171027047654522
iemocap,20260920,1,0.5,dominance,kshot_hybrid,0.3623487207451377
iemocap,20260920,1,0.75,valence,absolute,0.02695235503748172
iemocap,20260920,1,0.75,arousal,absolute,0.42114144144041943
iemocap,20260920,1,0.75,dominance,absolute,0.315963926902043
iemocap,20260920,1,0.75,valence,kshot_relative,0.026983924348894694
iemocap,20260920,1,0.75,arousal,kshot_relative,0.5079728440208757
iemocap,20260920,1,0.75,dominance,kshot_relative,0.3197938840906075
iemocap,20260920,1,0.75,valence,kshot_hybrid,0.02884473358709343
iemocap,20260920,1,0.75,arousal,kshot_hybrid,0.5216098402706741
iemocap,20260920,1,0.75,dominance,kshot_hybrid,0.3610078312352003
iemocap,20260920,1,1.0,valence,absolute,0.026100312630798376
iemocap,20260920,1,1.0,arousal,absolute,0.4215975350490982
iemocap,20260920,1,1.0,dominance,absolute,0.304158519769609
iemocap,20260920,1,1.0,valence,kshot_relative,0.02662637684846139
iemocap,20260920,1,1.0,arousal,kshot_relative,0.5106712518655524
iemocap,20260920,1,1.0,dominance,kshot_relative,0.30282782267067837
iemocap,20260920,1,1.0,valence,kshot_hybrid,0.02919204954470278
iemocap,20260920,1,1.0,arousal,kshot_hybrid,0.523947877271777
iemocap,20260920,1,1.0,dominance,kshot_hybrid,0.35546895301123727
iemocap,20260920,2,0.0,valence,absolute,0.029255959146688753
iemocap,20260920,2,0.0,arousal,absolute,0.2987775910690721
iemocap,20260920,2,0.0,dominance,absolute,0.23876528044361478
iemocap,20260920,2,0.0,valence,kshot_relative,0.027578488921888585
iemocap,20260920,2,0.0,arousal,kshot_relative,0.38470343409769475
iemocap,20260920,2,0.0,dominance,kshot_relative,0.2600470594224035
iemocap,20260920,2,0.0,valence,kshot_hybrid,0.029093178554126412
iemocap,20260920,2,0.0,arousal,kshot_hybrid,0.39542657281494475
iemocap,20260920,2,0.0,dominance,kshot_hybrid,0.2689924286209721
iemocap,20260920,2,0.25,valence,absolute,0.029680832388403855
iemocap,20260920,2,0.25,arousal,absolute,0.3240791724992674
iemocap,20260920,2,0.25,dominance,absolute,0.2498089665760306
iemocap,20260920,2,0.25,valence,kshot_relative,0.02652900523523775
iemocap,20260920,2,0.25,arousal,kshot_relative,0.38333414875105415
iemocap,20260920,2,0.25,dominance,kshot_relative,0.262194287323629
iemocap,20260920,2,0.25,valence,kshot_hybrid,0.028390608196114293
iemocap,20260920,2,0.25,arousal,kshot_hybrid,0.40587672824562754
iemocap,20260920,2,0.25,dominance,kshot_hybrid,0.2768398737746152
iemocap,20260920,2,0.5,valence,absolute,0.029841130895822663
iemocap,20260920,2,0.5,arousal,absolute,0.34533221941111497
iemocap,20260920,2,0.5,dominance,absolute,0.25805858283696975
iemocap,20260920,2,0.5,valence,kshot_relative,0.025486634314155848
iemocap,20260920,2,0.5,arousal,kshot_relative,0.37832205042099104
iemocap,20260920,2,0.5,dominance,kshot_relative,0.261047094772302
iemocap,20260920,2,0.5,valence,kshot_hybrid,0.02732723470705865
iemocap,20260920,2,0.5,arousal,kshot_hybrid,0.40334868826780196
iemocap,20260920,2,0.5,dominance,kshot_hybrid,0.2784362220025711
iemocap,20260920,2,0.75,valence,absolute,0.02973634423828386
iemocap,20260920,2,0.75,arousal,absolute,0.36198048060748184
iemocap,20260920,2,0.75,dominance,absolute,0.2632507501734866
iemocap,20260920,2,0.75,valence,kshot_relative,0.024452567419652935
iemocap,20260920,2,0.75,arousal,kshot_relative,0.370087938259441
iemocap,20260920,2,0.75,dominance,kshot_relative,0.25691663584371255
iemocap,20260920,2,0.75,valence,kshot_hybrid,0.025905601261745303
iemocap,20260920,2,0.75,arousal,kshot_hybrid,0.38830542454997685
iemocap,20260920,2,0.75,dominance,kshot_hybrid,0.2738566470409505
iemocap,20260920,2,1.0,valence,absolute,0.02936673900441763
iemocap,20260920,2,1.0,arousal,absolute,0.37378543066357584
iemocap,20260920,2,1.0,dominance,absolute,0.26530291813850654
iemocap,20260920,2,1.0,valence,kshot_relative,0.023428030280736
iemocap,20260920,2,1.0,arousal,kshot_relative,0.3590416310706722
iemocap,20260920,2,1.0,dominance,kshot_relative,0.2502710022822158
iemocap,20260920,2,1.0,valence,kshot_hybrid,0.02412959455746356
iemocap,20260920,2,1.0,arousal,kshot_hybrid,0.3619842910665157
iemocap,20260920,2,1.0,dominance,kshot_hybrid,0.26338874637686427
iemocap,20260920,3,0.0,valence,absolute,0.03829837775307844
iemocap,20260920,3,0.0,arousal,absolute,0.4092410107313098
iemocap,20260920,3,0.0,dominance,absolute,0.3419428237499767
iemocap,20260920,3,0.0,valence,kshot_relative,0.03655923531391044
iemocap,20260920,3,0.0,arousal,kshot_relative,0.4947346826427026
iemocap,20260920,3,0.0,dominance,kshot_relative,0.36084595960736376
iemocap,20260920,3,0.0,valence,kshot_hybrid,0.038457344188063354
iemocap,20260920,3,0.0,arousal,kshot_hybrid,0.5139503719579563
iemocap,20260920,3,0.0,dominance,kshot_hybrid,0.3740623637901957
iemocap,20260920,3,0.25,valence,absolute,0.03826701937516556
iemocap,20260920,3,0.25,arousal,absolute,0.40666042021222853
iemocap,20260920,3,0.25,dominance,absolute,0.3440210925502276
iemocap,20260920,3,0.25,valence,kshot_relative,0.03553585412340316
iemocap,20260920,3,0.25,arousal,kshot_relative,0.5029942189428845
iemocap,20260920,3,0.25,dominance,kshot_relative,0.3703296125486271
iemocap,20260920,3,0.25,valence,kshot_hybrid,0.03817444989844464
iemocap,20260920,3,0.25,arousal,kshot_hybrid,0.522361349589782
iemocap,20260920,3,0.25,dominance,kshot_hybrid,0.38233019354682635
iemocap,20260920,3,0.5,valence,absolute,0.038333470652179215
iemocap,20260920,3,0.5,arousal,absolute,0.4005958207855582
iemocap,20260920,3,0.5,dominance,absolute,0.34397734096431626
iemocap,20260920,3,0.5,valence,kshot_relative,0.034521727503373366
iemocap,20260920,3,0.5,arousal,kshot_relative,0.5078820253458866
iemocap,20260920,3,0.5,dominance,kshot_relative,0.3786495130539027
iemocap,20260920,3,0.5,valence,kshot_hybrid,0.037847268199492856
iemocap,20260920,3,0.5,arousal,kshot_hybrid,0.5251492511037945
iemocap,20260920,3,0.5,dominance,kshot_hybrid,0.3839809105975752
iemocap,20260920,3,0.75,valence,absolute,0.038497533973156285
iemocap,20260920,3,0.75,arousal,absolute,0.3912683415350253
iemocap,20260920,3,0.75,dominance,absolute,0.34187377748914616
iemocap,20260920,3,0.75,valence,kshot_relative,0.03351753587992187
iemocap,20260920,3,0.75,arousal,kshot_relative,0.5095230645502756
iemocap,20260920,3,0.75,dominance,kshot_relative,0.3857529934021198
iemocap,20260920,3,0.75,valence,kshot_hybrid,0.03747638918016182
iemocap,20260920,3,0.75,arousal,kshot_hybrid,0.5224442590656364
iemocap,20260920,3,0.75,dominance,kshot_hybrid,0.37922346729079076
iemocap,20260920,3,1.0,valence,absolute,0.03875868535878862
iemocap,20260920,3,1.0,arousal,absolute,0.3790063087942781
iemocap,20260920,3,1.0,dominance,absolute,0.3378299228495032
iemocap,20260920,3,1.0,valence,kshot_relative,0.03252390641557219
iemocap,20260920,3,1.0,arousal,kshot_relative,0.508082035080034
iemocap,20260920,3,1.0,dominance,kshot_relative,0.39159831715128113
iemocap,20260920,3,1.0,valence,kshot_hybrid,0.03706245580043219
iemocap,20260920,3,1.0,arousal,kshot_hybrid,0.5144854877880968
iemocap,20260920,3,1.0,dominance,kshot_hybrid,0.36855498474174786
iemocap,20260920,4,0.0,valence,absolute,0.0307239149554076
iemocap,20260920,4,0.0,arousal,absolute,0.319181326193796
iemocap,20260920,4,0.0,dominance,absolute,0.18660874934971422
iemocap,20260920,4,0.0,valence,kshot_relative,0.031429543972729075
iemocap,20260920,4,0.0,arousal,kshot_relative,0.40586623801178423
iemocap,20260920,4,0.0,dominance,kshot_relative,0.19684051489999255
iemocap,20260920,4,0.0,valence,kshot_hybrid,0.03247922392736373
iemocap,20260920,4,0.0,arousal,kshot_hybrid,0.4258677698622829
iemocap,20260920,4,0.0,dominance,kshot_hybrid,0.20401047012859166
iemocap,20260920,4,0.25,valence,absolute,0.031359477398591754
iemocap,20260920,4,0.25,arousal,absolute,0.31986641612895456
iemocap,20260920,4,0.25,dominance,absolute,0.18971669847402806
iemocap,20260920,4,0.25,valence,kshot_relative,0.03005647008999517
iemocap,20260920,4,0.25,arousal,kshot_relative,0.40850947575268975
iemocap,20260920,4,0.25,dominance,kshot_relative,0.1970556608265016
iemocap,20260920,4,0.25,valence,kshot_hybrid,0.03234346860680749
iemocap,20260920,4,0.25,arousal,kshot_hybrid,0.43527408329197137
iemocap,20260920,4,0.25,dominance,kshot_hybrid,0.20760362244160924
iemocap,20260920,4,0.5,valence,absolute,0.03196864021060531
iemocap,20260920,4,0.5,arousal,absolute,0.3169269050313012
iemocap,20260920,4,0.5,dominance,absolute,0.1918573688364762
iemocap,20260920,4,0.5,valence,kshot_relative,0.02864286053168803
iemocap,20260920,4,0.5,arousal,kshot_relative,0.4071326416902316
iemocap,20260920,4,0.5,dominance,kshot_relative,0.1966547680200043
iemocap,20260920,4,0.5,valence,kshot_hybrid,0.03248552215188738
iemocap,20260920,4,0.5,arousal,kshot_hybrid,0.4387393285672602
iemocap,20260920,4,0.5,dominance,kshot_hybrid,0.2118738392632457
iemocap,20260920,4,0.75,valence,absolute,0.03254862040754759
iemocap,20260920,4,0.75,arousal,absolute,0.3110777471165399
iemocap,20260920,4,0.75,dominance,absolute,0.19310390680658768
iemocap,20260920,4,0.75,valence,kshot_relative,0.027196725993434753
iemocap,20260920,4,0.75,arousal,kshot_relative,0.40162511719556265
iemocap,20260920,4,0.75,dominance,kshot_relative,0.19560949817993192
iemocap,20260920,4,0.75,valence,kshot_hybrid,0.0329038441781297
iemocap,20260920,4,0.75,arousal,kshot_hybrid,0.4360479275292633
iemocap,20260920,4,0.75,dominance,kshot_hybrid,0.21672900769294212
iemocap,20260920,4,1.0,valence,absolute,0.03309645004593319
iemocap,20260920,4,1.0,arousal,absolute,0.30301368514164084
iemocap,20260920,4,1.0,dominance,absolute,0.19347520679614322
iemocap,20260920,4,1.0,valence,kshot_relative,0.02572581226390123
iemocap,20260920,4,1.0,arousal,kshot_relative,0.3921221428415666
iemocap,20260920,4,1.0,dominance,kshot_relative,0.19394437207416412
iemocap,20260920,4,1.0,valence,kshot_hybrid,0.03359486416448938
iemocap,20260920,4,1.0,arousal,kshot_hybrid,0.42772026797379886
iemocap,20260920,4,1.0,dominance,kshot_hybrid,0.22206624538364525
iemocap,20260921,0,0.0,valence,absolute,0.04334164132066132
iemocap,20260921,0,0.0,arousal,absolute,0.40839901221164826
iemocap,20260921,0,0.0,dominance,absolute,0.3539175389417464
iemocap,20260921,0,0.0,valence,kshot_relative,0.04152602185565841
iemocap,20260921,0,0.0,arousal,kshot_relative,0.46153482453167116
iemocap,20260921,0,0.0,dominance,kshot_relative,0.36067053808686733
iemocap,20260921,0,0.0,valence,kshot_hybrid,0.044017486050351357
iemocap,20260921,0,0.0,arousal,kshot_hybrid,0.46847052802906586
iemocap,20260921,0,0.0,dominance,kshot_hybrid,0.3723621501508819
iemocap,20260921,0,0.25,valence,absolute,0.04436857534899796
iemocap,20260921,0,0.25,arousal,absolute,0.41468106348611716
iemocap,20260921,0,0.25,dominance,absolute,0.3612499897250589
iemocap,20260921,0,0.25,valence,kshot_relative,0.04049169252242995
iemocap,20260921,0,0.25,arousal,kshot_relative,0.46943148323052963
iemocap,20260921,0,0.25,dominance,kshot_relative,0.3641046208730955
iemocap,20260921,0,0.25,valence,kshot_hybrid,0.04435356001869204
iemocap,20260921,0,0.25,arousal,kshot_hybrid,0.4816727980247433
iemocap,20260921,0,0.25,dominance,kshot_hybrid,0.38068673273943504
iemocap,20260921,0,0.5,valence,absolute,0.04533620244402422
iemocap,20260921,0,0.5,arousal,absolute,0.4182841742048404
iemocap,20260921,0,0.5,dominance,absolute,0.3675824651458728
iemocap,20260921,0,0.5,valence,kshot_relative,0.039377490234064325
iemocap,20260921,0,0.5,arousal,kshot_relative,0.47443440271009546
iemocap,20260921,0,0.5,dominance,kshot_relative,0.36680100098861806
iemocap,20260921,0,0.5,valence,kshot_hybrid,0.04488840903028239
iemocap,20260921,0,0.5,arousal,kshot_hybrid,0.4893850807567112
iemocap,20260921,0,0.5,dominance,kshot_hybrid,0.3873982941019603
iemocap,20260921,0,0.75,valence,absolute,0.04624153571583223
iemocap,20260921,0,0.75,arousal,absolute,0.4192594952962327
iemocap,20260921,0,0.75,dominance,absolute,0.37290699201405275
iemocap,20260921,0,0.75,valence,kshot_relative,0.0381909948376317
iemocap,20260921,0,0.75,arousal,kshot_relative,0.47654598387735175
iemocap,20260921,0,0.75,dominance,kshot_relative,0.36875177924505664
iemocap,20260921,0,0.75,valence,kshot_hybrid,0.04561556185984707
iemocap,20260921,0,0.75,arousal,kshot_hybrid,0.49157667682552264
iemocap,20260921,0,0.75,dominance,kshot_hybrid,0.3924738559124025
iemocap,20260921,0,1.0,valence,absolute,0.04707976335939064
iemocap,20260921,0,1.0,arousal,absolute,0.4178858127379694
iemocap,20260921,0,1.0,dominance,absolute,0.37725351560915865
iemocap,20260921,0,1.0,valence,kshot_relative,0.036939017558962076
iemocap,20260921,0,1.0,arousal,kshot_relative,0.4758764642697553
iemocap,20260921,0,1.0,dominance,kshot_relative,0.36996900774114616
iemocap,20260921,0,1.0,valence,kshot_hybrid,0.046523717325751654
iemocap,20260921,0,1.0,arousal,kshot_hybrid,0.4884598950168257
iemocap,20260921,0,1.0,dominance,kshot_hybrid,0.3959101615856001
iemocap,20260921,1,0.0,valence,absolute,0.02068923261721964
iemocap,20260921,1,0.0,arousal,absolute,0.3675082747687736
iemocap,20260921,1,0.0,dominance,absolute,0.2500245627502647
iemocap,20260921,1,0.0,valence,kshot_relative,0.0226108093240435
iemocap,20260921,1,0.0,arousal,kshot_relative,0.46232004176702696
iemocap,20260921,1,0.0,dominance,kshot_relative,0.2662603787161929
iemocap,20260921,1,0.0,valence,kshot_hybrid,0.022747645956309653
iemocap,20260921,1,0.0,arousal,kshot_hybrid,0.47924760481970885
iemocap,20260921,1,0.0,dominance,kshot_hybrid,0.2759143834111859
iemocap,20260921,1,0.25,valence,absolute,0.0206881257752641
iemocap,20260921,1,0.25,arousal,absolute,0.3713372716896893
iemocap,20260921,1,0.25,dominance,absolute,0.2533257320609369
iemocap,20260921,1,0.25,valence,kshot_relative,0.022060579693126102
iemocap,20260921,1,0.25,arousal,kshot_relative,0.4709255087925688
iemocap,20260921,1,0.25,dominance,kshot_relative,0.27855833095460825
iemocap,20260921,1,0.25,valence,kshot_hybrid,0.022737991953435923
iemocap,20260921,1,0.25,arousal,kshot_hybrid,0.48754215715588983
iemocap,20260921,1,0.25,dominance,kshot_hybrid,0.2889554984243862
iemocap,20260921,1,0.5,valence,absolute,0.02067868411526053
iemocap,20260921,1,0.5,arousal,absolute,0.37450266626609124
iemocap,20260921,1,0.5,dominance,absolute,0.25201747947254693
iemocap,20260921,1,0.5,valence,kshot_relative,0.021457029144816123
iemocap,20260921,1,0.5,arousal,kshot_relative,0.4786757978616302
iemocap,20260921,1,0.5,dominance,kshot_relative,0.28571770969695004
iemocap,20260921,1,0.5,valence,kshot_hybrid,0.022979359138111378
iemocap,20260921,1,0.5,arousal,kshot_hybrid,0.4957569010909106
iemocap,20260921,1,0.5,dominance,kshot_hybrid,0.2995613539659537
iemocap,20260921,1,0.75,valence,absolute,0.020661069593565003
iemocap,20260921,1,0.75,arousal,absolute,0.3770195468089227
iemocap,20260921,1,0.75,dominance,absolute,0.24629036624400885
iemocap,20260921,1,0.75,valence,kshot_relative,0.020805477116786493
iemocap,20260921,1,0.75,arousal,kshot_relative,0.4855290636588077
iemocap,20260921,1,0.75,dominance,kshot_relative,0.28800904946984623
iemocap,20260921,1,0.75,valence,kshot_hybrid,0.023469392726534314
iemocap,20260921,1,0.75,arousal,kshot_hybrid,0.5038876424482728
iemocap,20260921,1,0.75,dominance,kshot_hybrid,0.3073980091739243
iemocap,20260921,1,1.0,valence,absolute,0.020635036318822072
iemocap,20260921,1,1.0,arousal,absolute,0.3787999527168015
iemocap,20260921,1,1.0,dominance,absolute,0.23680306731311626
iemocap,20260921,1,1.0,valence,kshot_relative,0.020109178225417208
iemocap,20260921,1,1.0,arousal,kshot_relative,0.49152356946937337
iemocap,20260921,1,1.0,dominance,kshot_relative,0.28601754202456264
iemocap,20260921,1,1.0,valence,kshot_hybrid,0.02420250512498148
iemocap,20260921,1,1.0,arousal,kshot_hybrid,0.5118777442280712
iemocap,20260921,1,1.0,dominance,kshot_hybrid,0.31239626600332365
iemocap,20260921,2,0.0,valence,absolute,0.032771508427065686
iemocap,20260921,2,0.0,arousal,absolute,0.4257675342313251
iemocap,20260921,2,0.0,dominance,absolute,0.28572833268261955
iemocap,20260921,2,0.0,valence,kshot_relative,0.03227110493125154
iemocap,20260921,2,0.0,arousal,kshot_relative,0.517121618366067
iemocap,20260921,2,0.0,dominance,kshot_relative,0.30678597414203906
iemocap,20260921,2,0.0,valence,kshot_hybrid,0.03352355880225658
iemocap,20260921,2,0.0,arousal,kshot_hybrid,0.5409615913352371
iemocap,20260921,2,0.0,dominance,kshot_hybrid,0.31865046347036347
iemocap,20260921,2,0.25,valence,absolute,0.03336489193237952
iemocap,20260921,2,0.25,arousal,absolute,0.42634690137815584
iemocap,20260921,2,0.25,dominance,absolute,0.2894696978640991
iemocap,20260921,2,0.25,valence,kshot_relative,0.031526612915205955
iemocap,20260921,2,0.25,arousal,kshot_relative,0.5225950764165572
iemocap,20260921,2,0.25,dominance,kshot_relative,0.3109635381512952
iemocap,20260921,2,0.25,valence,kshot_hybrid,0.03348199219997691
iemocap,20260921,2,0.25,arousal,kshot_hybrid,0.5468212539764619
iemocap,20260921,2,0.25,dominance,kshot_hybrid,0.32414953009166847
iemocap,20260921,2,0.5,valence,absolute,0.03395537422024006
iemocap,20260921,2,0.5,arousal,absolute,0.4222883763155412
iemocap,20260921,2,0.5,dominance,absolute,0.29094424603473573
iemocap,20260921,2,0.5,valence,kshot_relative,0.030779186913277506
iemocap,20260921,2,0.5,arousal,kshot_relative,0.5234563917045936
iemocap,20260921,2,0.5,dominance,kshot_relative,0.3136194487209497
iemocap,20260921,2,0.5,valence,kshot_hybrid,0.03344033848755133
iemocap,20260921,2,0.5,arousal,kshot_hybrid,0.548520147346051
iemocap,20260921,2,0.5,dominance,kshot_hybrid,0.3266930107937616
iemocap,20260921,2,0.75,valence,absolute,0.034542814900920475
iemocap,20260921,2,0.75,arousal,absolute,0.4143138153751997
iemocap,20260921,2,0.75,dominance,absolute,0.290292951152393
iemocap,20260921,2,0.75,valence,kshot_relative,0.03002896524515646
iemocap,20260921,2,0.75,arousal,kshot_relative,0.5196836153518929
iemocap,20260921,2,0.75,dominance,kshot_relative,0.3147125022975004
iemocap,20260921,2,0.75,valence,kshot_hybrid,0.033398570032929585
iemocap,20260921,2,0.75,arousal,kshot_hybrid,0.5461515528942319
iemocap,20260921,2,0.75,dominance,kshot_hybrid,0.3263162581325708
iemocap,20260921,2,1.0,valence,absolute,0.035126939557519304
iemocap,20260921,2,1.0,arousal,absolute,0.40324825803805964
iemocap,20260921,2,1.0,dominance,absolute,0.2877330928703029
iemocap,20260921,2,1.0,valence,kshot_relative,0.029275921647852747
iemocap,20260921,2,1.0,arousal,kshot_relative,0.5114733790725008
iemocap,20260921,2,1.0,dominance,kshot_relative,0.31424968660822267
iemocap,20260921,2,1.0,valence,kshot_hybrid,0.0333567332514478
iemocap,20260921,2,1.0,arousal,kshot_hybrid,0.5400945889850411
iemocap,20260921,2,1.0,dominance,kshot_hybrid,0.3232608553136363
iemocap,20260921,3,0.0,valence,absolute,0.025010328337180556
iemocap,20260921,3,0.0,arousal,absolute,0.2972736280290009
iemocap,20260921,3,0.0,dominance,absolute,0.2405054706731105
iemocap,20260921,3,0.0,valence,kshot_relative,0.024217243947144914
iemocap,20260921,3,0.0,arousal,kshot_relative,0.37337939895797073
iemocap,20260921,3,0.0,dominance,kshot_relative,0.2594889068476109
iemocap,20260921,3,0.0,valence,kshot_hybrid,0.025847257494898336
iemocap,20260921,3,0.0,arousal,kshot_hybrid,0.38208292806471833
iemocap,20260921,3,0.0,dominance,kshot_hybrid,0.2658853155598409
iemocap,20260921,3,0.25,valence,absolute,0.02556231829253949
iemocap,20260921,3,0.25,arousal,absolute,0.3109770881462041
iemocap,20260921,3,0.25,dominance,absolute,0.2519061753148533
iemocap,20260921,3,0.25,valence,kshot_relative,0.023595821666991257
iemocap,20260921,3,0.25,arousal,kshot_relative,0.3718235360309129
iemocap,20260921,3,0.25,dominance,kshot_relative,0.2600952701993422
iemocap,20260921,3,0.25,valence,kshot_hybrid,0.026053502864831185
iemocap,20260921,3,0.25,arousal,kshot_hybrid,0.3906917682943687
iemocap,20260921,3,0.25,dominance,kshot_hybrid,0.2754649924498235
iemocap,20260921,3,0.5,valence,absolute,0.026106060288339523
iemocap,20260921,3,0.5,arousal,absolute,0.32300009922413075
iemocap,20260921,3,0.5,dominance,absolute,0.26133053146883334
iemocap,20260921,3,0.5,valence,kshot_relative,0.022965083830309888
iemocap,20260921,3,0.5,arousal,kshot_relative,0.3674341631164913
iemocap,20260921,3,0.5,dominance,kshot_relative,0.2579380594606717
iemocap,20260921,3,0.5,valence,kshot_hybrid,0.026301844625092812
iemocap,20260921,3,0.5,arousal,kshot_hybrid,0.3945480210419181
iemocap,20260921,3,0.5,dominance,kshot_hybrid,0.2809186417418043
iemocap,20260921,3,0.75,valence,absolute,0.026640722243211457
iemocap,20260921,3,0.75,arousal,absolute,0.332889953157362
iemocap,20260921,3,0.75,dominance,absolute,0.2684754716991697
iemocap,20260921,3,0.75,valence,kshot_relative,0.02232519424927068
iemocap,20260921,3,0.75,arousal,kshot_relative,0.3605216097750911
iemocap,20260921,3,0.75,dominance,kshot_relative,0.25325632761127204
iemocap,20260921,3,0.75,valence,kshot_hybrid,0.02659068500682173
iemocap,20260921,3,0.75,arousal,kshot_hybrid,0.3935847284947398
iemocap,20260921,3,0.75,dominance,kshot_hybrid,0.2821141719963343
iemocap,20260921,3,1.0,valence,absolute,0.02716586673606771
iemocap,20260921,3,1.0,arousal,absolute,0.34038172697319596
iemocap,20260921,3,1.0,dominance,absolute,0.2731556920730185
iemocap,20260921,3,1.0,valence,kshot_relative,0.021676473564217504
iemocap,20260921,3,1.0,arousal,kshot_relative,0.3513933584980602
iemocap,20260921,3,1.0,dominance,kshot_relative,0.24639003767188347
iemocap,20260921,3,1.0,valence,kshot_hybrid,0.026918846698645107
iemocap,20260921,3,1.0,arousal,kshot_hybrid,0.38809560118956943
iemocap,20260921,3,1.0,dominance,kshot_hybrid,0.2793688533758161
iemocap,20260921,4,0.0,valence,absolute,0.03790643962834829
iemocap,20260921,4,0.0,arousal,absolute,0.3761112109018686
iemocap,20260921,4,0.0,dominance,absolute,0.28751438028602744
iemocap,20260921,4,0.0,valence,kshot_relative,0.03904060060374506
iemocap,20260921,4,0.0,arousal,kshot_relative,0.45689571332420625
iemocap,20260921,4,0.0,dominance,kshot_relative,0.3062985996977445
iemocap,20260921,4,0.0,valence,kshot_hybrid,0.0398590863462739
iemocap,20260921,4,0.0,arousal,kshot_hybrid,0.4625897583379793
iemocap,20260921,4,0.0,dominance,kshot_hybrid,0.31493763585608614
iemocap,20260921,4,0.25,valence,absolute,0.03776127881847794
iemocap,20260921,4,0.25,arousal,absolute,0.3792414334278045
iemocap,20260921,4,0.25,dominance,absolute,0.29267637154423204
iemocap,20260921,4,0.25,valence,kshot_relative,0.03844211975759694
iemocap,20260921,4,0.25,arousal,kshot_relative,0.4640423685350397
iemocap,20260921,4,0.25,dominance,kshot_relative,0.3111099614569896
iemocap,20260921,4,0.25,valence,kshot_hybrid,0.03917937574148904
iemocap,20260921,4,0.25,arousal,kshot_hybrid,0.48067226124364376
iemocap,20260921,4,0.25,dominance,kshot_hybrid,0.32504627278327936
iemocap,20260921,4,0.5,valence,absolute,0.03737953166486156
iemocap,20260921,4,0.5,arousal,absolute,0.3803539008556688
iemocap,20260921,4,0.5,dominance,absolute,0.29717918543326083
iemocap,20260921,4,0.5,valence,kshot_relative,0.037817322776835534
iemocap,20260921,4,0.5,arousal,kshot_relative,0.46928332656771654
iemocap,20260921,4,0.5,dominance,kshot_relative,0.3155316571444868
iemocap,20260921,4,0.5,valence,kshot_hybrid,0.037574903331180604
iemocap,20260921,4,0.5,arousal,kshot_hybrid,0.4762612422813508
iemocap,20260921,4,0.5,dominance,kshot_hybrid,0.3305282736631687
iemocap,20260921,4,0.75,valence,absolute,0.03676211366026875
iemocap,20260921,4,0.75,arousal,absolute,0.37951184542460387
iemocap,20260921,4,0.75,dominance,absolute,0.3010150714593322
iemocap,20260921,4,0.75,valence,kshot_relative,0.03716641452447712
iemocap,20260921,4,0.75,arousal,kshot_relative,0.4725536151596557
iemocap,20260921,4,0.75,dominance,kshot_relative,0.3195520608693486
iemocap,20260921,4,0.75,valence,kshot_hybrid,0.03505312549932349
iemocap,20260921,4,0.75,arousal,kshot_hybrid,0.450878735186414
iemocap,20260921,4,0.75,dominance,kshot_hybrid,0.33112272174962315
iemocap,20260921,4,1.0,valence,absolute,0.0359106534755184
iemocap,20260921,4,1.0,arousal,absolute,0.37678874732185985
iemocap,20260921,4,1.0,dominance,absolute,0.30418460737696207
iemocap,20260921,4,1.0,valence,kshot_relative,0.036490504760487055
iemocap,20260921,4,1.0,arousal,kshot_relative,0.4738129810106622
iemocap,20260921,4,1.0,dominance,kshot_relative,0.32314857916677514
iemocap,20260921,4,1.0,valence,kshot_hybrid,0.03162865755600743
iemocap,20260921,4,1.0,arousal,kshot_hybrid,0.4109268749736587
iemocap,20260921,4,1.0,dominance,kshot_hybrid,0.32724476533506175
iemocap,20260922,0,0.0,valence,absolute,0.04246798937390731
iemocap,20260922,0,0.0,arousal,absolute,0.37560641148004964
iemocap,20260922,0,0.0,dominance,absolute,0.3198185120751092
iemocap,20260922,0,0.0,valence,kshot_relative,0.04140842221710651
iemocap,20260922,0,0.0,arousal,kshot_relative,0.4457788112181432
iemocap,20260922,0,0.0,dominance,kshot_relative,0.3357377093907276
iemocap,20260922,0,0.0,valence,kshot_hybrid,0.043272193560312464
iemocap,20260922,0,0.0,arousal,kshot_hybrid,0.46332308110263254
iemocap,20260922,0,0.0,dominance,kshot_hybrid,0.34830791283562834
iemocap,20260922,0,0.25,valence,absolute,0.04189111594819832
iemocap,20260922,0,0.25,arousal,absolute,0.3774365661190104
iemocap,20260922,0,0.25,dominance,absolute,0.32533147322080963
iemocap,20260922,0,0.25,valence,kshot_relative,0.04074054361430055
iemocap,20260922,0,0.25,arousal,kshot_relative,0.4524241625459949
iemocap,20260922,0,0.25,dominance,kshot_relative,0.33954267924227743
iemocap,20260922,0,0.25,valence,kshot_hybrid,0.04263903495752877
iemocap,20260922,0,0.25,arousal,kshot_hybrid,0.4691200339893469
iemocap,20260922,0,0.25,dominance,kshot_hybrid,0.35409537816614517
iemocap,20260922,0,0.5,valence,absolute,0.04131552946153867
iemocap,20260922,0,0.5,arousal,absolute,0.3752418690201563
iemocap,20260922,0,0.5,dominance,absolute,0.32917453219279297
iemocap,20260922,0,0.5,valence,kshot_relative,0.04005101577929872
iemocap,20260922,0,0.5,arousal,kshot_relative,0.45526912163731015
iemocap,20260922,0,0.5,dominance,kshot_relative,0.3419677986170875
iemocap,20260922,0,0.5,valence,kshot_hybrid,0.04113187194247567
iemocap,20260922,0,0.5,arousal,kshot_hybrid,0.47092661872216174
iemocap,20260922,0,0.5,dominance,kshot_hybrid,0.35894778886785816
iemocap,20260922,0,0.75,valence,absolute,0.040741645439404006
iemocap,20260922,0,0.75,arousal,absolute,0.3694339882197017
iemocap,20260922,0,0.75,dominance,absolute,0.33134570379064415
iemocap,20260922,0,0.75,valence,kshot_relative,0.039340407870425066
iemocap,20260922,0,0.75,arousal,kshot_relative,0.45418447015110336
iemocap,20260922,0,0.75,dominance,kshot_relative,0.3429722989116408
iemocap,20260922,0,0.75,valence,kshot_hybrid,0.038764191858169664
iemocap,20260922,0,0.75,arousal,kshot_hybrid,0.46877408713571345
iemocap,20260922,0,0.75,dominance,kshot_hybrid,0.36281975575065256
iemocap,20260922,0,1.0,valence,absolute,0.040169757630037474
iemocap,20260922,0,1.0,arousal,absolute,0.36049641313073255
iemocap,20260922,0,1.0,dominance,absolute,0.3318853344365102
iemocap,20260922,0,1.0,valence,kshot_relative,0.03860907953083212
iemocap,20260922,0,1.0,arousal,kshot_relative,0.4492417422119319
iemocap,20260922,0,1.0,dominance,kshot_relative,0.3425474225241201
iemocap,20260922,0,1.0,valence,kshot_hybrid,0.03555794698527593
iemocap,20260922,0,1.0,arousal,kshot_hybrid,0.46286578936350353
iemocap,20260922,0,1.0,dominance,kshot_hybrid,0.3656872674981925
iemocap,20260922,1,0.0,valence,absolute,0.025010328337180556
iemocap,20260922,1,0.0,arousal,absolute,0.2972736280290009
iemocap,20260922,1,0.0,dominance,absolute,0.2405054706731105
iemocap,20260922,1,0.0,valence,kshot_relative,0.024217243947144914
iemocap,20260922,1,0.0,arousal,kshot_relative,0.37337939895797073
iemocap,20260922,1,0.0,dominance,kshot_relative,0.2594889068476109
iemocap,20260922,1,0.0,valence,kshot_hybrid,0.025847257494898336
iemocap,20260922,1,0.0,arousal,kshot_hybrid,0.38208292806471833
iemocap,20260922,1,0.0,dominance,kshot_hybrid,0.2658853155598409
iemocap,20260922,1,0.25,valence,absolute,0.02556231829253949
iemocap,20260922,1,0.25,arousal,absolute,0.3109770881462041
iemocap,20260922,1,0.25,dominance,absolute,0.2519061753148533
iemocap,20260922,1,0.25,valence,kshot_relative,0.023595821666991257
iemocap,20260922,1,0.25,arousal,kshot_relative,0.3718235360309129
iemocap,20260922,1,0.25,dominance,kshot_relative,0.2600952701993422
iemocap,20260922,1,0.25,valence,kshot_hybrid,0.026053502864831185
iemocap,20260922,1,0.25,arousal,kshot_hybrid,0.3906917682943687
iemocap,20260922,1,0.25,dominance,kshot_hybrid,0.2754649924498235
iemocap,20260922,1,0.5,valence,absolute,0.026106060288339523
iemocap,20260922,1,0.5,arousal,absolute,0.32300009922413075
iemocap,20260922,1,0.5,dominance,absolute,0.26133053146883334
iemocap,20260922,1,0.5,valence,kshot_relative,0.022965083830309888
iemocap,20260922,1,0.5,arousal,kshot_relative,0.3674341631164913
iemocap,20260922,1,0.5,dominance,kshot_relative,0.2579380594606717
iemocap,20260922,1,0.5,valence,kshot_hybrid,0.026301844625092812
iemocap,20260922,1,0.5,arousal,kshot_hybrid,0.3945480210419181
iemocap,20260922,1,0.5,dominance,kshot_hybrid,0.2809186417418043
iemocap,20260922,1,0.75,valence,absolute,0.026640722243211457
iemocap,20260922,1,0.75,arousal,absolute,0.332889953157362
iemocap,20260922,1,0.75,dominance,absolute,0.2684754716991697
iemocap,20260922,1,0.75,valence,kshot_relative,0.02232519424927068
iemocap,20260922,1,0.75,arousal,kshot_relative,0.3605216097750911
iemocap,20260922,1,0.75,dominance,kshot_relative,0.25325632761127204
iemocap,20260922,1,0.75,valence,kshot_hybrid,0.02659068500682173
iemocap,20260922,1,0.75,arousal,kshot_hybrid,0.3935847284947398
iemocap,20260922,1,0.75,dominance,kshot_hybrid,0.2821141719963343
iemocap,20260922,1,1.0,valence,absolute,0.02716586673606771
iemocap,20260922,1,1.0,arousal,absolute,0.34038172697319596
iemocap,20260922,1,1.0,dominance,absolute,0.2731556920730185
iemocap,20260922,1,1.0,valence,kshot_relative,0.021676473564217504
iemocap,20260922,1,1.0,arousal,kshot_relative,0.3513933584980602
iemocap,20260922,1,1.0,dominance,kshot_relative,0.24639003767188347
iemocap,20260922,1,1.0,valence,kshot_hybrid,0.026918846698645107
iemocap,20260922,1,1.0,arousal,kshot_hybrid,0.38809560118956943
iemocap,20260922,1,1.0,dominance,kshot_hybrid,0.2793688533758161
iemocap,20260922,2,0.0,valence,absolute,0.0307239149554076
iemocap,20260922,2,0.0,arousal,absolute,0.319181326193796
iemocap,20260922,2,0.0,dominance,absolute,0.18660874934971422
iemocap,20260922,2,0.0,valence,kshot_relative,0.031429543972729075
iemocap,20260922,2,0.0,arousal,kshot_relative,0.40586623801178423
iemocap,20260922,2,0.0,dominance,kshot_relative,0.19684051489999255
iemocap,20260922,2,0.0,valence,kshot_hybrid,0.03247922392736373
iemocap,20260922,2,0.0,arousal,kshot_hybrid,0.4258677698622829
iemocap,20260922,2,0.0,dominance,kshot_hybrid,0.20401047012859166
iemocap,20260922,2,0.25,valence,absolute,0.031359477398591754
iemocap,20260922,2,0.25,arousal,absolute,0.31986641612895456
iemocap,20260922,2,0.25,dominance,absolute,0.18971669847402806
iemocap,20260922,2,0.25,valence,kshot_relative,0.03005647008999517
iemocap,20260922,2,0.25,arousal,kshot_relative,0.40850947575268975
iemocap,20260922,2,0.25,dominance,kshot_relative,0.1970556608265016
iemocap,20260922,2,0.25,valence,kshot_hybrid,0.03234346860680749
iemocap,20260922,2,0.25,arousal,kshot_hybrid,0.43527408329197137
iemocap,20260922,2,0.25,dominance,kshot_hybrid,0.20760362244160924
iemocap,20260922,2,0.5,valence,absolute,0.03196864021060531
iemocap,20260922,2,0.5,arousal,absolute,0.3169269050313012
iemocap,20260922,2,0.5,dominance,absolute,0.1918573688364762
iemocap,20260922,2,0.5,valence,kshot_relative,0.02864286053168803
iemocap,20260922,2,0.5,arousal,kshot_relative,0.4071326416902316
iemocap,20260922,2,0.5,dominance,kshot_relative,0.1966547680200043
iemocap,20260922,2,0.5,valence,kshot_hybrid,0.03248552215188738
iemocap,20260922,2,0.5,arousal,kshot_hybrid,0.4387393285672602
iemocap,20260922,2,0.5,dominance,kshot_hybrid,0.2118738392632457
iemocap,20260922,2,0.75,valence,absolute,0.03254862040754759
iemocap,20260922,2,0.75,arousal,absolute,0.3110777471165399
iemocap,20260922,2,0.75,dominance,absolute,0.19310390680658768
iemocap,20260922,2,0.75,valence,kshot_relative,0.027196725993434753
iemocap,20260922,2,0.75,arousal,kshot_relative,0.40162511719556265
iemocap,20260922,2,0.75,dominance,kshot_relative,0.19560949817993192
iemocap,20260922,2,0.75,valence,kshot_hybrid,0.0329038441781297
iemocap,20260922,2,0.75,arousal,kshot_hybrid,0.4360479275292633
iemocap,20260922,2,0.75,dominance,kshot_hybrid,0.21672900769294212
iemocap,20260922,2,1.0,valence,absolute,0.03309645004593319
iemocap,20260922,2,1.0,arousal,absolute,0.30301368514164084
iemocap,20260922,2,1.0,dominance,absolute,0.19347520679614322
iemocap,20260922,2,1.0,valence,kshot_relative,0.02572581226390123
iemocap,20260922,2,1.0,arousal,kshot_relative,0.3921221428415666
iemocap,20260922,2,1.0,dominance,kshot_relative,0.19394437207416412
iemocap,20260922,2,1.0,valence,kshot_hybrid,0.03359486416448938
iemocap,20260922,2,1.0,arousal,kshot_hybrid,0.42772026797379886
iemocap,20260922,2,1.0,dominance,kshot_hybrid,0.22206624538364525
iemocap,20260922,3,0.0,valence,absolute,0.03399142578671503
iemocap,20260922,3,0.0,arousal,absolute,0.4172208515593652
iemocap,20260922,3,0.0,dominance,absolute,0.3231811907080606
iemocap,20260922,3,0.0,valence,kshot_relative,0.03214126994547767
iemocap,20260922,3,0.0,arousal,kshot_relative,0.4744056184089619
iemocap,20260922,3,0.0,dominance,kshot_relative,0.3323154559385458
iemocap,20260922,3,0.0,valence,kshot_hybrid,0.03375332530045036
iemocap,20260922,3,0.0,arousal,kshot_hybrid,0.4689467443877543
iemocap,20260922,3,0.0,dominance,kshot_hybrid,0.33962076620947373
iemocap,20260922,3,0.25,valence,absolute,0.03409398098444346
iemocap,20260922,3,0.25,arousal,absolute,0.4327486698091733
iemocap,20260922,3,0.25,dominance,absolute,0.3285187132413312
iemocap,20260922,3,0.25,valence,kshot_relative,0.031664787975433234
iemocap,20260922,3,0.25,arousal,kshot_relative,0.4789893213915947
iemocap,20260922,3,0.25,dominance,kshot_relative,0.3333116681076444
iemocap,20260922,3,0.25,valence,kshot_hybrid,0.03410981646466557
iemocap,20260922,3,0.25,arousal,kshot_hybrid,0.49092412466297697
iemocap,20260922,3,0.25,dominance,kshot_hybrid,0.34626812672937
iemocap,20260922,3,0.5,valence,absolute,0.03426128349661201
iemocap,20260922,3,0.5,arousal,absolute,0.44616956159447285
iemocap,20260922,3,0.5,dominance,absolute,0.33348850728837476
iemocap,20260922,3,0.5,valence,kshot_relative,0.031096303419043965
iemocap,20260922,3,0.5,arousal,kshot_relative,0.48235028306984795
iemocap,20260922,3,0.5,dominance,kshot_relative,0.33393088068941434
iemocap,20260922,3,0.5,valence,kshot_hybrid,0.03475498708592886
iemocap,20260922,3,0.5,arousal,kshot_hybrid,0.49259608673951855
iemocap,20260922,3,0.5,dominance,kshot_hybrid,0.3494505445241613
iemocap,20260922,3,0.75,valence,absolute,0.03449131061667439
iemocap,20260922,3,0.75,arousal,absolute,0.45747642567458335
iemocap,20260922,3,0.75,dominance,absolute,0.3380674636899186
iemocap,20260922,3,0.75,valence,kshot_relative,0.030443112017228484
iemocap,20260922,3,0.75,arousal,kshot_relative,0.4844957430756647
iemocap,20260922,3,0.75,dominance,kshot_relative,0.334204821131799
iemocap,20260922,3,0.75,valence,kshot_hybrid,0.03568030935601022
iemocap,20260922,3,0.75,arousal,kshot_hybrid,0.47352991260535116
iemocap,20260922,3,0.75,dominance,kshot_hybrid,0.349042261411425
iemocap,20260922,3,1.0,valence,absolute,0.03478128638553295
iemocap,20260922,3,1.0,arousal,absolute,0.46661847829752684
iemocap,20260922,3,1.0,dominance,absolute,0.3422582824170668
iemocap,20260922,3,1.0,valence,kshot_relative,0.02971298979433423
iemocap,20260922,3,1.0,arousal,kshot_relative,0.4854481603290006
iemocap,20260922,3,1.0,dominance,kshot_relative,0.33410636745371314
iemocap,20260922,3,1.0,valence,kshot_hybrid,0.03687320331553468
iemocap,20260922,3,1.0,arousal,kshot_hybrid,0.4355056812173127
iemocap,20260922,3,1.0,dominance,kshot_hybrid,0.3452108512895727
iemocap,20260922,4,0.0,valence,absolute,0.02718530278543325
iemocap,20260922,4,0.0,arousal,absolute,0.4433812076059342
iemocap,20260922,4,0.0,dominance,absolute,0.33508258833419957
iemocap,20260922,4,0.0,valence,kshot_relative,0.028170826380252055
iemocap,20260922,4,0.0,arousal,kshot_relative,0.5426542145489673
iemocap,20260922,4,0.0,dominance,kshot_relative,0.360303973290528
iemocap,20260922,4,0.0,valence,kshot_hybrid,0.02881692942623733
iemocap,20260922,4,0.0,arousal,kshot_hybrid,0.5548682157663203
iemocap,20260922,4,0.0,dominance,kshot_hybrid,0.37542174891963287
iemocap,20260922,4,0.25,valence,absolute,0.026908311857238416
iemocap,20260922,4,0.25,arousal,absolute,0.4512899669933023
iemocap,20260922,4,0.25,dominance,absolute,0.3401306698349888
iemocap,20260922,4,0.25,valence,kshot_relative,0.02786142733970476
iemocap,20260922,4,0.25,arousal,kshot_relative,0.5508509599548773
iemocap,20260922,4,0.25,dominance,kshot_relative,0.37088895582768155
iemocap,20260922,4,0.25,valence,kshot_hybrid,0.02872973525340895
iemocap,20260922,4,0.25,arousal,kshot_hybrid,0.562017800813695
iemocap,20260922,4,0.25,dominance,kshot_hybrid,0.3874814414811661
iemocap,20260922,4,0.5,valence,absolute,0.02662308886660574
iemocap,20260922,4,0.5,arousal,absolute,0.4583707191244401
iemocap,20260922,4,0.5,dominance,absolute,0.3391629859805769
iemocap,20260922,4,0.5,valence,kshot_relative,0.027543330881283336
iemocap,20260922,4,0.5,arousal,kshot_relative,0.5579838918852
iemocap,20260922,4,0.5,dominance,kshot_relative,0.37493144270252327
iemocap,20260922,4,0.5,valence,kshot_hybrid,0.028640441269220253
iemocap,20260922,4,0.5,arousal,kshot_hybrid,0.5685090504798591
iemocap,20260922,4,0.5,dominance,kshot_hybrid,0.3934942431744193
iemocap,20260922,4,0.75,valence,absolute,0.026329805765655377
iemocap,20260922,4,0.75,arousal,absolute,0.46453322320311813
iemocap,20260922,4,0.75,dominance,absolute,0.33251431698010453
iemocap,20260922,4,0.75,valence,kshot_relative,0.0272160233162161
iemocap,20260922,4,0.75,arousal,kshot_relative,0.5640529609429392
iemocap,20260922,4,0.75,dominance,kshot_relative,0.37287301695621433
iemocap,20260922,4,0.75,valence,kshot_hybrid,0.028548695535363523
iemocap,20260922,4,0.75,arousal,kshot_hybrid,0.5743147367481533
iemocap,20260922,4,0.75,dominance,kshot_hybrid,0.39358918026302103
iemocap,20260922,4,1.0,valence,absolute,0.026028494817059725
iemocap,20260922,4,1.0,arousal,absolute,0.4697455480926245
iemocap,20260922,4,1.0,dominance,absolute,0.3210576209357827
iemocap,20260922,4,1.0,valence,kshot_relative,0.026879978019648434
iemocap,20260922,4,1.0,arousal,kshot_relative,0.5690640035774669
iemocap,20260922,4,1.0,dominance,kshot_relative,0.36561534340732615
iemocap,20260922,4,1.0,valence,kshot_hybrid,0.02845472465031867
iemocap,20260922,4,1.0,arousal,kshot_hybrid,0.5794452142081267
iemocap,20260922,4,1.0,dominance,kshot_hybrid,0.38828095138551516
