seed,fold,K,train_rows,test_rows,train_speakers,test_speakers,speaker_overlap,reserve_eval_overlap,test_row_sha256
20260920,0,1,104290,20939,707,177,0,0,ad719c8f7d3cb207fec11c9eb5a99d249223b8b716f7e0f6424ff6f58b4c6391
20260920,1,1,100752,24477,707,177,0,0,beaf120a6b8188d83e0da7fe1fb959c73f6825e31fc2df37a5d5a992fa2c5d66
20260920,2,1,100037,25192,707,177,0,0,fb7df369f630d4602b35fd5fbbde13772e14c397773e225b38d332e0527333d1
20260920,3,1,98116,27113,707,177,0,0,13a6367092e2a4db9579efbf429526e3bd4525db5cb414b3ed21f8cf1afe0ba3
20260920,4,1,97721,27508,708,176,0,0,c0129e37b616223511dc24d65ed244828049008dfd98225b48a531cea0ddb12c
20260920,0,2,104290,20939,707,177,0,0,ad719c8f7d3cb207fec11c9eb5a99d249223b8b716f7e0f6424ff6f58b4c6391
20260920,1,2,100752,24477,707,177,0,0,beaf120a6b8188d83e0da7fe1fb959c73f6825e31fc2df37a5d5a992fa2c5d66
20260920,2,2,100037,25192,707,177,0,0,fb7df369f630d4602b35fd5fbbde13772e14c397773e225b38d332e0527333d1
20260920,3,2,98116,27113,707,177,0,0,13a6367092e2a4db9579efbf429526e3bd4525db5cb414b3ed21f8cf1afe0ba3
20260920,4,2,97721,27508,708,176,0,0,c0129e37b616223511dc24d65ed244828049008dfd98225b48a531cea0ddb12c
20260920,0,5,104290,20939,707,177,0,0,ad719c8f7d3cb207fec11c9eb5a99d249223b8b716f7e0f6424ff6f58b4c6391
20260920,1,5,100752,24477,707,177,0,0,beaf120a6b8188d83e0da7fe1fb959c73f6825e31fc2df37a5d5a992fa2c5d66
20260920,2,5,100037,25192,707,177,0,0,fb7df369f630d4602b35fd5fbbde13772e14c397773e225b38d332e0527333d1
20260920,3,5,98116,27113,707,177,0,0,13a6367092e2a4db9579efbf429526e3bd4525db5cb414b3ed21f8cf1afe0ba3
20260920,4,5,97721,27508,708,176,0,0,c0129e37b616223511dc24d65ed244828049008dfd98225b48a531cea0ddb12c
20260920,0,10,104290,20939,707,177,0,0,ad719c8f7d3cb207fec11c9eb5a99d249223b8b716f7e0f6424ff6f58b4c6391
20260920,1,10,100752,24477,707,177,0,0,beaf120a6b8188d83e0da7fe1fb959c73f6825e31fc2df37a5d5a992fa2c5d66
20260920,2,10,100037,25192,707,177,0,0,fb7df369f630d4602b35fd5fbbde13772e14c397773e225b38d332e0527333d1
20260920,3,10,98116,27113,707,177,0,0,13a6367092e2a4db9579efbf429526e3bd4525db5cb414b3ed21f8cf1afe0ba3
20260920,4,10,97721,27508,708,176,0,0,c0129e37b616223511dc24d65ed244828049008dfd98225b48a531cea0ddb12c
20260920,0,20,104290,20939,707,177,0,0,ad719c8f7d3cb207fec11c9eb5a99d249223b8b716f7e0f6424ff6f58b4c6391
20260920,1,20,100752,24477,707,177,0,0,beaf120a6b8188d83e0da7fe1fb959c73f6825e31fc2df37a5d5a992fa2c5d66
20260920,2,20,100037,25192,707,177,0,0,fb7df369f630d4602b35fd5fbbde13772e14c397773e225b38d332e0527333d1
20260920,3,20,98116,27113,707,177,0,0,13a6367092e2a4db9579efbf429526e3bd4525db5cb414b3ed21f8cf1afe0ba3
20260920,4,20,97721,27508,708,176,0,0,c0129e37b616223511dc24d65ed244828049008dfd98225b48a531cea0ddb12c
20260920,0,50,104290,20939,707,177,0,0,ad719c8f7d3cb207fec11c9eb5a99d249223b8b716f7e0f6424ff6f58b4c6391
20260920,1,50,100752,24477,707,177,0,0,beaf120a6b8188d83e0da7fe1fb959c73f6825e31fc2df37a5d5a992fa2c5d66
20260920,2,50,100037,25192,707,177,0,0,fb7df369f630d4602b35fd5fbbde13772e14c397773e225b38d332e0527333d1
20260920,3,50,98116,27113,707,177,0,0,13a6367092e2a4db9579efbf429526e3bd4525db5cb414b3ed21f8cf1afe0ba3
20260920,4,50,97721,27508,708,176,0,0,c0129e37b616223511dc24d65ed244828049008dfd98225b48a531cea0ddb12c
20260921,0,1,100502,24727,707,177,0,0,35d55c4cbfb12049f050fa5463b781206e2dcd424efbc47a15715a5f4ae22817
20260921,1,1,105240,19989,707,177,0,0,57f2ae8a98663ff25c59618722c212e6de92379d29ac6e31c49e486988c97492
20260921,2,1,99715,25514,707,177,0,0,00af65676b97c5435ccbebdbaf26bd7f699fc20bf9adb3c54460c9a7f6849fc0
20260921,3,1,100307,24922,707,177,0,0,3fda7fa219040de555f980c109b1374ad338e29a7cfc22dc01b7edb498fac6de
20260921,4,1,95152,30077,708,176,0,0,48822ee4d9a4db1f488ae1402bff8422c6b0b9d795a4ef0febf0f92a3dd57718
20260921,0,2,100502,24727,707,177,0,0,35d55c4cbfb12049f050fa5463b781206e2dcd424efbc47a15715a5f4ae22817
20260921,1,2,105240,19989,707,177,0,0,57f2ae8a98663ff25c59618722c212e6de92379d29ac6e31c49e486988c97492
20260921,2,2,99715,25514,707,177,0,0,00af65676b97c5435ccbebdbaf26bd7f699fc20bf9adb3c54460c9a7f6849fc0
20260921,3,2,100307,24922,707,177,0,0,3fda7fa219040de555f980c109b1374ad338e29a7cfc22dc01b7edb498fac6de
20260921,4,2,95152,30077,708,176,0,0,48822ee4d9a4db1f488ae1402bff8422c6b0b9d795a4ef0febf0f92a3dd57718
20260921,0,5,100502,24727,707,177,0,0,35d55c4cbfb12049f050fa5463b781206e2dcd424efbc47a15715a5f4ae22817
20260921,1,5,105240,19989,707,177,0,0,57f2ae8a98663ff25c59618722c212e6de92379d29ac6e31c49e486988c97492
20260921,2,5,99715,25514,707,177,0,0,00af65676b97c5435ccbebdbaf26bd7f699fc20bf9adb3c54460c9a7f6849fc0
20260921,3,5,100307,24922,707,177,0,0,3fda7fa219040de555f980c109b1374ad338e29a7cfc22dc01b7edb498fac6de
20260921,4,5,95152,30077,708,176,0,0,48822ee4d9a4db1f488ae1402bff8422c6b0b9d795a4ef0febf0f92a3dd57718
20260921,0,10,100502,24727,707,177,0,0,35d55c4cbfb12049f050fa5463b781206e2dcd424efbc47a15715a5f4ae22817
20260921,1,10,105240,19989,707,177,0,0,57f2ae8a98663ff25c59618722c212e6de92379d29ac6e31c49e486988c97492
20260921,2,10,99715,25514,707,177,0,0,00af65676b97c5435ccbebdbaf26bd7f699fc20bf9adb3c54460c9a7f6849fc0
20260921,3,10,100307,24922,707,177,0,0,3fda7fa219040de555f980c109b1374ad338e29a7cfc22dc01b7edb498fac6de
20260921,4,10,95152,30077,708,176,0,0,48822ee4d9a4db1f488ae1402bff8422c6b0b9d795a4ef0febf0f92a3dd57718
20260921,0,20,100502,24727,707,177,0,0,35d55c4cbfb12049f050fa5463b781206e2dcd424efbc47a15715a5f4ae22817
20260921,1,20,105240,19989,707,177,0,0,57f2ae8a98663ff25c59618722c212e6de92379d29ac6e31c49e486988c97492
20260921,2,20,99715,25514,707,177,0,0,00af65676b97c5435ccbebdbaf26bd7f699fc20bf9adb3c54460c9a7f6849fc0
20260921,3,20,100307,24922,707,177,0,0,3fda7fa219040de555f980c109b1374ad338e29a7cfc22dc01b7edb498fac6de
20260921,4,20,95152,30077,708,176,0,0,48822ee4d9a4db1f488ae1402bff8422c6b0b9d795a4ef0febf0f92a3dd57718
20260921,0,50,100502,24727,707,177,0,0,35d55c4cbfb12049f050fa5463b781206e2dcd424efbc47a15715a5f4ae22817
20260921,1,50,105240,19989,707,177,0,0,57f2ae8a98663ff25c59618722c212e6de92379d29ac6e31c49e486988c97492
20260921,2,50,99715,25514,707,177,0,0,00af65676b97c5435ccbebdbaf26bd7f699fc20bf9adb3c54460c9a7f6849fc0
20260921,3,50,100307,24922,707,177,0,0,3fda7fa219040de555f980c109b1374ad338e29a7cfc22dc01b7edb498fac6de
20260921,4,50,95152,30077,708,176,0,0,48822ee4d9a4db1f488ae1402bff8422c6b0b9d795a4ef0febf0f92a3dd57718
20260922,0,1,102526,22703,707,177,0,0,ce9e7d24ab927c15e4aa6b68851ab91af14d1509b4fac724308a7a8878cd10a4
20260922,1,1,102702,22527,707,177,0,0,a683f98fad7f69b9cd237cb481cfe72dbf0b8a4029298b81af9feb98298052ad
20260922,2,1,102733,22496,707,177,0,0,7e08ea8925a138f89ed5de475a834f12df84a5c137510fdbfa17aa131a143d5e
20260922,3,1,94681,30548,707,177,0,0,f0dd7d420fa4306b69ce18bfa46c20efc4373b876af4771cbb444b6af4e422d8
20260922,4,1,98274,26955,708,176,0,0,0b17a59173b5db2a214cd6926438da5bc099e114443afc3b3bc356f9026b0942
20260922,0,2,102526,22703,707,177,0,0,ce9e7d24ab927c15e4aa6b68851ab91af14d1509b4fac724308a7a8878cd10a4
20260922,1,2,102702,22527,707,177,0,0,a683f98fad7f69b9cd237cb481cfe72dbf0b8a4029298b81af9feb98298052ad
20260922,2,2,102733,22496,707,177,0,0,7e08ea8925a138f89ed5de475a834f12df84a5c137510fdbfa17aa131a143d5e
20260922,3,2,94681,30548,707,177,0,0,f0dd7d420fa4306b69ce18bfa46c20efc4373b876af4771cbb444b6af4e422d8
20260922,4,2,98274,26955,708,176,0,0,0b17a59173b5db2a214cd6926438da5bc099e114443afc3b3bc356f9026b0942
20260922,0,5,102526,22703,707,177,0,0,ce9e7d24ab927c15e4aa6b68851ab91af14d1509b4fac724308a7a8878cd10a4
20260922,1,5,102702,22527,707,177,0,0,a683f98fad7f69b9cd237cb481cfe72dbf0b8a4029298b81af9feb98298052ad
20260922,2,5,102733,22496,707,177,0,0,7e08ea8925a138f89ed5de475a834f12df84a5c137510fdbfa17aa131a143d5e
20260922,3,5,94681,30548,707,177,0,0,f0dd7d420fa4306b69ce18bfa46c20efc4373b876af4771cbb444b6af4e422d8
20260922,4,5,98274,26955,708,176,0,0,0b17a59173b5db2a214cd6926438da5bc099e114443afc3b3bc356f9026b0942
20260922,0,10,102526,22703,707,177,0,0,ce9e7d24ab927c15e4aa6b68851ab91af14d1509b4fac724308a7a8878cd10a4
20260922,1,10,102702,22527,707,177,0,0,a683f98fad7f69b9cd237cb481cfe72dbf0b8a4029298b81af9feb98298052ad
20260922,2,10,102733,22496,707,177,0,0,7e08ea8925a138f89ed5de475a834f12df84a5c137510fdbfa17aa131a143d5e
20260922,3,10,94681,30548,707,177,0,0,f0dd7d420fa4306b69ce18bfa46c20efc4373b876af4771cbb444b6af4e422d8
20260922,4,10,98274,26955,708,176,0,0,0b17a59173b5db2a214cd6926438da5bc099e114443afc3b3bc356f9026b0942
20260922,0,20,102526,22703,707,177,0,0,ce9e7d24ab927c15e4aa6b68851ab91af14d1509b4fac724308a7a8878cd10a4
20260922,1,20,102702,22527,707,177,0,0,a683f98fad7f69b9cd237cb481cfe72dbf0b8a4029298b81af9feb98298052ad
20260922,2,20,102733,22496,707,177,0,0,7e08ea8925a138f89ed5de475a834f12df84a5c137510fdbfa17aa131a143d5e
20260922,3,20,94681,30548,707,177,0,0,f0dd7d420fa4306b69ce18bfa46c20efc4373b876af4771cbb444b6af4e422d8
20260922,4,20,98274,26955,708,176,0,0,0b17a59173b5db2a214cd6926438da5bc099e114443afc3b3bc356f9026b0942
20260922,0,50,102526,22703,707,177,0,0,ce9e7d24ab927c15e4aa6b68851ab91af14d1509b4fac724308a7a8878cd10a4
20260922,1,50,102702,22527,707,177,0,0,a683f98fad7f69b9cd237cb481cfe72dbf0b8a4029298b81af9feb98298052ad
20260922,2,50,102733,22496,707,177,0,0,7e08ea8925a138f89ed5de475a834f12df84a5c137510fdbfa17aa131a143d5e
20260922,3,50,94681,30548,707,177,0,0,f0dd7d420fa4306b69ce18bfa46c20efc4373b876af4771cbb444b6af4e422d8
20260922,4,50,98274,26955,708,176,0,0,0b17a59173b5db2a214cd6926438da5bc099e114443afc3b3bc356f9026b0942
