seed,K,n_rows,selection_sha256,seed_key
20260920,1,884,73103db3f562d16038959d28cf83ec928d54066d1ffcbda5f035f9338ca745a1,4208890548
20260920,2,1768,9b6cbbb091b399bc928cabe0b27899e638067487161d91c67c78daae14074358,4208890548
20260920,5,4420,d3acc7ade8a6ace89650d295000ec6dd2fac8b38641a5307be84f79b7276de65,4208890548
20260920,10,8840,5c46bde4dfd38f726f0b4d1a80cbab562b059cb09fda05c9c6e17114f84273b2,4208890548
20260920,20,17680,b815919dc7ab3c05fe7e9a4a9dfeb39614673e87650255edacd646c9a5e2bd4c,4208890548
20260920,50,44200,da148d1e456830d8ad465fada6b24eaefce32e223426a19e5a899cf61fc331a2,4208890548
20260921,1,884,0377b0cc730be4f872a6ee50e8f19239f3028d55a72088f6883d60a5bc7aacad,3085542969
20260921,2,1768,705e0a87ad37ba32d8ae66ff5f59d2cd1962adbbf409f9e871a791dcf66dc2f2,3085542969
20260921,5,4420,9a65f457641413e35bc7926205c88a0a54c42a036aad9f86e9ceb330d40bcd14,3085542969
20260921,10,8840,93e371a5ee4d2814d0a64147e12319f383c3460442ef2a989e81bc7a8584f2be,3085542969
20260921,20,17680,2d98667bb802cf546f3938d1022d79df6ca4aeb2dcd70f397e276b70c477066c,3085542969
20260921,50,44200,efef5e2df4e1ea47f13f93f3f24c3ecb0198e4b1545e327e7cb64865f70cd981,3085542969
20260922,1,884,6c1690da669e6e58876a5e6b61d6f3ab30f697ff287aacdd6d8e70bb2ed9a75a,2600728800
20260922,2,1768,6c0d0f60cbc994337c5270c12deb5f120c16b7f9f1347bff651ddc69805ba04f,2600728800
20260922,5,4420,297242ca63685ff77aca39a3bb7776b3249f461ab7808fa7e7eecb30edb0a7ee,2600728800
20260922,10,8840,f2a1d2ac245f4a3b1257dce4253fd7014554ffde8d7b9926727be32e3dc18f78,2600728800
20260922,20,17680,59041e2ca2f02c1917e16fdf59b7abe387b317db62cfcf2278d146ef36a5942d,2600728800
20260922,50,44200,cfe4a9624579996deabf521ef44b39fe68c6d3b1b283f2a801e7c8fd9deca169,2600728800
