K,target,representation,ccc_mean,ccc_std,n_eval
1,arousal,absolute,0.5243629123243555,0.025353223032191084,15
1,arousal,kshot_hybrid,0.53212928601311,0.027334609732925393,15
1,arousal,marginal_oracle_hybrid,0.5760525836120798,0.026938061700999848,15
1,dominance,absolute,0.4209403147614282,0.026849423612278798,15
1,dominance,kshot_hybrid,0.4279988428836713,0.02844263156836679,15
1,dominance,marginal_oracle_hybrid,0.46566161446793064,0.025428282968454282,15
2,arousal,absolute,0.5243629123243555,0.025353223032191084,15
2,arousal,kshot_hybrid,0.5386813975985347,0.027718491719324254,15
2,arousal,marginal_oracle_hybrid,0.5760525836120798,0.026938061700999848,15
2,dominance,absolute,0.4209403147614282,0.026849423612278798,15
2,dominance,kshot_hybrid,0.43393372224758225,0.028125100142866007,15
2,dominance,marginal_oracle_hybrid,0.46566161446793064,0.025428282968454282,15
5,arousal,absolute,0.5243629123243555,0.025353223032191084,15
5,arousal,kshot_hybrid,0.5469765336103776,0.02735568189917595,15
5,arousal,marginal_oracle_hybrid,0.5760525836120798,0.026938061700999848,15
5,dominance,absolute,0.4209403147614282,0.026849423612278798,15
5,dominance,kshot_hybrid,0.44030080212006806,0.027438798226672216,15
5,dominance,marginal_oracle_hybrid,0.46566161446793064,0.025428282968454282,15
10,arousal,absolute,0.5243629123243555,0.025353223032191084,15
10,arousal,kshot_hybrid,0.5560698310938474,0.026874141998960262,15
10,arousal,marginal_oracle_hybrid,0.5760525836120798,0.026938061700999848,15
10,dominance,absolute,0.4209403147614282,0.026849423612278798,15
10,dominance,kshot_hybrid,0.44857015691121543,0.02610831088690159,15
10,dominance,marginal_oracle_hybrid,0.46566161446793064,0.025428282968454282,15
20,arousal,absolute,0.5243629123243555,0.025353223032191084,15
20,arousal,kshot_hybrid,0.5660121198695585,0.02597834888824892,15
20,arousal,marginal_oracle_hybrid,0.5760525836120798,0.026938061700999848,15
20,dominance,absolute,0.4209403147614282,0.026849423612278798,15
20,dominance,kshot_hybrid,0.4564182024288831,0.024843173961614895,15
20,dominance,marginal_oracle_hybrid,0.46566161446793064,0.025428282968454282,15
50,arousal,absolute,0.5243629123243555,0.025353223032191084,15
50,arousal,kshot_hybrid,0.5732829933403892,0.025981244650070318,15
50,arousal,marginal_oracle_hybrid,0.5760525836120798,0.026938061700999848,15
50,dominance,absolute,0.4209403147614282,0.026849423612278798,15
50,dominance,kshot_hybrid,0.462608573785059,0.025300583929735224,15
50,dominance,marginal_oracle_hybrid,0.46566161446793064,0.025428282968454282,15
